latitude[deg], longitude[deg], depth[km], length[km], width[km], strike[deg], dip[deg]
37.9947283893003	-118.564440090333	0.376532784254104	0.840336134453782	0.869565217391304	90.0	60.0
37.9868944341225	-118.564380068795	1.12959835276231	0.840336134453782	0.869565217391304	90.0	60.0
37.9790604683318	-118.564320070526	1.88266392127052	0.840336134453782	0.869565217391304	90.0	60.0
37.9712264919289	-118.564260095515	2.63572948977873	0.840336134453782	0.869565217391304	90.0	60.0
37.9633925049146	-118.564200143753	3.38879505828693	0.840336134453782	0.869565217391304	90.0	60.0
37.9555585072896	-118.564140215230	4.14186062679514	0.840336134453782	0.869565217391304	90.0	60.0
37.9477244990546	-118.564080309937	4.89492619530335	0.840336134453782	0.869565217391304	90.0	60.0
37.9398904802105	-118.564020427863	5.64799176381156	0.840336134453782	0.869565217391304	90.0	60.0
37.9320564507578	-118.563960569000	6.40105733231976	0.840336134453782	0.869565217391304	90.0	60.0
37.9242224106975	-118.563900733338	7.15412290082797	0.840336134453782	0.869565217391304	90.0	60.0
37.9163883600301	-118.563840920867	7.90718846933618	0.840336134453782	0.869565217391304	90.0	60.0
37.9085542987566	-118.563781131578	8.66025403784439	0.840336134453782	0.869565217391304	90.0	60.0
37.9007202268775	-118.563721365461	9.41331960635259	0.840336134453782	0.869565217391304	90.0	60.0
37.8928861443938	-118.563661622506	10.1663851748608	0.840336134453782	0.869565217391304	90.0	60.0
37.8850520513061	-118.563601902704	10.9194507433690	0.840336134453782	0.869565217391304	90.0	60.0
37.8772179476151	-118.563542206046	11.6725163118772	0.840336134453782	0.869565217391304	90.0	60.0
37.8693838333216	-118.563482532521	12.4255818803854	0.840336134453782	0.869565217391304	90.0	60.0
37.8615497084264	-118.563422882120	13.1786474488936	0.840336134453782	0.869565217391304	90.0	60.0
37.8537155729303	-118.563363254834	13.9317130174018	0.840336134453782	0.869565217391304	90.0	60.0
37.8458814268339	-118.563303650654	14.6847785859100	0.840336134453782	0.869565217391304	90.0	60.0
37.8380472701380	-118.563244069568	15.4378441544183	0.840336134453782	0.869565217391304	90.0	60.0
37.8302131028434	-118.563184511569	16.1909097229265	0.840336134453782	0.869565217391304	90.0	60.0
37.8223789249509	-118.563124976647	16.9439752914347	0.840336134453782	0.869565217391304	90.0	60.0
37.9947739119434	-118.554873537762	0.376532784254104	0.840336134453782	0.869565217391304	90.0	60.0
37.9869399440184	-118.554814533386	1.12959835276231	0.840336134453782	0.869565217391304	90.0	60.0
37.9791059654832	-118.554755551884	1.88266392127052	0.840336134453782	0.869565217391304	90.0	60.0
37.9712719763384	-118.554696593246	2.63572948977873	0.840336134453782	0.869565217391304	90.0	60.0
37.9634379765849	-118.554637657462	3.38879505828693	0.840336134453782	0.869565217391304	90.0	60.0
37.9556039662234	-118.554578744525	4.14186062679514	0.840336134453782	0.869565217391304	90.0	60.0
37.9477699452545	-118.554519854423	4.89492619530335	0.840336134453782	0.869565217391304	90.0	60.0
37.9399359136792	-118.554460987148	5.64799176381156	0.840336134453782	0.869565217391304	90.0	60.0
37.9321018714980	-118.554402142690	6.40105733231976	0.840336134453782	0.869565217391304	90.0	60.0
37.9242678187118	-118.554343321039	7.15412290082797	0.840336134453782	0.869565217391304	90.0	60.0
37.9164337553212	-118.554284522187	7.90718846933618	0.840336134453782	0.869565217391304	90.0	60.0
37.9085996813271	-118.554225746123	8.66025403784439	0.840336134453782	0.869565217391304	90.0	60.0
37.9007655967301	-118.554166992839	9.41331960635259	0.840336134453782	0.869565217391304	90.0	60.0
37.8929315015311	-118.554108262325	10.1663851748608	0.840336134453782	0.869565217391304	90.0	60.0
37.8850973957308	-118.554049554572	10.9194507433690	0.840336134453782	0.869565217391304	90.0	60.0
37.8772632793299	-118.553990869569	11.6725163118772	0.840336134453782	0.869565217391304	90.0	60.0
37.8694291523291	-118.553932207309	12.4255818803854	0.840336134453782	0.869565217391304	90.0	60.0
37.8615950147293	-118.553873567781	13.1786474488936	0.840336134453782	0.869565217391304	90.0	60.0
37.8537608665312	-118.553814950976	13.9317130174018	0.840336134453782	0.869565217391304	90.0	60.0
37.8459267077355	-118.553756356884	14.6847785859100	0.840336134453782	0.869565217391304	90.0	60.0
37.8380925383429	-118.553697785497	15.4378441544183	0.840336134453782	0.869565217391304	90.0	60.0
37.8302583583543	-118.553639236804	16.1909097229265	0.840336134453782	0.869565217391304	90.0	60.0
37.8224241677703	-118.553580710798	16.9439752914347	0.840336134453782	0.869565217391304	90.0	60.0
37.9948186565390	-118.545306973469	0.376532784254104	0.840336134453782	0.869565217391304	90.0	60.0
37.9869846760847	-118.545248986262	1.12959835276231	0.840336134453782	0.869565217391304	90.0	60.0
37.9791506850227	-118.545191021534	1.88266392127052	0.840336134453782	0.869565217391304	90.0	60.0
37.9713166833539	-118.545133079277	2.63572948977873	0.840336134453782	0.869565217391304	90.0	60.0
37.9634826710788	-118.545075159480	3.38879505828693	0.840336134453782	0.869565217391304	90.0	60.0
37.9556486481984	-118.545017262135	4.14186062679514	0.840336134453782	0.869565217391304	90.0	60.0
37.9478146147133	-118.544959387233	4.89492619530335	0.840336134453782	0.869565217391304	90.0	60.0
37.9399805706244	-118.544901534764	5.64799176381156	0.840336134453782	0.869565217391304	90.0	60.0
37.9321465159322	-118.544843704718	6.40105733231976	0.840336134453782	0.869565217391304	90.0	60.0
37.9243124506376	-118.544785897087	7.15412290082797	0.840336134453782	0.869565217391304	90.0	60.0
37.9164783747412	-118.544728111861	7.90718846933618	0.840336134453782	0.869565217391304	90.0	60.0
37.9086442882440	-118.544670349031	8.66025403784439	0.840336134453782	0.869565217391304	90.0	60.0
37.9008101911465	-118.544612608588	9.41331960635259	0.840336134453782	0.869565217391304	90.0	60.0
37.8929760834495	-118.544554890523	10.1663851748608	0.840336134453782	0.869565217391304	90.0	60.0
37.8851419651538	-118.544497194826	10.9194507433690	0.840336134453782	0.869565217391304	90.0	60.0
37.8773078362602	-118.544439521487	11.6725163118772	0.840336134453782	0.869565217391304	90.0	60.0
37.8694736967693	-118.544381870499	12.4255818803854	0.840336134453782	0.869565217391304	90.0	60.0
37.8616395466820	-118.544324241851	13.1786474488936	0.840336134453782	0.869565217391304	90.0	60.0
37.8538053859990	-118.544266635534	13.9317130174018	0.840336134453782	0.869565217391304	90.0	60.0
37.8459712147209	-118.544209051539	14.6847785859100	0.840336134453782	0.869565217391304	90.0	60.0
37.8381370328487	-118.544151489858	15.4378441544183	0.840336134453782	0.869565217391304	90.0	60.0
37.8303028403829	-118.544093950480	16.1909097229265	0.840336134453782	0.869565217391304	90.0	60.0
37.8224686373245	-118.544036433396	16.9439752914347	0.840336134453782	0.869565217391304	90.0	60.0
37.9948626230810	-118.535740397654	0.376532784254104	0.840336134453782	0.869565217391304	90.0	60.0
37.9870286303152	-118.535683427623	1.12959835276231	0.840336134453782	0.869565217391304	90.0	60.0
37.9791946269443	-118.535626479678	1.88266392127052	0.840336134453782	0.869565217391304	90.0	60.0
37.9713606129691	-118.535569553809	2.63572948977873	0.840336134453782	0.869565217391304	90.0	60.0
37.9635265883903	-118.535512650007	3.38879505828693	0.840336134453782	0.869565217391304	90.0	60.0
37.9556925532087	-118.535455768263	4.14186062679514	0.840336134453782	0.869565217391304	90.0	60.0
37.9478585074250	-118.535398908568	4.89492619530335	0.840336134453782	0.869565217391304	90.0	60.0
37.9400244510400	-118.535342070912	5.64799176381156	0.840336134453782	0.869565217391304	90.0	60.0
37.9321903840544	-118.535285255287	6.40105733231976	0.840336134453782	0.869565217391304	90.0	60.0
37.9243563064688	-118.535228461683	7.15412290082797	0.840336134453782	0.869565217391304	90.0	60.0
37.9165222182842	-118.535171690091	7.90718846933618	0.840336134453782	0.869565217391304	90.0	60.0
37.9086881195011	-118.535114940503	8.66025403784439	0.840336134453782	0.869565217391304	90.0	60.0
37.9008540101204	-118.535058212908	9.41331960635259	0.840336134453782	0.869565217391304	90.0	60.0
37.8930198901428	-118.535001507299	10.1663851748608	0.840336134453782	0.869565217391304	90.0	60.0
37.8851857595691	-118.534944823665	10.9194507433690	0.840336134453782	0.869565217391304	90.0	60.0
37.8773516184000	-118.534888161999	11.6725163118772	0.840336134453782	0.869565217391304	90.0	60.0
37.8695174666362	-118.534831522290	12.4255818803854	0.840336134453782	0.869565217391304	90.0	60.0
37.8616833042785	-118.534774904530	13.1786474488936	0.840336134453782	0.869565217391304	90.0	60.0
37.8538491313276	-118.534718308709	13.9317130174018	0.840336134453782	0.869565217391304	90.0	60.0
37.8460149477843	-118.534661734819	14.6847785859100	0.840336134453782	0.869565217391304	90.0	60.0
37.8381807536493	-118.534605182850	15.4378441544183	0.840336134453782	0.869565217391304	90.0	60.0
37.8303465489234	-118.534548652794	16.1909097229265	0.840336134453782	0.869565217391304	90.0	60.0
37.8225123336074	-118.534492144642	16.9439752914347	0.840336134453782	0.869565217391304	90.0	60.0
37.9949058115635	-118.526173810520	0.376532784254104	0.840336134453782	0.869565217391304	90.0	60.0
37.9870718067040	-118.526117857674	1.12959835276231	0.840336134453782	0.869565217391304	90.0	60.0
37.9792377912420	-118.526061926519	1.88266392127052	0.840336134453782	0.869565217391304	90.0	60.0
37.9714037651782	-118.526006017046	2.63572948977873	0.840336134453782	0.869565217391304	90.0	60.0
37.9635697285134	-118.525950129246	3.38879505828693	0.840336134453782	0.869565217391304	90.0	60.0
37.9557356812483	-118.525894263110	4.14186062679514	0.840336134453782	0.869565217391304	90.0	60.0
37.9479016233836	-118.525838418629	4.89492619530335	0.840336134453782	0.869565217391304	90.0	60.0
37.9400675549201	-118.525782595794	5.64799176381156	0.840336134453782	0.869565217391304	90.0	60.0
37.9322334758585	-118.525726794597	6.40105733231976	0.840336134453782	0.869565217391304	90.0	60.0
37.9243993861996	-118.525671015027	7.15412290082797	0.840336134453782	0.869565217391304	90.0	60.0
37.9165652859441	-118.525615257077	7.90718846933618	0.840336134453782	0.869565217391304	90.0	60.0
37.9087311750927	-118.525559520738	8.66025403784439	0.840336134453782	0.869565217391304	90.0	60.0
37.9008970536461	-118.525503805999	9.41331960635259	0.840336134453782	0.869565217391304	90.0	60.0
37.8930629216052	-118.525448112854	10.1663851748608	0.840336134453782	0.869565217391304	90.0	60.0
37.8852287789707	-118.525392441292	10.9194507433690	0.840336134453782	0.869565217391304	90.0	60.0
37.8773946257433	-118.525336791304	11.6725163118772	0.840336134453782	0.869565217391304	90.0	60.0
37.8695604619237	-118.525281162882	12.4255818803854	0.840336134453782	0.869565217391304	90.0	60.0
37.8617262875127	-118.525225556017	13.1786474488936	0.840336134453782	0.869565217391304	90.0	60.0
37.8538921025111	-118.525169970700	13.9317130174018	0.840336134453782	0.869565217391304	90.0	60.0
37.8460579069196	-118.525114406922	14.6847785859100	0.840336134453782	0.869565217391304	90.0	60.0
37.8382237007389	-118.525058864675	15.4378441544183	0.840336134453782	0.869565217391304	90.0	60.0
37.8303894839698	-118.525003343948	16.1909097229265	0.840336134453782	0.869565217391304	90.0	60.0
37.8225552566131	-118.524947844734	16.9439752914347	0.840336134453782	0.869565217391304	90.0	60.0
37.9949482219805	-118.516607212268	0.376532784254104	0.840336134453782	0.869565217391304	90.0	60.0
37.9871142052453	-118.516552276614	1.12959835276231	0.840336134453782	0.869565217391304	90.0	60.0
37.9792801779099	-118.516497362257	1.88266392127052	0.840336134453782	0.869565217391304	90.0	60.0
37.9714461399754	-118.516442469187	2.63572948977873	0.840336134453782	0.869565217391304	90.0	60.0
37.9636120914423	-118.516387597397	3.38879505828693	0.840336134453782	0.869565217391304	90.0	60.0
37.9557780323113	-118.516332746876	4.14186062679514	0.840336134453782	0.869565217391304	90.0	60.0
37.9479439625833	-118.516277917617	4.89492619530335	0.840336134453782	0.869565217391304	90.0	60.0
37.9401098822589	-118.516223109611	5.64799176381156	0.840336134453782	0.869565217391304	90.0	60.0
37.9322757913389	-118.516168322849	6.40105733231976	0.840336134453782	0.869565217391304	90.0	60.0
37.9244416898241	-118.516113557322	7.15412290082797	0.840336134453782	0.869565217391304	90.0	60.0
37.9166075777151	-118.516058813021	7.90718846933618	0.840336134453782	0.869565217391304	90.0	60.0
37.9087734550128	-118.516004089937	8.66025403784439	0.840336134453782	0.869565217391304	90.0	60.0
37.9009393217178	-118.515949388062	9.41331960635259	0.840336134453782	0.869565217391304	90.0	60.0
37.8931051778309	-118.515894707388	10.1663851748608	0.840336134453782	0.869565217391304	90.0	60.0
37.8852710233528	-118.515840047904	10.9194507433690	0.840336134453782	0.869565217391304	90.0	60.0
37.8774368582843	-118.515785409603	11.6725163118772	0.840336134453782	0.869565217391304	90.0	60.0
37.8696026826261	-118.515730792476	12.4255818803854	0.840336134453782	0.869565217391304	90.0	60.0
37.8617684963790	-118.515676196514	13.1786474488936	0.840336134453782	0.869565217391304	90.0	60.0
37.8539342995438	-118.515621621708	13.9317130174018	0.840336134453782	0.869565217391304	90.0	60.0
37.8461000921211	-118.515567068049	14.6847785859100	0.840336134453782	0.869565217391304	90.0	60.0
37.8382658741117	-118.515512535529	15.4378441544183	0.840336134453782	0.869565217391304	90.0	60.0
37.8304316455163	-118.515458024140	16.1909097229265	0.840336134453782	0.869565217391304	90.0	60.0
37.8225974063358	-118.515403533871	16.9439752914347	0.840336134453782	0.869565217391304	90.0	60.0
37.9949898543264	-118.507040603102	0.376532784254104	0.840336134453782	0.869565217391304	90.0	60.0
37.9871558259332	-118.506986684647	1.12959835276231	0.840336134453782	0.869565217391304	90.0	60.0
37.9793217869425	-118.506932787094	1.88266392127052	0.840336134453782	0.869565217391304	90.0	60.0
37.9714877373548	-118.506878910435	2.63572948977873	0.840336134453782	0.869565217391304	90.0	60.0
37.9636536771711	-118.506825054662	3.38879505828693	0.840336134453782	0.869565217391304	90.0	60.0
37.9558196063920	-118.506771219764	4.14186062679514	0.840336134453782	0.869565217391304	90.0	60.0
37.9479855250183	-118.506717405735	4.89492619530335	0.840336134453782	0.869565217391304	90.0	60.0
37.9401514330506	-118.506663612564	5.64799176381156	0.840336134453782	0.869565217391304	90.0	60.0
37.9323173304898	-118.506609840244	6.40105733231976	0.840336134453782	0.869565217391304	90.0	60.0
37.9244832173365	-118.506556088766	7.15412290082797	0.840336134453782	0.869565217391304	90.0	60.0
37.9166490935916	-118.506502358122	7.90718846933618	0.840336134453782	0.869565217391304	90.0	60.0
37.9088149592557	-118.506448648302	8.66025403784439	0.840336134453782	0.869565217391304	90.0	60.0
37.9009808143296	-118.506394959298	9.41331960635259	0.840336134453782	0.869565217391304	90.0	60.0
37.8931466588140	-118.506341291101	10.1663851748608	0.840336134453782	0.869565217391304	90.0	60.0
37.8853124927096	-118.506287643704	10.9194507433690	0.840336134453782	0.869565217391304	90.0	60.0
37.8774783160173	-118.506234017096	11.6725163118772	0.840336134453782	0.869565217391304	90.0	60.0
37.8696441287377	-118.506180411271	12.4255818803854	0.840336134453782	0.869565217391304	90.0	60.0
37.8618099308717	-118.506126826218	13.1786474488936	0.840336134453782	0.869565217391304	90.0	60.0
37.8539757224198	-118.506073261930	13.9317130174018	0.840336134453782	0.869565217391304	90.0	60.0
37.8461415033830	-118.506019718399	14.6847785859100	0.840336134453782	0.869565217391304	90.0	60.0
37.8383072737618	-118.505966195614	15.4378441544183	0.840336134453782	0.869565217391304	90.0	60.0
37.8304730335572	-118.505912693568	16.1909097229265	0.840336134453782	0.869565217391304	90.0	60.0
37.8226387827698	-118.505859212253	16.9439752914347	0.840336134453782	0.869565217391304	90.0	60.0
37.9950307085955	-118.497473983223	0.376532784254104	0.840336134453782	0.869565217391304	90.0	60.0
37.9871966687622	-118.497421081974	1.12959835276231	0.840336134453782	0.869565217391304	90.0	60.0
37.9793626183338	-118.497368201233	1.88266392127052	0.840336134453782	0.869565217391304	90.0	60.0
37.9715285573110	-118.497315340992	2.63572948977873	0.840336134453782	0.869565217391304	90.0	60.0
37.9636944856944	-118.497262501242	3.38879505828693	0.840336134453782	0.869565217391304	90.0	60.0
37.9558604034848	-118.497209681975	4.14186062679514	0.840336134453782	0.869565217391304	90.0	60.0
37.9480263106830	-118.497156883182	4.89492619530335	0.840336134453782	0.869565217391304	90.0	60.0
37.9401922072896	-118.497104104854	5.64799176381156	0.840336134453782	0.869565217391304	90.0	60.0
37.9323580933055	-118.497051346984	6.40105733231976	0.840336134453782	0.869565217391304	90.0	60.0
37.9245239687313	-118.496998609562	7.15412290082797	0.840336134453782	0.869565217391304	90.0	60.0
37.9166898335679	-118.496945892581	7.90718846933618	0.840336134453782	0.869565217391304	90.0	60.0
37.9088556878158	-118.496893196032	8.66025403784439	0.840336134453782	0.869565217391304	90.0	60.0
37.9010215314759	-118.496840519906	9.41331960635259	0.840336134453782	0.869565217391304	90.0	60.0
37.8931873645490	-118.496787864194	10.1663851748608	0.840336134453782	0.869565217391304	90.0	60.0
37.8853531870356	-118.496735228890	10.9194507433690	0.840336134453782	0.869565217391304	90.0	60.0
37.8775189989367	-118.496682613983	11.6725163118772	0.840336134453782	0.869565217391304	90.0	60.0
37.8696848002529	-118.496630019467	12.4255818803854	0.840336134453782	0.869565217391304	90.0	60.0
37.8618505909850	-118.496577445331	13.1786474488936	0.840336134453782	0.869565217391304	90.0	60.0
37.8540163711337	-118.496524891569	13.9317130174018	0.840336134453782	0.869565217391304	90.0	60.0
37.8461821406997	-118.496472358170	14.6847785859100	0.840336134453782	0.869565217391304	90.0	60.0
37.8383478996839	-118.496419845128	15.4378441544183	0.840336134453782	0.869565217391304	90.0	60.0
37.8305136480869	-118.496367352434	16.1909097229265	0.840336134453782	0.869565217391304	90.0	60.0
37.8226793859095	-118.496314880078	16.9439752914347	0.840336134453782	0.869565217391304	90.0	60.0
37.9950707847822	-118.487907352832	0.376532784254104	0.840336134453782	0.869565217391304	90.0	60.0
37.9872367337268	-118.487855468797	1.12959835276231	0.840336134453782	0.869565217391304	90.0	60.0
37.9794026720785	-118.487803604875	1.88266392127052	0.840336134453782	0.869565217391304	90.0	60.0
37.9715685998382	-118.487751761059	2.63572948977873	0.840336134453782	0.869565217391304	90.0	60.0
37.9637345170064	-118.487699937340	3.38879505828693	0.840336134453782	0.869565217391304	90.0	60.0
37.9559004235841	-118.487648133710	4.14186062679514	0.840336134453782	0.869565217391304	90.0	60.0
37.9480663195718	-118.487596350160	4.89492619530335	0.840336134453782	0.869565217391304	90.0	60.0
37.9402322049704	-118.487544586682	5.64799176381156	0.840336134453782	0.869565217391304	90.0	60.0
37.9323980797805	-118.487492843269	6.40105733231976	0.840336134453782	0.869565217391304	90.0	60.0
37.9245639440029	-118.487441119910	7.15412290082797	0.840336134453782	0.869565217391304	90.0	60.0
37.9167297976384	-118.487389416599	7.90718846933618	0.840336134453782	0.869565217391304	90.0	60.0
37.9088956406876	-118.487337733328	8.66025403784439	0.840336134453782	0.869565217391304	90.0	60.0
37.9010614731513	-118.487286070087	9.41331960635259	0.840336134453782	0.869565217391304	90.0	60.0
37.8932272950303	-118.487234426868	10.1663851748608	0.840336134453782	0.869565217391304	90.0	60.0
37.8853931063253	-118.487182803663	10.9194507433690	0.840336134453782	0.869565217391304	90.0	60.0
37.8775589070370	-118.487131200465	11.6725163118772	0.840336134453782	0.869565217391304	90.0	60.0
37.8697246971661	-118.487079617264	12.4255818803854	0.840336134453782	0.869565217391304	90.0	60.0
37.8618904767135	-118.487028054052	13.1786474488936	0.840336134453782	0.869565217391304	90.0	60.0
37.8540562456798	-118.486976510822	13.9317130174018	0.840336134453782	0.869565217391304	90.0	60.0
37.8462220040658	-118.486924987564	14.6847785859100	0.840336134453782	0.869565217391304	90.0	60.0
37.8383877518723	-118.486873484271	15.4378441544183	0.840336134453782	0.869565217391304	90.0	60.0
37.8305534890999	-118.486822000935	16.1909097229265	0.840336134453782	0.869565217391304	90.0	60.0
37.8227192157495	-118.486770537547	16.9439752914347	0.840336134453782	0.869565217391304	90.0	60.0
37.9951100828811	-118.478340712133	0.376532784254104	0.840336134453782	0.869565217391304	90.0	60.0
37.9872760208214	-118.478289845318	1.12959835276231	0.840336134453782	0.869565217391304	90.0	60.0
37.9794419481711	-118.478238998222	1.88266392127052	0.840336134453782	0.869565217391304	90.0	60.0
37.9716078649311	-118.478188170838	2.63572948977873	0.840336134453782	0.869565217391304	90.0	60.0
37.9637737711020	-118.478137363156	3.38879505828693	0.840336134453782	0.869565217391304	90.0	60.0
37.9559396666845	-118.478086575170	4.14186062679514	0.840336134453782	0.869565217391304	90.0	60.0
37.9481055516794	-118.478035806870	4.89492619530335	0.840336134453782	0.869565217391304	90.0	60.0
37.9402714260875	-118.477985058250	5.64799176381156	0.840336134453782	0.869565217391304	90.0	60.0
37.9324372899094	-118.477934329299	6.40105733231976	0.840336134453782	0.869565217391304	90.0	60.0
37.9246031431459	-118.477883620011	7.15412290082797	0.840336134453782	0.869565217391304	90.0	60.0
37.9167689857978	-118.477832930378	7.90718846933618	0.840336134453782	0.869565217391304	90.0	60.0
37.9089348178657	-118.477782260390	8.66025403784439	0.840336134453782	0.869565217391304	90.0	60.0
37.9011006393504	-118.477731610041	9.41331960635259	0.840336134453782	0.869565217391304	90.0	60.0
37.8932664502527	-118.477680979322	10.1663851748608	0.840336134453782	0.869565217391304	90.0	60.0
37.8854322505732	-118.477630368224	10.9194507433690	0.840336134453782	0.869565217391304	90.0	60.0
37.8775980403127	-118.477579776740	11.6725163118772	0.840336134453782	0.869565217391304	90.0	60.0
37.8697638194720	-118.477529204862	12.4255818803854	0.840336134453782	0.869565217391304	90.0	60.0
37.8619295880518	-118.477478652581	13.1786474488936	0.840336134453782	0.869565217391304	90.0	60.0
37.8540953460529	-118.477428119889	13.9317130174018	0.840336134453782	0.869565217391304	90.0	60.0
37.8462610934759	-118.477377606779	14.6847785859100	0.840336134453782	0.869565217391304	90.0	60.0
37.8384268303216	-118.477327113242	15.4378441544183	0.840336134453782	0.869565217391304	90.0	60.0
37.8305925565909	-118.477276639271	16.1909097229265	0.840336134453782	0.869565217391304	90.0	60.0
37.8227582722843	-118.477226184856	16.9439752914347	0.840336134453782	0.869565217391304	90.0	60.0
37.9951486028870	-118.468774061327	0.376532784254104	0.840336134453782	0.869565217391304	90.0	60.0
37.9873145300408	-118.468724211739	1.12959835276231	0.840336134453782	0.869565217391304	90.0	60.0
37.9794804466063	-118.468674381476	1.88266392127052	0.840336134453782	0.869565217391304	90.0	60.0
37.9716463525844	-118.468624570530	2.63572948977873	0.840336134453782	0.869565217391304	90.0	60.0
37.9638122479756	-118.468574778893	3.38879505828693	0.840336134453782	0.869565217391304	90.0	60.0
37.9559781327807	-118.468525006557	4.14186062679514	0.840336134453782	0.869565217391304	90.0	60.0
37.9481440070005	-118.468475253515	4.89492619530335	0.840336134453782	0.869565217391304	90.0	60.0
37.9403098706356	-118.468425519757	5.64799176381156	0.840336134453782	0.869565217391304	90.0	60.0
37.9324757236869	-118.468375805277	6.40105733231976	0.840336134453782	0.869565217391304	90.0	60.0
37.9246415661550	-118.468326110067	7.15412290082797	0.840336134453782	0.869565217391304	90.0	60.0
37.9168073980407	-118.468276434117	7.90718846933618	0.840336134453782	0.869565217391304	90.0	60.0
37.9089732193447	-118.468226777421	8.66025403784439	0.840336134453782	0.869565217391304	90.0	60.0
37.9011390300678	-118.468177139970	9.41331960635259	0.840336134453782	0.869565217391304	90.0	60.0
37.8933048302107	-118.468127521756	10.1663851748608	0.840336134453782	0.869565217391304	90.0	60.0
37.8854706197740	-118.468077922772	10.9194507433690	0.840336134453782	0.869565217391304	90.0	60.0
37.8776363987587	-118.468028343009	11.6725163118772	0.840336134453782	0.869565217391304	90.0	60.0
37.8698021671653	-118.467978782460	12.4255818803854	0.840336134453782	0.869565217391304	90.0	60.0
37.8619679249947	-118.467929241117	13.1786474488936	0.840336134453782	0.869565217391304	90.0	60.0
37.8541336722475	-118.467879718971	13.9317130174018	0.840336134453782	0.869565217391304	90.0	60.0
37.8462994089246	-118.467830216015	14.6847785859100	0.840336134453782	0.869565217391304	90.0	60.0
37.8384651350267	-118.467780732241	15.4378441544183	0.840336134453782	0.869565217391304	90.0	60.0
37.8306308505544	-118.467731267641	16.1909097229265	0.840336134453782	0.869565217391304	90.0	60.0
37.8227965555086	-118.467681822207	16.9439752914347	0.840336134453782	0.869565217391304	90.0	60.0
37.9951863447945	-118.459207400616	0.376532784254104	0.840336134453782	0.869565217391304	90.0	60.0
37.9873522613797	-118.459158568262	1.12959835276231	0.840336134453782	0.869565217391304	90.0	60.0
37.9795181673789	-118.459109754838	1.88266392127052	0.840336134453782	0.869565217391304	90.0	60.0
37.9716840627928	-118.459060960337	2.63572948977873	0.840336134453782	0.869565217391304	90.0	60.0
37.9638499476221	-118.459012184751	3.38879505828693	0.840336134453782	0.869565217391304	90.0	60.0
37.9560158218675	-118.458963428073	4.14186062679514	0.840336134453782	0.869565217391304	90.0	60.0
37.9481816855297	-118.458914690294	4.89492619530335	0.840336134453782	0.869565217391304	90.0	60.0
37.9403475386096	-118.458865971407	5.64799176381156	0.840336134453782	0.869565217391304	90.0	60.0
37.9325133811078	-118.458817271404	6.40105733231976	0.840336134453782	0.869565217391304	90.0	60.0
37.9246792130250	-118.458768590276	7.15412290082797	0.840336134453782	0.869565217391304	90.0	60.0
37.9168450343620	-118.458719928017	7.90718846933618	0.840336134453782	0.869565217391304	90.0	60.0
37.9090108451196	-118.458671284619	8.66025403784439	0.840336134453782	0.869565217391304	90.0	60.0
37.9011766452984	-118.458622660073	9.41331960635259	0.840336134453782	0.869565217391304	90.0	60.0
37.8933424348991	-118.458574054372	10.1663851748608	0.840336134453782	0.869565217391304	90.0	60.0
37.8855082139226	-118.458525467508	10.9194507433690	0.840336134453782	0.869565217391304	90.0	60.0
37.8776739823696	-118.458476899473	11.6725163118772	0.840336134453782	0.869565217391304	90.0	60.0
37.8698397402408	-118.458428350260	12.4255818803854	0.840336134453782	0.869565217391304	90.0	60.0
37.8620054875369	-118.458379819860	13.1786474488936	0.840336134453782	0.869565217391304	90.0	60.0
37.8541712242587	-118.458331308267	13.9317130174018	0.840336134453782	0.869565217391304	90.0	60.0
37.8463369504069	-118.458282815472	14.6847785859100	0.840336134453782	0.869565217391304	90.0	60.0
37.8385026659822	-118.458234341467	15.4378441544183	0.840336134453782	0.869565217391304	90.0	60.0
37.8306683709855	-118.458185886245	16.1909097229265	0.840336134453782	0.869565217391304	90.0	60.0
37.8228340654174	-118.458137449798	16.9439752914347	0.840336134453782	0.869565217391304	90.0	60.0
37.9952233085985	-118.449640730203	0.376532784254104	0.840336134453782	0.869565217391304	90.0	60.0
37.9873892148331	-118.449592915088	1.12959835276231	0.840336134453782	0.869565217391304	90.0	60.0
37.9795551104837	-118.449545118510	1.88266392127052	0.840336134453782	0.869565217391304	90.0	60.0
37.9717209955513	-118.449497340461	2.63572948977873	0.840336134453782	0.869565217391304	90.0	60.0
37.9638868700363	-118.449449580933	3.38879505828693	0.840336134453782	0.869565217391304	90.0	60.0
37.9560527339397	-118.449401839918	4.14186062679514	0.840336134453782	0.869565217391304	90.0	60.0
37.9482185872621	-118.449354117410	4.89492619530335	0.840336134453782	0.869565217391304	90.0	60.0
37.9403844300043	-118.449306413399	5.64799176381156	0.840336134453782	0.869565217391304	90.0	60.0
37.9325502621669	-118.449258727879	6.40105733231976	0.840336134453782	0.869565217391304	90.0	60.0
37.9247160837508	-118.449211060842	7.15412290082797	0.840336134453782	0.869565217391304	90.0	60.0
37.9168818947566	-118.449163412280	7.90718846933618	0.840336134453782	0.869565217391304	90.0	60.0
37.9090476951851	-118.449115782185	8.66025403784439	0.840336134453782	0.869565217391304	90.0	60.0
37.9012134850370	-118.449068170551	9.41331960635259	0.840336134453782	0.869565217391304	90.0	60.0
37.8933792643130	-118.449020577369	10.1663851748608	0.840336134453782	0.869565217391304	90.0	60.0
37.8855450330139	-118.448973002631	10.9194507433690	0.840336134453782	0.869565217391304	90.0	60.0
37.8777107911404	-118.448925446331	11.6725163118772	0.840336134453782	0.869565217391304	90.0	60.0
37.8698765386933	-118.448877908460	12.4255818803854	0.840336134453782	0.869565217391304	90.0	60.0
37.8620422756733	-118.448830389011	13.1786474488936	0.840336134453782	0.869565217391304	90.0	60.0
37.8542080020811	-118.448782887976	13.9317130174018	0.840336134453782	0.869565217391304	90.0	60.0
37.8463737179175	-118.448735405348	14.6847785859100	0.840336134453782	0.869565217391304	90.0	60.0
37.8385394231832	-118.448687941119	15.4378441544183	0.840336134453782	0.869565217391304	90.0	60.0
37.8307051178789	-118.448640495281	16.1909097229265	0.840336134453782	0.869565217391304	90.0	60.0
37.8228708020054	-118.448593067828	16.9439752914347	0.840336134453782	0.869565217391304	90.0	60.0
37.9952594942941	-118.440074050289	0.376532784254104	0.840336134453782	0.869565217391304	90.0	60.0
37.9874253903958	-118.440027252421	1.12959835276231	0.840336134453782	0.869565217391304	90.0	60.0
37.9795912759158	-118.439980472695	1.88266392127052	0.840336134453782	0.869565217391304	90.0	60.0
37.9717571508548	-118.439933711104	2.63572948977873	0.840336134453782	0.869565217391304	90.0	60.0
37.9639230152134	-118.439886967640	3.38879505828693	0.840336134453782	0.869565217391304	90.0	60.0
37.9560888689924	-118.439840242295	4.14186062679514	0.840336134453782	0.869565217391304	90.0	60.0
37.9482547121926	-118.439793535063	4.89492619530335	0.840336134453782	0.869565217391304	90.0	60.0
37.9404205448147	-118.439746845935	5.64799176381156	0.840336134453782	0.869565217391304	90.0	60.0
37.9325863668593	-118.439700174904	6.40105733231976	0.840336134453782	0.869565217391304	90.0	60.0
37.9247521783273	-118.439653521964	7.15412290082797	0.840336134453782	0.869565217391304	90.0	60.0
37.9169179792194	-118.439606887105	7.90718846933618	0.840336134453782	0.869565217391304	90.0	60.0
37.9090837695362	-118.439560270321	8.66025403784439	0.840336134453782	0.869565217391304	90.0	60.0
37.9012495492786	-118.439513671604	9.41331960635259	0.840336134453782	0.869565217391304	90.0	60.0
37.8934153184472	-118.439467090947	10.1663851748608	0.840336134453782	0.869565217391304	90.0	60.0
37.8855810770429	-118.439420528343	10.9194507433690	0.840336134453782	0.869565217391304	90.0	60.0
37.8777468250662	-118.439373983783	11.6725163118772	0.840336134453782	0.869565217391304	90.0	60.0
37.8699125625180	-118.439327457261	12.4255818803854	0.840336134453782	0.869565217391304	90.0	60.0
37.8620782893990	-118.439280948768	13.1786474488936	0.840336134453782	0.869565217391304	90.0	60.0
37.8542440057099	-118.439234458299	13.9317130174018	0.840336134453782	0.869565217391304	90.0	60.0
37.8464097114515	-118.439187985844	14.6847785859100	0.840336134453782	0.869565217391304	90.0	60.0
37.8385754066246	-118.439141531397	15.4378441544183	0.840336134453782	0.869565217391304	90.0	60.0
37.8307410912297	-118.439095094950	16.1909097229265	0.840336134453782	0.869565217391304	90.0	60.0
37.8229067652678	-118.439048676496	16.9439752914347	0.840336134453782	0.869565217391304	90.0	60.0
37.9952949018763	-118.430507361077	0.376532784254104	0.840336134453782	0.869565217391304	90.0	60.0
37.9874607880631	-118.430461580461	1.12959835276231	0.840336134453782	0.869565217391304	90.0	60.0
37.9796266636702	-118.430415817594	1.88266392127052	0.840336134453782	0.869565217391304	90.0	60.0
37.9717925286984	-118.430370072466	2.63572948977873	0.840336134453782	0.869565217391304	90.0	60.0
37.9639583831483	-118.430324345072	3.38879505828693	0.840336134453782	0.869565217391304	90.0	60.0
37.9561242270207	-118.430278635404	4.14186062679514	0.840336134453782	0.869565217391304	90.0	60.0
37.9482900603163	-118.430232943455	4.89492619530335	0.840336134453782	0.869565217391304	90.0	60.0
37.9404558830359	-118.430187269216	5.64799176381156	0.840336134453782	0.869565217391304	90.0	60.0
37.9326216951802	-118.430141612681	6.40105733231976	0.840336134453782	0.869565217391304	90.0	60.0
37.9247874967498	-118.430095973843	7.15412290082797	0.840336134453782	0.869565217391304	90.0	60.0
37.9169532877456	-118.430050352694	7.90718846933618	0.840336134453782	0.869565217391304	90.0	60.0
37.9091190681682	-118.430004749226	8.66025403784439	0.840336134453782	0.869565217391304	90.0	60.0
37.9012848380185	-118.429959163434	9.41331960635259	0.840336134453782	0.869565217391304	90.0	60.0
37.8934505972970	-118.429913595308	10.1663851748608	0.840336134453782	0.869565217391304	90.0	60.0
37.8856163460046	-118.429868044843	10.9194507433690	0.840336134453782	0.869565217391304	90.0	60.0
37.8777820841420	-118.429822512030	11.6725163118772	0.840336134453782	0.869565217391304	90.0	60.0
37.8699478117099	-118.429776996862	12.4255818803854	0.840336134453782	0.869565217391304	90.0	60.0
37.8621135287091	-118.429731499333	13.1786474488936	0.840336134453782	0.869565217391304	90.0	60.0
37.8542792351403	-118.429686019434	13.9317130174018	0.840336134453782	0.869565217391304	90.0	60.0
37.8464449310042	-118.429640557159	14.6847785859100	0.840336134453782	0.869565217391304	90.0	60.0
37.8386106163015	-118.429595112500	15.4378441544183	0.840336134453782	0.869565217391304	90.0	60.0
37.8307762910331	-118.429549685450	16.1909097229265	0.840336134453782	0.869565217391304	90.0	60.0
37.8229419551996	-118.429504276002	16.9439752914347	0.840336134453782	0.869565217391304	90.0	60.0
37.9953295313403	-118.420940662768	0.376532784254104	0.840336134453782	0.869565217391304	90.0	60.0
37.9874954078301	-118.420895899411	1.12959835276231	0.840336134453782	0.869565217391304	90.0	60.0
37.9796612737422	-118.420851153408	1.88266392127052	0.840336134453782	0.869565217391304	90.0	60.0
37.9718271290773	-118.420806424751	2.63572948977873	0.840336134453782	0.869565217391304	90.0	60.0
37.9639929738363	-118.420761713433	3.38879505828693	0.840336134453782	0.869565217391304	90.0	60.0
37.9561588080198	-118.420717019448	4.14186062679514	0.840336134453782	0.869565217391304	90.0	60.0
37.9483246316285	-118.420672342786	4.89492619530335	0.840336134453782	0.869565217391304	90.0	60.0
37.9404904446632	-118.420627683443	5.64799176381156	0.840336134453782	0.869565217391304	90.0	60.0
37.9326562471246	-118.420583041410	6.40105733231976	0.840336134453782	0.869565217391304	90.0	60.0
37.9248220390134	-118.420538416680	7.15412290082797	0.840336134453782	0.869565217391304	90.0	60.0
37.9169878203304	-118.420493809247	7.90718846933618	0.840336134453782	0.869565217391304	90.0	60.0
37.9091535910762	-118.420449219102	8.66025403784439	0.840336134453782	0.869565217391304	90.0	60.0
37.9013193512517	-118.420404646239	9.41331960635259	0.840336134453782	0.869565217391304	90.0	60.0
37.8934851008575	-118.420360090651	10.1663851748608	0.840336134453782	0.869565217391304	90.0	60.0
37.8856508398944	-118.420315552331	10.9194507433690	0.840336134453782	0.869565217391304	90.0	60.0
37.8778165683631	-118.420271031271	11.6725163118772	0.840336134453782	0.869565217391304	90.0	60.0
37.8699822862643	-118.420226527464	12.4255818803854	0.840336134453782	0.869565217391304	90.0	60.0
37.8621479935988	-118.420182040903	13.1786474488936	0.840336134453782	0.869565217391304	90.0	60.0
37.8543136903673	-118.420137571582	13.9317130174018	0.840336134453782	0.869565217391304	90.0	60.0
37.8464793765706	-118.420093119492	14.6847785859100	0.840336134453782	0.869565217391304	90.0	60.0
37.8386450522093	-118.420048684628	15.4378441544183	0.840336134453782	0.869565217391304	90.0	60.0
37.8308107172843	-118.420004266980	16.1909097229265	0.840336134453782	0.869565217391304	90.0	60.0
37.8229763717962	-118.419959866544	16.9439752914347	0.840336134453782	0.869565217391304	90.0	60.0
37.9953633826815	-118.411373955565	0.376532784254104	0.840336134453782	0.869565217391304	90.0	60.0
37.9875292496921	-118.411330209473	1.12959835276231	0.840336134453782	0.869565217391304	90.0	60.0
37.9796951061270	-118.411286480340	1.88266392127052	0.840336134453782	0.869565217391304	90.0	60.0
37.9718609519869	-118.411242768159	2.63572948977873	0.840336134453782	0.869565217391304	90.0	60.0
37.9640267872727	-118.411199072924	3.38879505828693	0.840336134453782	0.869565217391304	90.0	60.0
37.9561926119849	-118.411155394626	4.14186062679514	0.840336134453782	0.869565217391304	90.0	60.0
37.9483584261244	-118.411111733260	4.89492619530335	0.840336134453782	0.869565217391304	90.0	60.0
37.9405242296918	-118.411068088817	5.64799176381156	0.840336134453782	0.869565217391304	90.0	60.0
37.9326900226879	-118.411024461292	6.40105733231976	0.840336134453782	0.869565217391304	90.0	60.0
37.9248558051134	-118.410980850677	7.15412290082797	0.840336134453782	0.869565217391304	90.0	60.0
37.9170215769691	-118.410937256965	7.90718846933618	0.840336134453782	0.869565217391304	90.0	60.0
37.9091873382556	-118.410893680149	8.66025403784439	0.840336134453782	0.869565217391304	90.0	60.0
37.9013530889737	-118.410850120222	9.41331960635259	0.840336134453782	0.869565217391304	90.0	60.0
37.8935188291241	-118.410806577177	10.1663851748608	0.840336134453782	0.869565217391304	90.0	60.0
37.8856845587075	-118.410763051008	10.9194507433690	0.840336134453782	0.869565217391304	90.0	60.0
37.8778502777247	-118.410719541706	11.6725163118772	0.840336134453782	0.869565217391304	90.0	60.0
37.8700159861765	-118.410676049266	12.4255818803854	0.840336134453782	0.869565217391304	90.0	60.0
37.8621816840635	-118.410632573681	13.1786474488936	0.840336134453782	0.869565217391304	90.0	60.0
37.8543473713865	-118.410589114942	13.9317130174018	0.840336134453782	0.869565217391304	90.0	60.0
37.8465130481461	-118.410545673044	14.6847785859100	0.840336134453782	0.869565217391304	90.0	60.0
37.8386787143433	-118.410502247979	15.4378441544183	0.840336134453782	0.869565217391304	90.0	60.0
37.8308443699786	-118.410458839741	16.1909097229265	0.840336134453782	0.869565217391304	90.0	60.0
37.8230100150528	-118.410415448322	16.9439752914347	0.840336134453782	0.869565217391304	90.0	60.0
37.9953964558952	-118.401807239670	0.376532784254104	0.840336134453782	0.869565217391304	90.0	60.0
37.9875623136445	-118.401764510848	1.12959835276231	0.840336134453782	0.869565217391304	90.0	60.0
37.9797281608200	-118.401721798591	1.88266392127052	0.840336134453782	0.869565217391304	90.0	60.0
37.9718939974226	-118.401679102893	2.63572948977873	0.840336134453782	0.869565217391304	90.0	60.0
37.9640598234529	-118.401636423745	3.38879505828693	0.840336134453782	0.869565217391304	90.0	60.0
37.9562256389116	-118.401593761142	4.14186062679514	0.840336134453782	0.869565217391304	90.0	60.0
37.9483914437995	-118.401551115076	4.89492619530335	0.840336134453782	0.869565217391304	90.0	60.0
37.9405572381172	-118.401508485540	5.64799176381156	0.840336134453782	0.869565217391304	90.0	60.0
37.9327230218656	-118.401465872529	6.40105733231976	0.840336134453782	0.869565217391304	90.0	60.0
37.9248887950453	-118.401423276034	7.15412290082797	0.840336134453782	0.869565217391304	90.0	60.0
37.9170545576571	-118.401380696049	7.90718846933618	0.840336134453782	0.869565217391304	90.0	60.0
37.9092203097017	-118.401338132567	8.66025403784439	0.840336134453782	0.869565217391304	90.0	60.0
37.9013860511798	-118.401295585582	9.41331960635259	0.840336134453782	0.869565217391304	90.0	60.0
37.8935517820921	-118.401253055086	10.1663851748608	0.840336134453782	0.869565217391304	90.0	60.0
37.8857175024394	-118.401210541074	10.9194507433690	0.840336134453782	0.869565217391304	90.0	60.0
37.8778832122225	-118.401168043537	11.6725163118772	0.840336134453782	0.869565217391304	90.0	60.0
37.8700489114419	-118.401125562469	12.4255818803854	0.840336134453782	0.869565217391304	90.0	60.0
37.8622146000986	-118.401083097864	13.1786474488936	0.840336134453782	0.869565217391304	90.0	60.0
37.8543802781931	-118.401040649714	13.9317130174018	0.840336134453782	0.869565217391304	90.0	60.0
37.8465459457263	-118.400998218013	14.6847785859100	0.840336134453782	0.869565217391304	90.0	60.0
37.8387116026988	-118.400955802754	15.4378441544183	0.840336134453782	0.869565217391304	90.0	60.0
37.8308772491115	-118.400913403930	16.1909097229265	0.840336134453782	0.869565217391304	90.0	60.0
37.8230428849650	-118.400871021535	16.9439752914347	0.840336134453782	0.869565217391304	90.0	60.0
37.9954287509769	-118.392240515284	0.376532784254104	0.840336134453782	0.869565217391304	90.0	60.0
37.9875945996828	-118.392198803739	1.12959835276231	0.840336134453782	0.869565217391304	90.0	60.0
37.9797604378169	-118.392157108364	1.88266392127052	0.840336134453782	0.869565217391304	90.0	60.0
37.9719262653799	-118.392115429153	2.63572948977873	0.840336134453782	0.869565217391304	90.0	60.0
37.9640920823724	-118.392073766099	3.38879505828693	0.840336134453782	0.869565217391304	90.0	60.0
37.9562578887953	-118.392032119196	4.14186062679514	0.840336134453782	0.869565217391304	90.0	60.0
37.9484236846492	-118.391990488436	4.89492619530335	0.840336134453782	0.869565217391304	90.0	60.0
37.9405894699350	-118.391948873813	5.64799176381156	0.840336134453782	0.869565217391304	90.0	60.0
37.9327552446532	-118.391907275320	6.40105733231976	0.840336134453782	0.869565217391304	90.0	60.0
37.9249210088046	-118.391865692951	7.15412290082797	0.840336134453782	0.869565217391304	90.0	60.0
37.9170867623900	-118.391824126699	7.90718846933618	0.840336134453782	0.869565217391304	90.0	60.0
37.9092525054101	-118.391782576558	8.66025403784439	0.840336134453782	0.869565217391304	90.0	60.0
37.9014182378656	-118.391741042520	9.41331960635259	0.840336134453782	0.869565217391304	90.0	60.0
37.8935839597572	-118.391699524579	10.1663851748608	0.840336134453782	0.869565217391304	90.0	60.0
37.8857496710857	-118.391658022729	10.9194507433690	0.840336134453782	0.869565217391304	90.0	60.0
37.8779153718518	-118.391616536962	11.6725163118772	0.840336134453782	0.869565217391304	90.0	60.0
37.8700810620562	-118.391575067272	12.4255818803854	0.840336134453782	0.869565217391304	90.0	60.0
37.8622467416996	-118.391533613653	13.1786474488936	0.840336134453782	0.869565217391304	90.0	60.0
37.8544124107828	-118.391492176098	13.9317130174018	0.840336134453782	0.869565217391304	90.0	60.0
37.8465780693066	-118.391450754599	14.6847785859100	0.840336134453782	0.869565217391304	90.0	60.0
37.8387437172716	-118.391409349152	15.4378441544183	0.840336134453782	0.869565217391304	90.0	60.0
37.8309093546785	-118.391367959748	16.1909097229265	0.840336134453782	0.869565217391304	90.0	60.0
37.8230749815282	-118.391326586382	16.9439752914347	0.840336134453782	0.869565217391304	90.0	60.0
37.9954602679224	-118.382673782611	0.376532784254104	0.840336134453782	0.869565217391304	90.0	60.0
37.9876261078027	-118.382633088347	1.12959835276231	0.840336134453782	0.869565217391304	90.0	60.0
37.9797919371131	-118.382592409860	1.88266392127052	0.840336134453782	0.869565217391304	90.0	60.0
37.9719577558543	-118.382551747142	2.63572948977873	0.840336134453782	0.869565217391304	90.0	60.0
37.9641235640269	-118.382511100187	3.38879505828693	0.840336134453782	0.869565217391304	90.0	60.0
37.9562893616317	-118.382470468989	4.14186062679514	0.840336134453782	0.869565217391304	90.0	60.0
37.9484551486693	-118.382429853541	4.89492619530335	0.840336134453782	0.869565217391304	90.0	60.0
37.9406209251406	-118.382389253836	5.64799176381156	0.840336134453782	0.869565217391304	90.0	60.0
37.9327866910463	-118.382348669868	6.40105733231976	0.840336134453782	0.869565217391304	90.0	60.0
37.9249524463870	-118.382308101631	7.15412290082797	0.840336134453782	0.869565217391304	90.0	60.0
37.9171181911635	-118.382267549117	7.90718846933618	0.840336134453782	0.869565217391304	90.0	60.0
37.9092839253765	-118.382227012321	8.66025403784439	0.840336134453782	0.869565217391304	90.0	60.0
37.9014496490268	-118.382186491236	9.41331960635259	0.840336134453782	0.869565217391304	90.0	60.0
37.8936153621150	-118.382145985855	10.1663851748608	0.840336134453782	0.869565217391304	90.0	60.0
37.8857810646419	-118.382105496173	10.9194507433690	0.840336134453782	0.869565217391304	90.0	60.0
37.8779467566083	-118.382065022182	11.6725163118772	0.840336134453782	0.869565217391304	90.0	60.0
37.8701124380148	-118.382024563876	12.4255818803854	0.840336134453782	0.869565217391304	90.0	60.0
37.8622781088622	-118.381984121248	13.1786474488936	0.840336134453782	0.869565217391304	90.0	60.0
37.8544437691512	-118.381943694293	13.9317130174018	0.840336134453782	0.869565217391304	90.0	60.0
37.8466094188826	-118.381903283003	14.6847785859100	0.840336134453782	0.869565217391304	90.0	60.0
37.8387750580571	-118.381862887372	15.4378441544183	0.840336134453782	0.869565217391304	90.0	60.0
37.8309406866754	-118.381822507394	16.1909097229265	0.840336134453782	0.869565217391304	90.0	60.0
37.8231063047382	-118.381782143062	16.9439752914347	0.840336134453782	0.869565217391304	90.0	60.0
37.9954910067272	-118.373107041852	0.376532784254104	0.840336134453782	0.869565217391304	90.0	60.0
37.9876568380000	-118.373067364876	1.12959835276231	0.840336134453782	0.869565217391304	90.0	60.0
37.9798226587046	-118.373027703281	1.88266392127052	0.840336134453782	0.869565217391304	90.0	60.0
37.9719884688417	-118.372988057062	2.63572948977873	0.840336134453782	0.869565217391304	90.0	60.0
37.9641542684121	-118.372948426211	3.38879505828693	0.840336134453782	0.869565217391304	90.0	60.0
37.9563200574164	-118.372908810724	4.14186062679514	0.840336134453782	0.869565217391304	90.0	60.0
37.9484858358555	-118.372869210592	4.89492619530335	0.840336134453782	0.869565217391304	90.0	60.0
37.9406516037300	-118.372829625811	5.64799176381156	0.840336134453782	0.869565217391304	90.0	60.0
37.9328173610406	-118.372790056373	6.40105733231976	0.840336134453782	0.869565217391304	90.0	60.0
37.9249831077881	-118.372750502273	7.15412290082797	0.840336134453782	0.869565217391304	90.0	60.0
37.9171488439732	-118.372710963503	7.90718846933618	0.840336134453782	0.869565217391304	90.0	60.0
37.9093145695966	-118.372671440058	8.66025403784439	0.840336134453782	0.869565217391304	90.0	60.0
37.9014802846590	-118.372631931931	9.41331960635259	0.840336134453782	0.869565217391304	90.0	60.0
37.8936459891612	-118.372592439116	10.1663851748608	0.840336134453782	0.869565217391304	90.0	60.0
37.8858116831039	-118.372552961607	10.9194507433690	0.840336134453782	0.869565217391304	90.0	60.0
37.8779773664878	-118.372513499397	11.6725163118772	0.840336134453782	0.869565217391304	90.0	60.0
37.8701430393137	-118.372474052479	12.4255818803854	0.840336134453782	0.869565217391304	90.0	60.0
37.8623087015822	-118.372434620849	13.1786474488936	0.840336134453782	0.869565217391304	90.0	60.0
37.8544743532941	-118.372395204498	13.9317130174018	0.840336134453782	0.869565217391304	90.0	60.0
37.8466399944502	-118.372355803422	14.6847785859100	0.840336134453782	0.869565217391304	90.0	60.0
37.8388056250512	-118.372316417614	15.4378441544183	0.840336134453782	0.869565217391304	90.0	60.0
37.8309712450977	-118.372277047066	16.1909097229265	0.840336134453782	0.869565217391304	90.0	60.0
37.8231368545906	-118.372237691774	16.9439752914347	0.840336134453782	0.869565217391304	90.0	60.0
37.9955209673872	-118.363540293209	0.376532784254104	0.840336134453782	0.869565217391304	90.0	60.0
37.9876867902703	-118.363501633525	1.12959835276231	0.840336134453782	0.869565217391304	90.0	60.0
37.9798526025869	-118.363462988829	1.88266392127052	0.840336134453782	0.869565217391304	90.0	60.0
37.9720184043378	-118.363424359113	2.63572948977873	0.840336134453782	0.869565217391304	90.0	60.0
37.9641841955238	-118.363385744373	3.38879505828693	0.840336134453782	0.869565217391304	90.0	60.0
37.9563499761454	-118.363347144601	4.14186062679514	0.840336134453782	0.869565217391304	90.0	60.0
37.9485157462036	-118.363308559792	4.89492619530335	0.840336134453782	0.869565217391304	90.0	60.0
37.9406815056988	-118.363269989939	5.64799176381156	0.840336134453782	0.869565217391304	90.0	60.0
37.9328472546320	-118.363231435037	6.40105733231976	0.840336134453782	0.869565217391304	90.0	60.0
37.9250129930038	-118.363192895078	7.15412290082797	0.840336134453782	0.869565217391304	90.0	60.0
37.9171787208150	-118.363154370058	7.90718846933618	0.840336134453782	0.869565217391304	90.0	60.0
37.9093444380662	-118.363115859969	8.66025403784439	0.840336134453782	0.869565217391304	90.0	60.0
37.9015101447582	-118.363077364805	9.41331960635259	0.840336134453782	0.869565217391304	90.0	60.0
37.8936758408917	-118.363038884561	10.1663851748608	0.840336134453782	0.869565217391304	90.0	60.0
37.8858415264674	-118.363000419230	10.9194507433690	0.840336134453782	0.869565217391304	90.0	60.0
37.8780072014862	-118.362961968806	11.6725163118772	0.840336134453782	0.869565217391304	90.0	60.0
37.8701728659486	-118.362923533283	12.4255818803854	0.840336134453782	0.869565217391304	90.0	60.0
37.8623385198554	-118.362885112655	13.1786474488936	0.840336134453782	0.869565217391304	90.0	60.0
37.8545041632074	-118.362846706915	13.9317130174018	0.840336134453782	0.869565217391304	90.0	60.0
37.8466697960052	-118.362808316057	14.6847785859100	0.840336134453782	0.869565217391304	90.0	60.0
37.8388354182497	-118.362769940076	15.4378441544183	0.840336134453782	0.869565217391304	90.0	60.0
37.8310010299415	-118.362731578965	16.1909097229265	0.840336134453782	0.869565217391304	90.0	60.0
37.8231666310814	-118.362693232718	16.9439752914347	0.840336134453782	0.869565217391304	90.0	60.0
37.9955501498985	-118.353973536885	0.376532784254104	0.840336134453782	0.869565217391304	90.0	60.0
37.9877159646097	-118.353935894498	1.12959835276231	0.840336134453782	0.869565217391304	90.0	60.0
37.9798817687562	-118.353898266705	1.88266392127052	0.840336134453782	0.869565217391304	90.0	60.0
37.9720475623387	-118.353860653498	2.63572948977873	0.840336134453782	0.869565217391304	90.0	60.0
37.9642133453579	-118.353823054873	3.38879505828693	0.840336134453782	0.869565217391304	90.0	60.0
37.9563791178146	-118.353785470822	4.14186062679514	0.840336134453782	0.869565217391304	90.0	60.0
37.9485448797094	-118.353747901341	4.89492619530335	0.840336134453782	0.869565217391304	90.0	60.0
37.9407106310432	-118.353710346422	5.64799176381156	0.840336134453782	0.869565217391304	90.0	60.0
37.9328763718165	-118.353672806060	6.40105733231976	0.840336134453782	0.869565217391304	90.0	60.0
37.9250421020301	-118.353635280249	7.15412290082797	0.840336134453782	0.869565217391304	90.0	60.0
37.9172078216848	-118.353597768982	7.90718846933618	0.840336134453782	0.869565217391304	90.0	60.0
37.9093735307813	-118.353560272254	8.66025403784439	0.840336134453782	0.869565217391304	90.0	60.0
37.9015392293203	-118.353522790059	9.41331960635259	0.840336134453782	0.869565217391304	90.0	60.0
37.8937049173024	-118.353485322391	10.1663851748608	0.840336134453782	0.869565217391304	90.0	60.0
37.8858705947285	-118.353447869244	10.9194507433690	0.840336134453782	0.869565217391304	90.0	60.0
37.8780362615993	-118.353410430611	11.6725163118772	0.840336134453782	0.869565217391304	90.0	60.0
37.8702019179155	-118.353373006487	12.4255818803854	0.840336134453782	0.869565217391304	90.0	60.0
37.8623675636778	-118.353335596866	13.1786474488936	0.840336134453782	0.869565217391304	90.0	60.0
37.8545331988869	-118.353298201742	13.9317130174018	0.840336134453782	0.869565217391304	90.0	60.0
37.8466988235436	-118.353260821108	14.6847785859100	0.840336134453782	0.869565217391304	90.0	60.0
37.8388644376487	-118.353223454959	15.4378441544183	0.840336134453782	0.869565217391304	90.0	60.0
37.8310300412027	-118.353186103290	16.1909097229265	0.840336134453782	0.869565217391304	90.0	60.0
37.8231956342066	-118.353148766093	16.9439752914347	0.840336134453782	0.869565217391304	90.0	60.0
37.9955785542569	-118.344406773081	0.376532784254104	0.840336134453782	0.869565217391304	90.0	60.0
37.9877443610142	-118.344370147997	1.12959835276231	0.840336134453782	0.869565217391304	90.0	60.0
37.9799101572084	-118.344333537112	1.88266392127052	0.840336134453782	0.869565217391304	90.0	60.0
37.9720759428403	-118.344296940419	2.63572948977873	0.840336134453782	0.869565217391304	90.0	60.0
37.9642417179106	-118.344260357914	3.38879505828693	0.840336134453782	0.869565217391304	90.0	60.0
37.9564074824200	-118.344223789589	4.14186062679514	0.840336134453782	0.869565217391304	90.0	60.0
37.9485732363693	-118.344187235440	4.89492619530335	0.840336134453782	0.869565217391304	90.0	60.0
37.9407389797590	-118.344150695460	5.64799176381156	0.840336134453782	0.869565217391304	90.0	60.0
37.9329047125901	-118.344114169643	6.40105733231976	0.840336134453782	0.869565217391304	90.0	60.0
37.9250704348631	-118.344077657984	7.15412290082797	0.840336134453782	0.869565217391304	90.0	60.0
37.9172361465788	-118.344041160477	7.90718846933618	0.840336134453782	0.869565217391304	90.0	60.0
37.9094018477380	-118.344004677115	8.66025403784439	0.840336134453782	0.869565217391304	90.0	60.0
37.9015675383413	-118.343968207894	9.41331960635259	0.840336134453782	0.869565217391304	90.0	60.0
37.8937332183895	-118.343931752807	10.1663851748608	0.840336134453782	0.869565217391304	90.0	60.0
37.8858988878832	-118.343895311848	10.9194507433690	0.840336134453782	0.869565217391304	90.0	60.0
37.8780645468233	-118.343858885011	11.6725163118772	0.840336134453782	0.869565217391304	90.0	60.0
37.8702301952105	-118.343822472291	12.4255818803854	0.840336134453782	0.869565217391304	90.0	60.0
37.8623958330454	-118.343786073683	13.1786474488936	0.840336134453782	0.869565217391304	90.0	60.0
37.8545614603288	-118.343749689179	13.9317130174018	0.840336134453782	0.869565217391304	90.0	60.0
37.8467270770615	-118.343713318774	14.6847785859100	0.840336134453782	0.869565217391304	90.0	60.0
37.8388926832441	-118.343676962463	15.4378441544183	0.840336134453782	0.869565217391304	90.0	60.0
37.8310582788774	-118.343640620239	16.1909097229265	0.840336134453782	0.869565217391304	90.0	60.0
37.8232238639622	-118.343604292097	16.9439752914347	0.840336134453782	0.869565217391304	90.0	60.0
37.9956061804587	-118.334840001999	0.376532784254104	0.840336134453782	0.869565217391304	90.0	60.0
37.9877719794799	-118.334804394223	1.12959835276231	0.840336134453782	0.869565217391304	90.0	60.0
37.9799377679398	-118.334768800251	1.88266392127052	0.840336134453782	0.869565217391304	90.0	60.0
37.9721035458389	-118.334733220077	2.63572948977873	0.840336134453782	0.869565217391304	90.0	60.0
37.9642693131780	-118.334697653696	3.38879505828693	0.840336134453782	0.869565217391304	90.0	60.0
37.9564350699579	-118.334662101103	4.14186062679514	0.840336134453782	0.869565217391304	90.0	60.0
37.9486008161791	-118.334626562291	4.89492619530335	0.840336134453782	0.869565217391304	90.0	60.0
37.9407665518426	-118.334591037254	5.64799176381156	0.840336134453782	0.869565217391304	90.0	60.0
37.9329322769489	-118.334555525988	6.40105733231976	0.840336134453782	0.869565217391304	90.0	60.0
37.9250979914988	-118.334520028486	7.15412290082797	0.840336134453782	0.869565217391304	90.0	60.0
37.9172636954931	-118.334484544743	7.90718846933618	0.840336134453782	0.869565217391304	90.0	60.0
37.9094293889324	-118.334449074752	8.66025403784439	0.840336134453782	0.869565217391304	90.0	60.0
37.9015950718174	-118.334413618509	9.41331960635259	0.840336134453782	0.869565217391304	90.0	60.0
37.8937607441490	-118.334378176007	10.1663851748608	0.840336134453782	0.869565217391304	90.0	60.0
37.8859264059277	-118.334342747242	10.9194507433690	0.840336134453782	0.869565217391304	90.0	60.0
37.8780920571544	-118.334307332207	11.6725163118772	0.840336134453782	0.869565217391304	90.0	60.0
37.8702576978297	-118.334271930896	12.4255818803854	0.840336134453782	0.869565217391304	90.0	60.0
37.8624233279545	-118.334236543304	13.1786474488936	0.840336134453782	0.869565217391304	90.0	60.0
37.8545889475293	-118.334201169425	13.9317130174018	0.840336134453782	0.869565217391304	90.0	60.0
37.8467545565550	-118.334165809254	14.6847785859100	0.840336134453782	0.869565217391304	90.0	60.0
37.8389201550322	-118.334130462785	15.4378441544183	0.840336134453782	0.869565217391304	90.0	60.0
37.8310857429618	-118.334095130012	16.1909097229265	0.840336134453782	0.869565217391304	90.0	60.0
37.8232513203443	-118.334059810930	16.9439752914347	0.840336134453782	0.869565217391304	90.0	60.0
37.9956330285001	-118.325273223842	0.376532784254104	0.840336134453782	0.869565217391304	90.0	60.0
37.9877988200032	-118.325238633378	1.12959835276231	0.840336134453782	0.869565217391304	90.0	60.0
37.9799646009465	-118.325204056324	1.88266392127052	0.840336134453782	0.869565217391304	90.0	60.0
37.9721303713306	-118.325169492674	2.63572948977873	0.840336134453782	0.869565217391304	90.0	60.0
37.9642961311563	-118.325134942423	3.38879505828693	0.840336134453782	0.869565217391304	90.0	60.0
37.9564618804243	-118.325100405565	4.14186062679514	0.840336134453782	0.869565217391304	90.0	60.0
37.9486276191353	-118.325065882095	4.89492619530335	0.840336134453782	0.869565217391304	90.0	60.0
37.9407933472901	-118.325031372007	5.64799176381156	0.840336134453782	0.869565217391304	90.0	60.0
37.9329590648893	-118.324996875295	6.40105733231976	0.840336134453782	0.869565217391304	90.0	60.0
37.9251247719337	-118.324962391955	7.15412290082797	0.840336134453782	0.869565217391304	90.0	60.0
37.9172904684239	-118.324927921980	7.90718846933618	0.840336134453782	0.869565217391304	90.0	60.0
37.9094561543608	-118.324893465366	8.66025403784439	0.840336134453782	0.869565217391304	90.0	60.0
37.9016218297450	-118.324859022106	9.41331960635259	0.840336134453782	0.869565217391304	90.0	60.0
37.8937874945772	-118.324824592194	10.1663851748608	0.840336134453782	0.869565217391304	90.0	60.0
37.8859531488583	-118.324790175627	10.9194507433690	0.840336134453782	0.869565217391304	90.0	60.0
37.8781187925888	-118.324755772397	11.6725163118772	0.840336134453782	0.869565217391304	90.0	60.0
37.8702844257695	-118.324721382500	12.4255818803854	0.840336134453782	0.869565217391304	90.0	60.0
37.8624500484012	-118.324687005930	13.1786474488936	0.840336134453782	0.869565217391304	90.0	60.0
37.8546156604846	-118.324652642681	13.9317130174018	0.840336134453782	0.869565217391304	90.0	60.0
37.8467812620204	-118.324618292749	14.6847785859100	0.840336134453782	0.869565217391304	90.0	60.0
37.8389468530093	-118.324583956126	15.4378441544183	0.840336134453782	0.869565217391304	90.0	60.0
37.8311124334520	-118.324549632809	16.1909097229265	0.840336134453782	0.869565217391304	90.0	60.0
37.8232780033494	-118.324515322792	16.9439752914347	0.840336134453782	0.869565217391304	90.0	60.0
37.9956590983775	-118.315706438813	0.376532784254104	0.840336134453782	0.869565217391304	90.0	60.0
37.9878248825804	-118.315672865665	1.12959835276231	0.840336134453782	0.869565217391304	90.0	60.0
37.9799906562249	-118.315639305533	1.88266392127052	0.840336134453782	0.869565217391304	90.0	60.0
37.9721564193119	-118.315605758411	2.63572948977873	0.840336134453782	0.869565217391304	90.0	60.0
37.9643221718419	-118.315572224294	3.38879505828693	0.840336134453782	0.869565217391304	90.0	60.0
37.9564879138158	-118.315538703177	4.14186062679514	0.840336134453782	0.869565217391304	90.0	60.0
37.9486536452342	-118.315505195053	4.89492619530335	0.840336134453782	0.869565217391304	90.0	60.0
37.9408193660979	-118.315471699918	5.64799176381156	0.840336134453782	0.869565217391304	90.0	60.0
37.9329850764076	-118.315438217766	6.40105733231976	0.840336134453782	0.869565217391304	90.0	60.0
37.9251507761639	-118.315404748592	7.15412290082797	0.840336134453782	0.869565217391304	90.0	60.0
37.9173164653677	-118.315371292391	7.90718846933618	0.840336134453782	0.869565217391304	90.0	60.0
37.9094821440196	-118.315337849156	8.66025403784439	0.840336134453782	0.869565217391304	90.0	60.0
37.9016478121203	-118.315304418884	9.41331960635259	0.840336134453782	0.869565217391304	90.0	60.0
37.8938134696706	-118.315271001568	10.1663851748608	0.840336134453782	0.869565217391304	90.0	60.0
37.8859791166712	-118.315237597203	10.9194507433690	0.840336134453782	0.869565217391304	90.0	60.0
37.8781447531229	-118.315204205783	11.6725163118772	0.840336134453782	0.869565217391304	90.0	60.0
37.8703103790262	-118.315170827305	12.4255818803854	0.840336134453782	0.869565217391304	90.0	60.0
37.8624759943821	-118.315137461761	13.1786474488936	0.840336134453782	0.869565217391304	90.0	60.0
37.8546415991911	-118.315104109147	13.9317130174018	0.840336134453782	0.869565217391304	90.0	60.0
37.8468071934541	-118.315070769457	14.6847785859100	0.840336134453782	0.869565217391304	90.0	60.0
37.8389727771717	-118.315037442686	15.4378441544183	0.840336134453782	0.869565217391304	90.0	60.0
37.8311383503446	-118.315004128829	16.1909097229265	0.840336134453782	0.869565217391304	90.0	60.0
37.8233039129737	-118.314970827880	16.9439752914347	0.840336134453782	0.869565217391304	90.0	60.0
37.9956843900873	-118.306139647112	0.376532784254104	0.840336134453782	0.869565217391304	90.0	60.0
37.9878501672078	-118.306107091285	1.12959835276231	0.840336134453782	0.869565217391304	90.0	60.0
37.9800159337715	-118.306074548080	1.88266392127052	0.840336134453782	0.869565217391304	90.0	60.0
37.9721816897791	-118.306042017491	2.63572948977873	0.840336134453782	0.869565217391304	90.0	60.0
37.9643474352313	-118.306009499513	3.38879505828693	0.840336134453782	0.869565217391304	90.0	60.0
37.9565131701288	-118.305976994140	4.14186062679514	0.840336134453782	0.869565217391304	90.0	60.0
37.9486788944723	-118.305944501367	4.89492619530335	0.840336134453782	0.869565217391304	90.0	60.0
37.9408446082625	-118.305912021189	5.64799176381156	0.840336134453782	0.869565217391304	90.0	60.0
37.9330103115002	-118.305879553602	6.40105733231976	0.840336134453782	0.869565217391304	90.0	60.0
37.9251760041860	-118.305847098598	7.15412290082797	0.840336134453782	0.869565217391304	90.0	60.0
37.9173416863208	-118.305814656175	7.90718846933618	0.840336134453782	0.869565217391304	90.0	60.0
37.9095073579052	-118.305782226325	8.66025403784439	0.840336134453782	0.869565217391304	90.0	60.0
37.9016730189399	-118.305749809045	9.41331960635259	0.840336134453782	0.869565217391304	90.0	60.0
37.8938386694256	-118.305717404328	10.1663851748608	0.840336134453782	0.869565217391304	90.0	60.0
37.8860043093631	-118.305685012170	10.9194507433690	0.840336134453782	0.869565217391304	90.0	60.0
37.8781699387531	-118.305652632565	11.6725163118772	0.840336134453782	0.869565217391304	90.0	60.0
37.8703355575964	-118.305620265509	12.4255818803854	0.840336134453782	0.869565217391304	90.0	60.0
37.8625011658935	-118.305587910996	13.1786474488936	0.840336134453782	0.869565217391304	90.0	60.0
37.8546667636453	-118.305555569021	13.9317130174018	0.840336134453782	0.869565217391304	90.0	60.0
37.8468323508525	-118.305523239578	14.6847785859100	0.840336134453782	0.869565217391304	90.0	60.0
37.8389979275159	-118.305490922663	15.4378441544183	0.840336134453782	0.869565217391304	90.0	60.0
37.8311634936360	-118.305458618271	16.1909097229265	0.840336134453782	0.869565217391304	90.0	60.0
37.8233290492138	-118.305426326395	16.9439752914347	0.840336134453782	0.869565217391304	90.0	60.0
37.9957089036261	-118.296572848942	0.376532784254104	0.840336134453782	0.869565217391304	90.0	60.0
37.9878746738822	-118.296541310441	1.12959835276231	0.840336134453782	0.869565217391304	90.0	60.0
37.9800404335829	-118.296509784167	1.88266392127052	0.840336134453782	0.869565217391304	90.0	60.0
37.9722061827290	-118.296478270115	2.63572948977873	0.840336134453782	0.869565217391304	90.0	60.0
37.9643719213210	-118.296446768280	3.38879505828693	0.840336134453782	0.869565217391304	90.0	60.0
37.9565376493598	-118.296415278656	4.14186062679514	0.840336134453782	0.869565217391304	90.0	60.0
37.9487033668461	-118.296383801238	4.89492619530335	0.840336134453782	0.869565217391304	90.0	60.0
37.9408690737805	-118.296352336022	5.64799176381156	0.840336134453782	0.869565217391304	90.0	60.0
37.9330347701638	-118.296320883003	6.40105733231976	0.840336134453782	0.869565217391304	90.0	60.0
37.9252004559967	-118.296289442174	7.15412290082797	0.840336134453782	0.869565217391304	90.0	60.0
37.9173661312800	-118.296258013533	7.90718846933618	0.840336134453782	0.869565217391304	90.0	60.0
37.9095317960142	-118.296226597072	8.66025403784439	0.840336134453782	0.869565217391304	90.0	60.0
37.9016974502003	-118.296195192788	9.41331960635259	0.840336134453782	0.869565217391304	90.0	60.0
37.8938630938388	-118.296163800675	10.1663851748608	0.840336134453782	0.869565217391304	90.0	60.0
37.8860287269305	-118.296132420728	10.9194507433690	0.840336134453782	0.869565217391304	90.0	60.0
37.8781943494762	-118.296101052943	11.6725163118772	0.840336134453782	0.869565217391304	90.0	60.0
37.8703599614765	-118.296069697314	12.4255818803854	0.840336134453782	0.869565217391304	90.0	60.0
37.8625255629321	-118.296038353835	13.1786474488936	0.840336134453782	0.869565217391304	90.0	60.0
37.8546911538438	-118.296007022503	13.9317130174018	0.840336134453782	0.869565217391304	90.0	60.0
37.8468567342124	-118.295975703312	14.6847785859100	0.840336134453782	0.869565217391304	90.0	60.0
37.8390223040385	-118.295944396258	15.4378441544183	0.840336134453782	0.869565217391304	90.0	60.0
37.8311878633229	-118.295913101334	16.1909097229265	0.840336134453782	0.869565217391304	90.0	60.0
37.8233534120662	-118.295881818536	16.9439752914347	0.840336134453782	0.869565217391304	90.0	60.0
37.9957326389906	-118.287006044505	0.376532784254104	0.840336134453782	0.869565217391304	90.0	60.0
37.9878984026002	-118.286975523334	1.12959835276231	0.840336134453782	0.869565217391304	90.0	60.0
37.9800641556558	-118.286945013996	1.88266392127052	0.840336134453782	0.869565217391304	90.0	60.0
37.9722298981581	-118.286914516485	2.63572948977873	0.840336134453782	0.869565217391304	90.0	60.0
37.9643956301077	-118.286884030796	3.38879505828693	0.840336134453782	0.869565217391304	90.0	60.0
37.9565613515056	-118.286853556926	4.14186062679514	0.840336134453782	0.869565217391304	90.0	60.0
37.9487270623523	-118.286823094868	4.89492619530335	0.840336134453782	0.869565217391304	90.0	60.0
37.9408927626485	-118.286792644617	5.64799176381156	0.840336134453782	0.869565217391304	90.0	60.0
37.9330584523950	-118.286762206170	6.40105733231976	0.840336134453782	0.869565217391304	90.0	60.0
37.9252241315925	-118.286731779521	7.15412290082797	0.840336134453782	0.869565217391304	90.0	60.0
37.9173898002418	-118.286701364666	7.90718846933618	0.840336134453782	0.869565217391304	90.0	60.0
37.9095554583434	-118.286670961599	8.66025403784439	0.840336134453782	0.869565217391304	90.0	60.0
37.9017211058982	-118.286640570315	9.41331960635259	0.840336134453782	0.869565217391304	90.0	60.0
37.8938867429069	-118.286610190810	10.1663851748608	0.840336134453782	0.869565217391304	90.0	60.0
37.8860523693701	-118.286579823079	10.9194507433690	0.840336134453782	0.869565217391304	90.0	60.0
37.8782179852887	-118.286549467116	11.6725163118772	0.840336134453782	0.869565217391304	90.0	60.0
37.8703835906633	-118.286519122918	12.4255818803854	0.840336134453782	0.869565217391304	90.0	60.0
37.8625491854946	-118.286488790479	13.1786474488936	0.840336134453782	0.869565217391304	90.0	60.0
37.8547147697834	-118.286458469794	13.9317130174018	0.840336134453782	0.869565217391304	90.0	60.0
37.8468803435304	-118.286428160859	14.6847785859100	0.840336134453782	0.869565217391304	90.0	60.0
37.8390459067363	-118.286397863668	15.4378441544183	0.840336134453782	0.869565217391304	90.0	60.0
37.8312114594018	-118.286367578218	16.1909097229265	0.840336134453782	0.869565217391304	90.0	60.0
37.8233770015278	-118.286337304502	16.9439752914347	0.840336134453782	0.869565217391304	90.0	60.0
37.9957555961776	-118.277439234004	0.376532784254104	0.840336134453782	0.869565217391304	90.0	60.0
37.9879213533586	-118.277409730167	1.12959835276231	0.840336134453782	0.869565217391304	90.0	60.0
37.9800870999868	-118.277380237768	1.88266392127052	0.840336134453782	0.869565217391304	90.0	60.0
37.9722528360632	-118.277350756802	2.63572948977873	0.840336134453782	0.869565217391304	90.0	60.0
37.9644185615883	-118.277321287265	3.38879505828693	0.840336134453782	0.869565217391304	90.0	60.0
37.9565842765629	-118.277291829151	4.14186062679514	0.840336134453782	0.869565217391304	90.0	60.0
37.9487499809877	-118.277262382457	4.89492619530335	0.840336134453782	0.869565217391304	90.0	60.0
37.9409156748634	-118.277232947176	5.64799176381156	0.840336134453782	0.869565217391304	90.0	60.0
37.9330813581907	-118.277203523306	6.40105733231976	0.840336134453782	0.869565217391304	90.0	60.0
37.9252470309704	-118.277174110840	7.15412290082797	0.840336134453782	0.869565217391304	90.0	60.0
37.9174126932031	-118.277144709775	7.90718846933618	0.840336134453782	0.869565217391304	90.0	60.0
37.9095783448895	-118.277115320105	8.66025403784439	0.840336134453782	0.869565217391304	90.0	60.0
37.9017439860305	-118.277085941826	9.41331960635259	0.840336134453782	0.869565217391304	90.0	60.0
37.8939096166267	-118.277056574932	10.1663851748608	0.840336134453782	0.869565217391304	90.0	60.0
37.8860752366787	-118.277027219421	10.9194507433690	0.840336134453782	0.869565217391304	90.0	60.0
37.8782408461874	-118.276997875286	11.6725163118772	0.840336134453782	0.869565217391304	90.0	60.0
37.8704064451535	-118.276968542522	12.4255818803854	0.840336134453782	0.869565217391304	90.0	60.0
37.8625720335777	-118.276939221126	13.1786474488936	0.840336134453782	0.869565217391304	90.0	60.0
37.8547376114607	-118.276909911093	13.9317130174018	0.840336134453782	0.869565217391304	90.0	60.0
37.8469031788032	-118.276880612418	14.6847785859100	0.840336134453782	0.869565217391304	90.0	60.0
37.8390687356060	-118.276851325095	15.4378441544183	0.840336134453782	0.869565217391304	90.0	60.0
37.8312342818697	-118.276822049122	16.1909097229265	0.840336134453782	0.869565217391304	90.0	60.0
37.8233998175952	-118.276792784492	16.9439752914347	0.840336134453782	0.869565217391304	90.0	60.0
37.9957777751839	-118.267872417641	0.376532784254104	0.840336134453782	0.869565217391304	90.0	60.0
37.9879435261541	-118.267843931141	1.12959835276231	0.840336134453782	0.869565217391304	90.0	60.0
37.9801092665730	-118.267815455685	1.88266392127052	0.840336134453782	0.869565217391304	90.0	60.0
37.9722749964413	-118.267786991269	2.63572948977873	0.840336134453782	0.869565217391304	90.0	60.0
37.9644407157596	-118.267758537886	3.38879505828693	0.840336134453782	0.869565217391304	90.0	60.0
37.9566064245286	-118.267730095534	4.14186062679514	0.840336134453782	0.869565217391304	90.0	60.0
37.9487721227493	-118.267701664207	4.89492619530335	0.840336134453782	0.869565217391304	90.0	60.0
37.9409378104220	-118.267673243900	5.64799176381156	0.840336134453782	0.869565217391304	90.0	60.0
37.9331034875477	-118.267644834610	6.40105733231976	0.840336134453782	0.869565217391304	90.0	60.0
37.9252691541270	-118.267616436332	7.15412290082797	0.840336134453782	0.869565217391304	90.0	60.0
37.9174348101607	-118.267588049060	7.90718846933618	0.840336134453782	0.869565217391304	90.0	60.0
37.9096004556495	-118.267559672792	8.66025403784439	0.840336134453782	0.869565217391304	90.0	60.0
37.9017660905940	-118.267531307521	9.41331960635259	0.840336134453782	0.869565217391304	90.0	60.0
37.8939317149950	-118.267502953243	10.1663851748608	0.840336134453782	0.869565217391304	90.0	60.0
37.8860973288532	-118.267474609955	10.9194507433690	0.840336134453782	0.869565217391304	90.0	60.0
37.8782629321694	-118.267446277651	11.6725163118772	0.840336134453782	0.869565217391304	90.0	60.0
37.8704285249442	-118.267417956327	12.4255818803854	0.840336134453782	0.869565217391304	90.0	60.0
37.8625941071784	-118.267389645978	13.1786474488936	0.840336134453782	0.869565217391304	90.0	60.0
37.8547596788727	-118.267361346600	13.9317130174018	0.840336134453782	0.869565217391304	90.0	60.0
37.8469252400279	-118.267333058188	14.6847785859100	0.840336134453782	0.869565217391304	90.0	60.0
37.8390907906446	-118.267304780738	15.4378441544183	0.840336134453782	0.869565217391304	90.0	60.0
37.8312563307235	-118.267276514245	16.1909097229265	0.840336134453782	0.869565217391304	90.0	60.0
37.8234218602654	-118.267248258704	16.9439752914347	0.840336134453782	0.869565217391304	90.0	60.0
37.9957991760066	-118.258305595616	0.376532784254104	0.840336134453782	0.869565217391304	90.0	60.0
37.9879649209840	-118.258278126459	1.12959835276231	0.840336134453782	0.869565217391304	90.0	60.0
37.9801306554113	-118.258250667950	1.88266392127052	0.840336134453782	0.869565217391304	90.0	60.0
37.9722963792893	-118.258223220086	2.63572948977873	0.840336134453782	0.869565217391304	90.0	60.0
37.9644620926185	-118.258195782862	3.38879505828693	0.840336134453782	0.869565217391304	90.0	60.0
37.9566277953998	-118.258168356275	4.14186062679514	0.840336134453782	0.869565217391304	90.0	60.0
37.9487934876339	-118.258140940319	4.89492619530335	0.840336134453782	0.869565217391304	90.0	60.0
37.9409591693214	-118.258113534990	5.64799176381156	0.840336134453782	0.869565217391304	90.0	60.0
37.9331248404631	-118.258086140284	6.40105733231976	0.840336134453782	0.869565217391304	90.0	60.0
37.9252905010596	-118.258058756197	7.15412290082797	0.840336134453782	0.869565217391304	90.0	60.0
37.9174561511118	-118.258031382723	7.90718846933618	0.840336134453782	0.869565217391304	90.0	60.0
37.9096217906202	-118.258004019859	8.66025403784439	0.840336134453782	0.869565217391304	90.0	60.0
37.9017874195857	-118.257976667601	9.41331960635259	0.840336134453782	0.869565217391304	90.0	60.0
37.8939530380090	-118.257949325943	10.1663851748608	0.840336134453782	0.869565217391304	90.0	60.0
37.8861186458907	-118.257921994882	10.9194507433690	0.840336134453782	0.869565217391304	90.0	60.0
37.8782842432316	-118.257894674412	11.6725163118772	0.840336134453782	0.869565217391304	90.0	60.0
37.8704498300323	-118.257867364531	12.4255818803854	0.840336134453782	0.869565217391304	90.0	60.0
37.8626154062938	-118.257840065233	13.1786474488936	0.840336134453782	0.869565217391304	90.0	60.0
37.8547809720165	-118.257812776514	13.9317130174018	0.840336134453782	0.869565217391304	90.0	60.0
37.8469465272014	-118.257785498369	14.6847785859100	0.840336134453782	0.869565217391304	90.0	60.0
37.8391120718490	-118.257758230795	15.4378441544183	0.840336134453782	0.869565217391304	90.0	60.0
37.8312776059601	-118.257730973787	16.1909097229265	0.840336134453782	0.869565217391304	90.0	60.0
37.8234431295355	-118.257703727340	16.9439752914347	0.840336134453782	0.869565217391304	90.0	60.0
37.9958197986427	-118.248738768134	0.376532784254104	0.840336134453782	0.869565217391304	90.0	60.0
37.9879855378452	-118.248712316321	1.12959835276231	0.840336134453782	0.869565217391304	90.0	60.0
37.9801512664988	-118.248685874764	1.88266392127052	0.840336134453782	0.869565217391304	90.0	60.0
37.9723169846043	-118.248659443456	2.63572948977873	0.840336134453782	0.869565217391304	90.0	60.0
37.9644826921623	-118.248633022395	3.38879505828693	0.840336134453782	0.869565217391304	90.0	60.0
37.9566483891736	-118.248606611576	4.14186062679514	0.840336134453782	0.869565217391304	90.0	60.0
37.9488140756387	-118.248580210995	4.89492619530335	0.840336134453782	0.869565217391304	90.0	60.0
37.9409797515586	-118.248553820648	5.64799176381156	0.840336134453782	0.869565217391304	90.0	60.0
37.9331454169339	-118.248527440529	6.40105733231976	0.840336134453782	0.869565217391304	90.0	60.0
37.9253110717652	-118.248501070636	7.15412290082797	0.840336134453782	0.869565217391304	90.0	60.0
37.9174767160533	-118.248474710964	7.90718846933618	0.840336134453782	0.869565217391304	90.0	60.0
37.9096423497989	-118.248448361509	8.66025403784439	0.840336134453782	0.869565217391304	90.0	60.0
37.9018079730028	-118.248422022266	9.41331960635259	0.840336134453782	0.869565217391304	90.0	60.0
37.8939735856656	-118.248395693232	10.1663851748608	0.840336134453782	0.869565217391304	90.0	60.0
37.8861391877881	-118.248369374401	10.9194507433690	0.840336134453782	0.869565217391304	90.0	60.0
37.8783047793710	-118.248343065770	11.6725163118772	0.840336134453782	0.869565217391304	90.0	60.0
37.8704703604150	-118.248316767335	12.4255818803854	0.840336134453782	0.869565217391304	90.0	60.0
37.8626359309208	-118.248290479091	13.1786474488936	0.840336134453782	0.869565217391304	90.0	60.0
37.8548014908892	-118.248264201035	13.9317130174018	0.840336134453782	0.869565217391304	90.0	60.0
37.8469670403208	-118.248237933161	14.6847785859100	0.840336134453782	0.869565217391304	90.0	60.0
37.8391325792164	-118.248211675466	15.4378441544183	0.840336134453782	0.869565217391304	90.0	60.0
37.8312981075767	-118.248185427946	16.1909097229265	0.840336134453782	0.869565217391304	90.0	60.0
37.8234636254025	-118.248159190596	16.9439752914347	0.840336134453782	0.869565217391304	90.0	60.0
37.9958396430894	-118.239171935396	0.376532784254104	0.840336134453782	0.869565217391304	90.0	60.0
37.9880053767349	-118.239146500932	1.12959835276231	0.840336134453782	0.869565217391304	90.0	60.0
37.9801710998328	-118.239121076328	1.88266392127052	0.840336134453782	0.869565217391304	90.0	60.0
37.9723368123836	-118.239095661581	2.63572948977873	0.840336134453782	0.869565217391304	90.0	60.0
37.9645025143881	-118.239070256686	3.38879505828693	0.840336134453782	0.869565217391304	90.0	60.0
37.9566682058470	-118.239044861639	4.14186062679514	0.840336134453782	0.869565217391304	90.0	60.0
37.9488338867610	-118.239019476436	4.89492619530335	0.840336134453782	0.869565217391304	90.0	60.0
37.9409995571309	-118.238994101073	5.64799176381156	0.840336134453782	0.869565217391304	90.0	60.0
37.9331652169573	-118.238968735546	6.40105733231976	0.840336134453782	0.869565217391304	90.0	60.0
37.9253308662409	-118.238943379852	7.15412290082797	0.840336134453782	0.869565217391304	90.0	60.0
37.9174965049825	-118.238918033985	7.90718846933618	0.840336134453782	0.869565217391304	90.0	60.0
37.9096621331828	-118.238892697941	8.66025403784439	0.840336134453782	0.869565217391304	90.0	60.0
37.9018277508425	-118.238867371718	9.41331960635259	0.840336134453782	0.869565217391304	90.0	60.0
37.8939933579622	-118.238842055310	10.1663851748608	0.840336134453782	0.869565217391304	90.0	60.0
37.8861589545428	-118.238816748713	10.9194507433690	0.840336134453782	0.869565217391304	90.0	60.0
37.8783245405850	-118.238791451924	11.6725163118772	0.840336134453782	0.869565217391304	90.0	60.0
37.8704901160894	-118.238766164939	12.4255818803854	0.840336134453782	0.869565217391304	90.0	60.0
37.8626556810568	-118.238740887753	13.1786474488936	0.840336134453782	0.869565217391304	90.0	60.0
37.8548212354878	-118.238715620363	13.9317130174018	0.840336134453782	0.869565217391304	90.0	60.0
37.8469867793833	-118.238690362764	14.6847785859100	0.840336134453782	0.869565217391304	90.0	60.0
37.8391523127440	-118.238665114952	15.4378441544183	0.840336134453782	0.869565217391304	90.0	60.0
37.8313178355705	-118.238639876923	16.1909097229265	0.840336134453782	0.869565217391304	90.0	60.0
37.8234833478636	-118.238614648674	16.9439752914347	0.840336134453782	0.869565217391304	90.0	60.0
37.9958587093441	-118.229605097604	0.376532784254104	0.840336134453782	0.869565217391304	90.0	60.0
37.9880244376506	-118.229580680492	1.12959835276231	0.840336134453782	0.869565217391304	90.0	60.0
37.9801901554104	-118.229556272846	1.88266392127052	0.840336134453782	0.869565217391304	90.0	60.0
37.9723558626244	-118.229531874662	2.63572948977873	0.840336134453782	0.869565217391304	90.0	60.0
37.9645215592932	-118.229507485936	3.38879505828693	0.840336134453782	0.869565217391304	90.0	60.0
37.9566872454175	-118.229483106664	4.14186062679514	0.840336134453782	0.869565217391304	90.0	60.0
37.9488529209981	-118.229458736843	4.89492619530335	0.840336134453782	0.869565217391304	90.0	60.0
37.9410185860356	-118.229434376469	5.64799176381156	0.840336134453782	0.869565217391304	90.0	60.0
37.9331842405307	-118.229410025537	6.40105733231976	0.840336134453782	0.869565217391304	90.0	60.0
37.9253498844842	-118.229385684043	7.15412290082797	0.840336134453782	0.869565217391304	90.0	60.0
37.9175155178968	-118.229361351984	7.90718846933618	0.840336134453782	0.869565217391304	90.0	60.0
37.9096811407691	-118.229337029357	8.66025403784439	0.840336134453782	0.869565217391304	90.0	60.0
37.9018467531020	-118.229312716156	9.41331960635259	0.840336134453782	0.869565217391304	90.0	60.0
37.8940123548961	-118.229288412378	10.1663851748608	0.840336134453782	0.869565217391304	90.0	60.0
37.8861779461521	-118.229264118019	10.9194507433690	0.840336134453782	0.869565217391304	90.0	60.0
37.8783435268708	-118.229239833075	11.6725163118772	0.840336134453782	0.869565217391304	90.0	60.0
37.8705090970528	-118.229215557543	12.4255818803854	0.840336134453782	0.869565217391304	90.0	60.0
37.8626746566990	-118.229191291418	13.1786474488936	0.840336134453782	0.869565217391304	90.0	60.0
37.8548402058100	-118.229167034697	13.9317130174018	0.840336134453782	0.869565217391304	90.0	60.0
37.8470057443864	-118.229142787376	14.6847785859100	0.840336134453782	0.869565217391304	90.0	60.0
37.8391712724292	-118.229118549450	15.4378441544183	0.840336134453782	0.869565217391304	90.0	60.0
37.8313367899389	-118.229094320917	16.1909097229265	0.840336134453782	0.869565217391304	90.0	60.0
37.8235022969163	-118.229070101771	16.9439752914347	0.840336134453782	0.869565217391304	90.0	60.0
37.9958769974041	-118.220038254959	0.376532784254104	0.840336134453782	0.869565217391304	90.0	60.0
37.9880427205894	-118.220014855203	1.12959835276231	0.840336134453782	0.869565217391304	90.0	60.0
37.9802084332292	-118.219991464518	1.88266392127052	0.840336134453782	0.869565217391304	90.0	60.0
37.9723741353242	-118.219968082900	2.63572948977873	0.840336134453782	0.869565217391304	90.0	60.0
37.9645398268751	-118.219944710347	3.38879505828693	0.840336134453782	0.869565217391304	90.0	60.0
37.9567055078825	-118.219921346854	4.14186062679514	0.840336134453782	0.869565217391304	90.0	60.0
37.9488711783473	-118.219897992418	4.89492619530335	0.840336134453782	0.869565217391304	90.0	60.0
37.9410368382700	-118.219874647035	5.64799176381156	0.840336134453782	0.869565217391304	90.0	60.0
37.9332024876515	-118.219851310701	6.40105733231976	0.840336134453782	0.869565217391304	90.0	60.0
37.9253681264924	-118.219827983412	7.15412290082797	0.840336134453782	0.869565217391304	90.0	60.0
37.9175337547934	-118.219804665165	7.90718846933618	0.840336134453782	0.869565217391304	90.0	60.0
37.9096993725554	-118.219781355956	8.66025403784439	0.840336134453782	0.869565217391304	90.0	60.0
37.9018649797788	-118.219758055780	9.41331960635259	0.840336134453782	0.869565217391304	90.0	60.0
37.8940305764646	-118.219734764636	10.1663851748608	0.840336134453782	0.869565217391304	90.0	60.0
37.8861961626134	-118.219711482518	10.9194507433690	0.840336134453782	0.869565217391304	90.0	60.0
37.8783617382259	-118.219688209423	11.6725163118772	0.840336134453782	0.869565217391304	90.0	60.0
37.8705273033028	-118.219664945347	12.4255818803854	0.840336134453782	0.869565217391304	90.0	60.0
37.8626928578449	-118.219641690287	13.1786474488936	0.840336134453782	0.869565217391304	90.0	60.0
37.8548584018529	-118.219618444238	13.9317130174018	0.840336134453782	0.869565217391304	90.0	60.0
37.8470239353275	-118.219595207198	14.6847785859100	0.840336134453782	0.869565217391304	90.0	60.0
37.8391894582693	-118.219571979162	15.4378441544183	0.840336134453782	0.869565217391304	90.0	60.0
37.8313549706792	-118.219548760126	16.1909097229265	0.840336134453782	0.869565217391304	90.0	60.0
37.8235204725579	-118.219525550088	16.9439752914347	0.840336134453782	0.869565217391304	90.0	60.0
37.9958945072670	-118.210471407666	0.376532784254104	0.840336134453782	0.869565217391304	90.0	60.0
37.9880602255491	-118.210449025267	1.12959835276231	0.840336134453782	0.869565217391304	90.0	60.0
37.9802259332867	-118.210426651546	1.88266392127052	0.840336134453782	0.869565217391304	90.0	60.0
37.9723916304805	-118.210404286499	2.63572948977873	0.840336134453782	0.869565217391304	90.0	60.0
37.9645573171312	-118.210381930121	3.38879505828693	0.840336134453782	0.869565217391304	90.0	60.0
37.9567229932395	-118.210359582410	4.14186062679514	0.840336134453782	0.869565217391304	90.0	60.0
37.9488886588061	-118.210337243362	4.89492619530335	0.840336134453782	0.869565217391304	90.0	60.0
37.9410543138318	-118.210314912973	5.64799176381156	0.840336134453782	0.869565217391304	90.0	60.0
37.9332199583172	-118.210292591240	6.40105733231976	0.840336134453782	0.869565217391304	90.0	60.0
37.9253855922631	-118.210270278159	7.15412290082797	0.840336134453782	0.869565217391304	90.0	60.0
37.9175512156701	-118.210247973727	7.90718846933618	0.840336134453782	0.869565217391304	90.0	60.0
37.9097168285390	-118.210225677939	8.66025403784439	0.840336134453782	0.869565217391304	90.0	60.0
37.9018824308705	-118.210203390793	9.41331960635259	0.840336134453782	0.869565217391304	90.0	60.0
37.8940480226654	-118.210181112284	10.1663851748608	0.840336134453782	0.869565217391304	90.0	60.0
37.8862136039242	-118.210158842410	10.9194507433690	0.840336134453782	0.869565217391304	90.0	60.0
37.8783791746478	-118.210136581167	11.6725163118772	0.840336134453782	0.869565217391304	90.0	60.0
37.8705447348369	-118.210114328551	12.4255818803854	0.840336134453782	0.869565217391304	90.0	60.0
37.8627102844921	-118.210092084558	13.1786474488936	0.840336134453782	0.869565217391304	90.0	60.0
37.8548758236142	-118.210069849185	13.9317130174018	0.840336134453782	0.869565217391304	90.0	60.0
37.8470413522039	-118.210047622429	14.6847785859100	0.840336134453782	0.869565217391304	90.0	60.0
37.8392068702620	-118.210025404285	15.4378441544183	0.840336134453782	0.869565217391304	90.0	60.0
37.8313723777891	-118.210003194751	16.1909097229265	0.840336134453782	0.869565217391304	90.0	60.0
37.8235378747860	-118.209980993823	16.9439752914347	0.840336134453782	0.869565217391304	90.0	60.0
37.9959112389305	-118.200904555924	0.376532784254104	0.840336134453782	0.869565217391304	90.0	60.0
37.9880769525272	-118.200883190888	1.12959835276231	0.840336134453782	0.869565217391304	90.0	60.0
37.9802426555805	-118.200861834133	1.88266392127052	0.840336134453782	0.869565217391304	90.0	60.0
37.9724083480909	-118.200840485659	2.63572948977873	0.840336134453782	0.869565217391304	90.0	60.0
37.9645740300592	-118.200819145460	3.38879505828693	0.840336134453782	0.869565217391304	90.0	60.0
37.9567397014861	-118.200797813534	4.14186062679514	0.840336134453782	0.869565217391304	90.0	60.0
37.9489053623723	-118.200776489876	4.89492619530335	0.840336134453782	0.869565217391304	90.0	60.0
37.9410710127185	-118.200755174485	5.64799176381156	0.840336134453782	0.869565217391304	90.0	60.0
37.9332366525255	-118.200733867356	6.40105733231976	0.840336134453782	0.869565217391304	90.0	60.0
37.9254022817939	-118.200712568485	7.15412290082797	0.840336134453782	0.869565217391304	90.0	60.0
37.9175679005244	-118.200691277871	7.90718846933618	0.840336134453782	0.869565217391304	90.0	60.0
37.9097335087178	-118.200669995508	8.66025403784439	0.840336134453782	0.869565217391304	90.0	60.0
37.9018991063747	-118.200648721393	9.41331960635259	0.840336134453782	0.869565217391304	90.0	60.0
37.8940646934960	-118.200627455524	10.1663851748608	0.840336134453782	0.869565217391304	90.0	60.0
37.8862302700822	-118.200606197897	10.9194507433690	0.840336134453782	0.869565217391304	90.0	60.0
37.8783958361342	-118.200584948508	11.6725163118772	0.840336134453782	0.869565217391304	90.0	60.0
37.8705613916526	-118.200563707354	12.4255818803854	0.840336134453782	0.869565217391304	90.0	60.0
37.8627269366381	-118.200542474432	13.1786474488936	0.840336134453782	0.869565217391304	90.0	60.0
37.8548924710915	-118.200521249738	13.9317130174018	0.840336134453782	0.869565217391304	90.0	60.0
37.8470579950135	-118.200500033268	14.6847785859100	0.840336134453782	0.869565217391304	90.0	60.0
37.8392235084048	-118.200478825020	15.4378441544183	0.840336134453782	0.869565217391304	90.0	60.0
37.8313890112662	-118.200457624990	16.1909097229265	0.840336134453782	0.869565217391304	90.0	60.0
37.8235545035982	-118.200436433175	16.9439752914347	0.840336134453782	0.869565217391304	90.0	60.0
37.9959271923922	-118.191337699938	0.376532784254104	0.840336134453782	0.869565217391304	90.0	60.0
37.9880929015215	-118.191317352265	1.12959835276231	0.840336134453782	0.869565217391304	90.0	60.0
37.9802586001083	-118.191297012481	1.88266392127052	0.840336134453782	0.869565217391304	90.0	60.0
37.9724242881531	-118.191276680582	2.63572948977873	0.840336134453782	0.869565217391304	90.0	60.0
37.9645899656569	-118.191256356564	3.38879505828693	0.840336134453782	0.869565217391304	90.0	60.0
37.9567556326201	-118.191236040426	4.14186062679514	0.840336134453782	0.869565217391304	90.0	60.0
37.9489212890435	-118.191215732162	4.89492619530335	0.840336134453782	0.869565217391304	90.0	60.0
37.9410869349280	-118.191195431771	5.64799176381156	0.840336134453782	0.869565217391304	90.0	60.0
37.9332525702740	-118.191175139249	6.40105733231976	0.840336134453782	0.869565217391304	90.0	60.0
37.9254181950825	-118.191154854592	7.15412290082797	0.840336134453782	0.869565217391304	90.0	60.0
37.9175838093540	-118.191134577797	7.90718846933618	0.840336134453782	0.869565217391304	90.0	60.0
37.9097494130893	-118.191114308862	8.66025403784439	0.840336134453782	0.869565217391304	90.0	60.0
37.9019150062891	-118.191094047782	9.41331960635259	0.840336134453782	0.869565217391304	90.0	60.0
37.8940805889542	-118.191073794555	10.1663851748608	0.840336134453782	0.869565217391304	90.0	60.0
37.8862461610852	-118.191053549178	10.9194507433690	0.840336134453782	0.869565217391304	90.0	60.0
37.8784117226827	-118.191033311646	11.6725163118772	0.840336134453782	0.869565217391304	90.0	60.0
37.8705772737477	-118.191013081958	12.4255818803854	0.840336134453782	0.869565217391304	90.0	60.0
37.8627428142808	-118.190992860108	13.1786474488936	0.840336134453782	0.869565217391304	90.0	60.0
37.8549083442826	-118.190972646096	13.9317130174018	0.840336134453782	0.869565217391304	90.0	60.0
37.8470738637540	-118.190952439916	14.6847785859100	0.840336134453782	0.869565217391304	90.0	60.0
37.8392393726956	-118.190932241567	15.4378441544183	0.840336134453782	0.869565217391304	90.0	60.0
37.8314048711081	-118.190912051044	16.1909097229265	0.840336134453782	0.869565217391304	90.0	60.0
37.8235703589923	-118.190891868344	16.9439752914347	0.840336134453782	0.869565217391304	90.0	60.0
37.9959423676499	-118.181770839908	0.376532784254104	0.840336134453782	0.869565217391304	90.0	60.0
37.9881080725298	-118.181751509602	1.12959835276231	0.840336134453782	0.869565217391304	90.0	60.0
37.9802737668679	-118.181732186790	1.88266392127052	0.840336134453782	0.869565217391304	90.0	60.0
37.9724394506651	-118.181712871470	2.63572948977873	0.840336134453782	0.869565217391304	90.0	60.0
37.9646051239220	-118.181693563636	3.38879505828693	0.840336134453782	0.869565217391304	90.0	60.0
37.9567707866393	-118.181674263288	4.14186062679514	0.840336134453782	0.869565217391304	90.0	60.0
37.9489364388177	-118.181654970421	4.89492619530335	0.840336134453782	0.869565217391304	90.0	60.0
37.9411020804579	-118.181635685033	5.64799176381156	0.840336134453782	0.869565217391304	90.0	60.0
37.9332677115607	-118.181616407120	6.40105733231976	0.840336134453782	0.869565217391304	90.0	60.0
37.9254333321268	-118.181597136679	7.15412290082797	0.840336134453782	0.869565217391304	90.0	60.0
37.9175989421568	-118.181577873708	7.90718846933618	0.840336134453782	0.869565217391304	90.0	60.0
37.9097645416515	-118.181558618203	8.66025403784439	0.840336134453782	0.869565217391304	90.0	60.0
37.9019301306116	-118.181539370161	9.41331960635259	0.840336134453782	0.869565217391304	90.0	60.0
37.8940957090378	-118.181520129578	10.1663851748608	0.840336134453782	0.869565217391304	90.0	60.0
37.8862612769308	-118.181500896453	10.9194507433690	0.840336134453782	0.869565217391304	90.0	60.0
37.8784268342913	-118.181481670782	11.6725163118772	0.840336134453782	0.869565217391304	90.0	60.0
37.8705923811201	-118.181462452561	12.4255818803854	0.840336134453782	0.869565217391304	90.0	60.0
37.8627579174179	-118.181443241788	13.1786474488936	0.840336134453782	0.869565217391304	90.0	60.0
37.8549234431853	-118.181424038459	13.9317130174018	0.840336134453782	0.869565217391304	90.0	60.0
37.8470889584231	-118.181404842572	14.6847785859100	0.840336134453782	0.869565217391304	90.0	60.0
37.8392544631321	-118.181385654123	15.4378441544183	0.840336134453782	0.869565217391304	90.0	60.0
37.8314199573129	-118.181366473110	16.1909097229265	0.840336134453782	0.869565217391304	90.0	60.0
37.8235854409662	-118.181347299529	16.9439752914347	0.840336134453782	0.869565217391304	90.0	60.0
37.9959567647017	-118.172203976037	0.376532784254104	0.840336134453782	0.869565217391304	90.0	60.0
37.9881224655500	-118.172185663101	1.12959835276231	0.840336134453782	0.869565217391304	90.0	60.0
37.9802881558574	-118.172167357264	1.88266392127052	0.840336134453782	0.869565217391304	90.0	60.0
37.9724538356247	-118.172149058524	2.63572948977873	0.840336134453782	0.869565217391304	90.0	60.0
37.9646195048525	-118.172130766878	3.38879505828693	0.840336134453782	0.869565217391304	90.0	60.0
37.9567851635416	-118.172112482322	4.14186062679514	0.840336134453782	0.869565217391304	90.0	60.0
37.9489508116927	-118.172094204854	4.89492619530335	0.840336134453782	0.869565217391304	90.0	60.0
37.9411164493064	-118.172075934472	5.64799176381156	0.840336134453782	0.869565217391304	90.0	60.0
37.9332820763835	-118.172057671171	6.40105733231976	0.840336134453782	0.869565217391304	90.0	60.0
37.9254476929247	-118.172039414949	7.15412290082797	0.840336134453782	0.869565217391304	90.0	60.0
37.9176132989308	-118.172021165803	7.90718846933618	0.840336134453782	0.869565217391304	90.0	60.0
37.9097788944023	-118.172002923731	8.66025403784439	0.840336134453782	0.869565217391304	90.0	60.0
37.9019444793401	-118.171984688729	9.41331960635259	0.840336134453782	0.869565217391304	90.0	60.0
37.8941100537448	-118.171966460794	10.1663851748608	0.840336134453782	0.869565217391304	90.0	60.0
37.8862756176172	-118.171948239923	10.9194507433690	0.840336134453782	0.869565217391304	90.0	60.0
37.8784411709580	-118.171930026114	11.6725163118772	0.840336134453782	0.869565217391304	90.0	60.0
37.8706067137678	-118.171911819364	12.4255818803854	0.840336134453782	0.869565217391304	90.0	60.0
37.8627722460475	-118.171893619669	13.1786474488936	0.840336134453782	0.869565217391304	90.0	60.0
37.8549377677976	-118.171875427027	13.9317130174018	0.840336134453782	0.869565217391304	90.0	60.0
37.8471032790190	-118.171857241435	14.6847785859100	0.840336134453782	0.869565217391304	90.0	60.0
37.8392687797123	-118.171839062890	15.4378441544183	0.840336134453782	0.869565217391304	90.0	60.0
37.8314342698783	-118.171820891389	16.1909097229265	0.840336134453782	0.869565217391304	90.0	60.0
37.8235997495177	-118.171802726929	16.9439752914347	0.840336134453782	0.869565217391304	90.0	60.0
37.9959703835456	-118.162637108527	0.376532784254104	0.840336134453782	0.869565217391304	90.0	60.0
37.9881360805802	-118.162619812963	1.12959835276231	0.840336134453782	0.869565217391304	90.0	60.0
37.9803017670747	-118.162602524104	1.88266392127052	0.840336134453782	0.869565217391304	90.0	60.0
37.9724674430299	-118.162585241947	2.63572948977873	0.840336134453782	0.869565217391304	90.0	60.0
37.9646331084465	-118.162567966490	3.38879505828693	0.840336134453782	0.869565217391304	90.0	60.0
37.9567987633251	-118.162550697730	4.14186062679514	0.840336134453782	0.869565217391304	90.0	60.0
37.9489644076665	-118.162533435663	4.89492619530335	0.840336134453782	0.869565217391304	90.0	60.0
37.9411300414714	-118.162516180288	5.64799176381156	0.840336134453782	0.869565217391304	90.0	60.0
37.9332956647405	-118.162498931602	6.40105733231976	0.840336134453782	0.869565217391304	90.0	60.0
37.9254612774744	-118.162481689601	7.15412290082797	0.840336134453782	0.869565217391304	90.0	60.0
37.9176268796740	-118.162464454284	7.90718846933618	0.840336134453782	0.869565217391304	90.0	60.0
37.9097924713398	-118.162447225647	8.66025403784439	0.840336134453782	0.869565217391304	90.0	60.0
37.9019580524727	-118.162430003687	9.41331960635259	0.840336134453782	0.869565217391304	90.0	60.0
37.8941236230733	-118.162412788402	10.1663851748608	0.840336134453782	0.869565217391304	90.0	60.0
37.8862891831424	-118.162395579788	10.9194507433690	0.840336134453782	0.869565217391304	90.0	60.0
37.8784547326806	-118.162378377844	11.6725163118772	0.840336134453782	0.869565217391304	90.0	60.0
37.8706202716888	-118.162361182567	12.4255818803854	0.840336134453782	0.869565217391304	90.0	60.0
37.8627858001675	-118.162343993953	13.1786474488936	0.840336134453782	0.869565217391304	90.0	60.0
37.8549513181175	-118.162326812000	13.9317130174018	0.840336134453782	0.869565217391304	90.0	60.0
37.8471168255396	-118.162309636706	14.6847785859100	0.840336134453782	0.869565217391304	90.0	60.0
37.8392823224344	-118.162292468066	15.4378441544183	0.840336134453782	0.869565217391304	90.0	60.0
37.8314478088026	-118.162275306080	16.1909097229265	0.840336134453782	0.869565217391304	90.0	60.0
37.8236132846451	-118.162258150743	16.9439752914347	0.840336134453782	0.869565217391304	90.0	60.0
37.9959832241796	-118.153070237581	0.376532784254104	0.840336134453782	0.869565217391304	90.0	60.0
37.9881489176185	-118.153053959391	1.12959835276231	0.840336134453782	0.869565217391304	90.0	60.0
37.9803146005181	-118.153037687511	1.88266392127052	0.840336134453782	0.869565217391304	90.0	60.0
37.9724802728791	-118.153021421940	2.63572948977873	0.840336134453782	0.869565217391304	90.0	60.0
37.9646459347021	-118.153005162674	3.38879505828693	0.840336134453782	0.869565217391304	90.0	60.0
37.9568115859880	-118.152988909712	4.14186062679514	0.840336134453782	0.869565217391304	90.0	60.0
37.9489772267375	-118.152972663049	4.89492619530335	0.840336134453782	0.869565217391304	90.0	60.0
37.9411428569511	-118.152956422685	5.64799176381156	0.840336134453782	0.869565217391304	90.0	60.0
37.9333084766297	-118.152940188615	6.40105733231976	0.840336134453782	0.869565217391304	90.0	60.0
37.9254740857739	-118.152923960838	7.15412290082797	0.840336134453782	0.869565217391304	90.0	60.0
37.9176396843845	-118.152907739351	7.90718846933618	0.840336134453782	0.869565217391304	90.0	60.0
37.9098052724621	-118.152891524151	8.66025403784439	0.840336134453782	0.869565217391304	90.0	60.0
37.9019708500075	-118.152875315236	9.41331960635259	0.840336134453782	0.869565217391304	90.0	60.0
37.8941364170214	-118.152859112602	10.1663851748608	0.840336134453782	0.869565217391304	90.0	60.0
37.8863019735045	-118.152842916249	10.9194507433690	0.840336134453782	0.869565217391304	90.0	60.0
37.8784675194575	-118.152826726172	11.6725163118772	0.840336134453782	0.869565217391304	90.0	60.0
37.8706330548812	-118.152810542370	12.4255818803854	0.840336134453782	0.869565217391304	90.0	60.0
37.8627985797762	-118.152794364839	13.1786474488936	0.840336134453782	0.869565217391304	90.0	60.0
37.8549640941432	-118.152778193578	13.9317130174018	0.840336134453782	0.869565217391304	90.0	60.0
37.8471295979830	-118.152762028583	14.6847785859100	0.840336134453782	0.869565217391304	90.0	60.0
37.8392950912963	-118.152745869852	15.4378441544183	0.840336134453782	0.869565217391304	90.0	60.0
37.8314605740839	-118.152729717382	16.1909097229265	0.840336134453782	0.869565217391304	90.0	60.0
37.8236260463463	-118.152713571171	16.9439752914347	0.840336134453782	0.869565217391304	90.0	60.0
37.9959952866022	-118.143503363400	0.376532784254104	0.840336134453782	0.869565217391304	90.0	60.0
37.9881609766632	-118.143488102586	1.12959835276231	0.840336134453782	0.869565217391304	90.0	60.0
37.9803266561857	-118.143472847689	1.88266392127052	0.840336134453782	0.869565217391304	90.0	60.0
37.9724923251703	-118.143457598705	2.63572948977873	0.840336134453782	0.869565217391304	90.0	60.0
37.9646579836176	-118.143442355633	3.38879505828693	0.840336134453782	0.869565217391304	90.0	60.0
37.9568236315286	-118.143427118470	4.14186062679514	0.840336134453782	0.869565217391304	90.0	60.0
37.9489892689037	-118.143411887214	4.89492619530335	0.840336134453782	0.869565217391304	90.0	60.0
37.9411548957438	-118.143396661861	5.64799176381156	0.840336134453782	0.869565217391304	90.0	60.0
37.9333205120495	-118.143381442411	6.40105733231976	0.840336134453782	0.869565217391304	90.0	60.0
37.9254861178215	-118.143366228859	7.15412290082797	0.840336134453782	0.869565217391304	90.0	60.0
37.9176517130606	-118.143351021204	7.90718846933618	0.840336134453782	0.869565217391304	90.0	60.0
37.9098172977675	-118.143335819444	8.66025403784439	0.840336134453782	0.869565217391304	90.0	60.0
37.9019828719429	-118.143320623576	9.41331960635259	0.840336134453782	0.869565217391304	90.0	60.0
37.8941484355874	-118.143305433597	10.1663851748608	0.840336134453782	0.869565217391304	90.0	60.0
37.8863139887019	-118.143290249505	10.9194507433690	0.840336134453782	0.869565217391304	90.0	60.0
37.8784795312870	-118.143275071297	11.6725163118772	0.840336134453782	0.869565217391304	90.0	60.0
37.8706450633434	-118.143259898972	12.4255818803854	0.840336134453782	0.869565217391304	90.0	60.0
37.8628105848718	-118.143244732527	13.1786474488936	0.840336134453782	0.869565217391304	90.0	60.0
37.8549760958730	-118.143229571959	13.9317130174018	0.840336134453782	0.869565217391304	90.0	60.0
37.8471415963477	-118.143214417266	14.6847785859100	0.840336134453782	0.869565217391304	90.0	60.0
37.8393070862966	-118.143199268445	15.4378441544183	0.840336134453782	0.869565217391304	90.0	60.0
37.8314725657203	-118.143184125495	16.1909097229265	0.840336134453782	0.869565217391304	90.0	60.0
37.8236380346197	-118.143168988412	16.9439752914347	0.840336134453782	0.869565217391304	90.0	60.0
37.9960065708116	-118.133936486186	0.376532784254104	0.840336134453782	0.869565217391304	90.0	60.0
37.9881722577127	-118.133922242751	1.12959835276231	0.840336134453782	0.869565217391304	90.0	60.0
37.9803379340759	-118.133908004837	1.88266392127052	0.840336134453782	0.869565217391304	90.0	60.0
37.9725035999019	-118.133893772444	2.63572948977873	0.840336134453782	0.869565217391304	90.0	60.0
37.9646692551914	-118.133879545567	3.38879505828693	0.840336134453782	0.869565217391304	90.0	60.0
37.9568348999451	-118.133865324206	4.14186062679514	0.840336134453782	0.869565217391304	90.0	60.0
37.9490005341636	-118.133851108358	4.89492619530335	0.840336134453782	0.869565217391304	90.0	60.0
37.9411661578477	-118.133836898020	5.64799176381156	0.840336134453782	0.869565217391304	90.0	60.0
37.9333317709982	-118.133822693190	6.40105733231976	0.840336134453782	0.869565217391304	90.0	60.0
37.9254973736156	-118.133808493866	7.15412290082797	0.840336134453782	0.869565217391304	90.0	60.0
37.9176629657008	-118.133794300046	7.90718846933618	0.840336134453782	0.869565217391304	90.0	60.0
37.9098285472544	-118.133780111727	8.66025403784439	0.840336134453782	0.869565217391304	90.0	60.0
37.9019941182771	-118.133765928908	9.41331960635259	0.840336134453782	0.869565217391304	90.0	60.0
37.8941596787697	-118.133751751585	10.1663851748608	0.840336134453782	0.869565217391304	90.0	60.0
37.8863252287328	-118.133737579757	10.9194507433690	0.840336134453782	0.869565217391304	90.0	60.0
37.8784907681672	-118.133723413421	11.6725163118772	0.840336134453782	0.869565217391304	90.0	60.0
37.8706562970736	-118.133709252575	12.4255818803854	0.840336134453782	0.869565217391304	90.0	60.0
37.8628218154527	-118.133695097217	13.1786474488936	0.840336134453782	0.869565217391304	90.0	60.0
37.8549873233052	-118.133680947344	13.9317130174018	0.840336134453782	0.869565217391304	90.0	60.0
37.8471528206319	-118.133666802955	14.6847785859100	0.840336134453782	0.869565217391304	90.0	60.0
37.8393183074334	-118.133652664047	15.4378441544183	0.840336134453782	0.869565217391304	90.0	60.0
37.8314837837104	-118.133638530617	16.1909097229265	0.840336134453782	0.869565217391304	90.0	60.0
37.8236492494638	-118.133624402664	16.9439752914347	0.840336134453782	0.869565217391304	90.0	60.0
37.9960170768063	-118.124369606142	0.376532784254104	0.840336134453782	0.869565217391304	90.0	60.0
37.9881827607654	-118.124356380087	1.12959835276231	0.840336134453782	0.869565217391304	90.0	60.0
37.9803484341873	-118.124343159160	1.88266392127052	0.840336134453782	0.869565217391304	90.0	60.0
37.9725140970726	-118.124329943358	2.63572948977873	0.840336134453782	0.869565217391304	90.0	60.0
37.9646797494219	-118.124316732679	3.38879505828693	0.840336134453782	0.869565217391304	90.0	60.0
37.9568453912360	-118.124303527121	4.14186062679514	0.840336134453782	0.869565217391304	90.0	60.0
37.9490110225157	-118.124290326683	4.89492619530335	0.840336134453782	0.869565217391304	90.0	60.0
37.9411766432615	-118.124277131361	5.64799176381156	0.840336134453782	0.869565217391304	90.0	60.0
37.9333422534743	-118.124263941154	6.40105733231976	0.840336134453782	0.869565217391304	90.0	60.0
37.9255078531547	-118.124250756060	7.15412290082797	0.840336134453782	0.869565217391304	90.0	60.0
37.9176734423034	-118.124237576076	7.90718846933618	0.840336134453782	0.869565217391304	90.0	60.0
37.9098390209212	-118.124224401201	8.66025403784439	0.840336134453782	0.869565217391304	90.0	60.0
37.9020045890087	-118.124211231432	9.41331960635259	0.840336134453782	0.869565217391304	90.0	60.0
37.8941701465667	-118.124198066767	10.1663851748608	0.840336134453782	0.869565217391304	90.0	60.0
37.8863356935958	-118.124184907205	10.9194507433690	0.840336134453782	0.869565217391304	90.0	60.0
37.8785012300968	-118.124171752742	11.6725163118772	0.840336134453782	0.869565217391304	90.0	60.0
37.8706667560705	-118.124158603377	12.4255818803854	0.840336134453782	0.869565217391304	90.0	60.0
37.8628322715174	-118.124145459108	13.1786474488936	0.840336134453782	0.869565217391304	90.0	60.0
37.8549977764384	-118.124132319933	13.9317130174018	0.840336134453782	0.869565217391304	90.0	60.0
37.8471632708341	-118.124119185850	14.6847785859100	0.840336134453782	0.869565217391304	90.0	60.0
37.8393287547053	-118.124106056856	15.4378441544183	0.840336134453782	0.869565217391304	90.0	60.0
37.8314942280527	-118.124092932949	16.1909097229265	0.840336134453782	0.869565217391304	90.0	60.0
37.8236596908769	-118.124079814127	16.9439752914347	0.840336134453782	0.869565217391304	90.0	60.0
37.9960268045849	-118.114802723470	0.376532784254104	0.840336134453782	0.869565217391304	90.0	60.0
37.9881924858200	-118.114790514797	1.12959835276231	0.840336134453782	0.869565217391304	90.0	60.0
37.9803581565184	-118.114778310858	1.88266392127052	0.840336134453782	0.869565217391304	90.0	60.0
37.9725238166807	-118.114766111649	2.63572948977873	0.840336134453782	0.869565217391304	90.0	60.0
37.9646894663077	-118.114753917169	3.38879505828693	0.840336134453782	0.869565217391304	90.0	60.0
37.9568551054000	-118.114741727417	4.14186062679514	0.840336134453782	0.869565217391304	90.0	60.0
37.9490207339585	-118.114729542390	4.89492619530335	0.840336134453782	0.869565217391304	90.0	60.0
37.9411863519837	-118.114717362086	5.64799176381156	0.840336134453782	0.869565217391304	90.0	60.0
37.9333519594764	-118.114705186504	6.40105733231976	0.840336134453782	0.869565217391304	90.0	60.0
37.9255175564373	-118.114693015641	7.15412290082797	0.840336134453782	0.869565217391304	90.0	60.0
37.9176831428671	-118.114680849496	7.90718846933618	0.840336134453782	0.869565217391304	90.0	60.0
37.9098487187665	-118.114668688066	8.66025403784439	0.840336134453782	0.869565217391304	90.0	60.0
37.9020142841362	-118.114656531349	9.41331960635259	0.840336134453782	0.869565217391304	90.0	60.0
37.8941798389770	-118.114644379344	10.1663851748608	0.840336134453782	0.869565217391304	90.0	60.0
37.8863453832895	-118.114632232049	10.9194507433690	0.840336134453782	0.869565217391304	90.0	60.0
37.8785109170744	-118.114620089461	11.6725163118772	0.840336134453782	0.869565217391304	90.0	60.0
37.8706764403325	-118.114607951580	12.4255818803854	0.840336134453782	0.869565217391304	90.0	60.0
37.8628419530645	-118.114595818402	13.1786474488936	0.840336134453782	0.869565217391304	90.0	60.0
37.8550074552711	-118.114583689926	13.9317130174018	0.840336134453782	0.869565217391304	90.0	60.0
37.8471729469530	-118.114571566149	14.6847785859100	0.840336134453782	0.869565217391304	90.0	60.0
37.8393384281109	-118.114559447071	15.4378441544183	0.840336134453782	0.869565217391304	90.0	60.0
37.8315038987455	-118.114547332689	16.1909097229265	0.840336134453782	0.869565217391304	90.0	60.0
37.8236693588577	-118.114535223001	16.9439752914347	0.840336134453782	0.869565217391304	90.0	60.0
37.9960357541460	-118.105235838372	0.376532784254104	0.840336134453782	0.869565217391304	90.0	60.0
37.9882014328750	-118.105224647083	1.12959835276231	0.840336134453782	0.869565217391304	90.0	60.0
37.9803671010678	-118.105213460133	1.88266392127052	0.840336134453782	0.869565217391304	90.0	60.0
37.9725327587250	-118.105202277519	2.63572948977873	0.840336134453782	0.869565217391304	90.0	60.0
37.9646984058474	-118.105191099240	3.38879505828693	0.840336134453782	0.869565217391304	90.0	60.0
37.9568640424358	-118.105179925295	4.14186062679514	0.840336134453782	0.869565217391304	90.0	60.0
37.9490296684907	-118.105168755681	4.89492619530335	0.840336134453782	0.869565217391304	90.0	60.0
37.9411952840129	-118.105157590397	5.64799176381156	0.840336134453782	0.869565217391304	90.0	60.0
37.9333608890032	-118.105146429441	6.40105733231976	0.840336134453782	0.869565217391304	90.0	60.0
37.9255264834621	-118.105135272811	7.15412290082797	0.840336134453782	0.869565217391304	90.0	60.0
37.9176920673905	-118.105124120505	7.90718846933618	0.840336134453782	0.869565217391304	90.0	60.0
37.9098576407890	-118.105112972522	8.66025403784439	0.840336134453782	0.869565217391304	90.0	60.0
37.9020232036583	-118.105101828860	9.41331960635259	0.840336134453782	0.869565217391304	90.0	60.0
37.8941887559993	-118.105090689516	10.1663851748608	0.840336134453782	0.869565217391304	90.0	60.0
37.8863542978124	-118.105079554490	10.9194507433690	0.840336134453782	0.869565217391304	90.0	60.0
37.8785198290986	-118.105068423779	11.6725163118772	0.840336134453782	0.869565217391304	90.0	60.0
37.8706853498584	-118.105057297382	12.4255818803854	0.840336134453782	0.869565217391304	90.0	60.0
37.8628508600926	-118.105046175296	13.1786474488936	0.840336134453782	0.869565217391304	90.0	60.0
37.8550163598020	-118.105035057521	13.9317130174018	0.840336134453782	0.869565217391304	90.0	60.0
37.8471818489871	-118.105023944054	14.6847785859100	0.840336134453782	0.869565217391304	90.0	60.0
37.8393473276489	-118.105012834893	15.4378441544183	0.840336134453782	0.869565217391304	90.0	60.0
37.8315127957878	-118.105001730037	16.1909097229265	0.840336134453782	0.869565217391304	90.0	60.0
37.8236782534048	-118.104990629484	16.9439752914347	0.840336134453782	0.869565217391304	90.0	60.0
37.9960439254885	-118.095668951051	0.376532784254104	0.840336134453782	0.869565217391304	90.0	60.0
37.9882096019293	-118.095658777147	1.12959835276231	0.840336134453782	0.869565217391304	90.0	60.0
37.9803752678343	-118.095648607187	1.88266392127052	0.840336134453782	0.869565217391304	90.0	60.0
37.9725409232043	-118.095638441170	2.63572948977873	0.840336134453782	0.869565217391304	90.0	60.0
37.9647065680400	-118.095628279094	3.38879505828693	0.840336134453782	0.869565217391304	90.0	60.0
37.9568722023420	-118.095618120957	4.14186062679514	0.840336134453782	0.869565217391304	90.0	60.0
37.9490378261111	-118.095607966758	4.89492619530335	0.840336134453782	0.869565217391304	90.0	60.0
37.9412034393480	-118.095597816495	5.64799176381156	0.840336134453782	0.869565217391304	90.0	60.0
37.9333690420534	-118.095587670166	6.40105733231976	0.840336134453782	0.869565217391304	90.0	60.0
37.9255346342280	-118.095577527771	7.15412290082797	0.840336134453782	0.869565217391304	90.0	60.0
37.9177002158725	-118.095567389306	7.90718846933618	0.840336134453782	0.869565217391304	90.0	60.0
37.9098657869875	-118.095557254771	8.66025403784439	0.840336134453782	0.869565217391304	90.0	60.0
37.9020313475739	-118.095547124164	9.41331960635259	0.840336134453782	0.869565217391304	90.0	60.0
37.8941968976324	-118.095536997484	10.1663851748608	0.840336134453782	0.869565217391304	90.0	60.0
37.8863624371635	-118.095526874728	10.9194507433690	0.840336134453782	0.869565217391304	90.0	60.0
37.8785279661682	-118.095516755895	11.6725163118772	0.840336134453782	0.869565217391304	90.0	60.0
37.8706934846469	-118.095506640984	12.4255818803854	0.840336134453782	0.869565217391304	90.0	60.0
37.8628589926006	-118.095496529992	13.1786474488936	0.840336134453782	0.869565217391304	90.0	60.0
37.8550244900298	-118.095486422919	13.9317130174018	0.840336134453782	0.869565217391304	90.0	60.0
37.8471899769354	-118.095476319763	14.6847785859100	0.840336134453782	0.869565217391304	90.0	60.0
37.8393554533180	-118.095466220521	15.4378441544183	0.840336134453782	0.869565217391304	90.0	60.0
37.8315209191783	-118.095456125193	16.1909097229265	0.840336134453782	0.869565217391304	90.0	60.0
37.8236863745171	-118.095446033776	16.9439752914347	0.840336134453782	0.869565217391304	90.0	60.0
37.9960513186113	-118.086102061707	0.376532784254104	0.840336134453782	0.869565217391304	90.0	60.0
37.9882169929818	-118.086092905190	1.12959835276231	0.840336134453782	0.869565217391304	90.0	60.0
37.9803826568169	-118.086083752222	1.88266392127052	0.840336134453782	0.869565217391304	90.0	60.0
37.9725483101175	-118.086074602803	2.63572948977873	0.840336134453782	0.869565217391304	90.0	60.0
37.9647139528842	-118.086065456931	3.38879505828693	0.840336134453782	0.869565217391304	90.0	60.0
37.9568795851177	-118.086056314604	4.14186062679514	0.840336134453782	0.869565217391304	90.0	60.0
37.9490452068187	-118.086047175821	4.89492619530335	0.840336134453782	0.869565217391304	90.0	60.0
37.9412108179879	-118.086038040580	5.64799176381156	0.840336134453782	0.869565217391304	90.0	60.0
37.9333764186260	-118.086028908881	6.40105733231976	0.840336134453782	0.869565217391304	90.0	60.0
37.9255420087338	-118.086019780721	7.15412290082797	0.840336134453782	0.869565217391304	90.0	60.0
37.9177075883118	-118.086010656099	7.90718846933618	0.840336134453782	0.869565217391304	90.0	60.0
37.9098731573610	-118.086001535014	8.66025403784439	0.840336134453782	0.869565217391304	90.0	60.0
37.9020387158818	-118.085992417464	9.41331960635259	0.840336134453782	0.869565217391304	90.0	60.0
37.8942042638752	-118.085983303447	10.1663851748608	0.840336134453782	0.869565217391304	90.0	60.0
37.8863698013417	-118.085974192963	10.9194507433690	0.840336134453782	0.869565217391304	90.0	60.0
37.8785353282821	-118.085965086010	11.6725163118772	0.840336134453782	0.869565217391304	90.0	60.0
37.8707008446970	-118.085955982586	12.4255818803854	0.840336134453782	0.869565217391304	90.0	60.0
37.8628663505873	-118.085946882690	13.1786474488936	0.840336134453782	0.869565217391304	90.0	60.0
37.8550318459536	-118.085937786320	13.9317130174018	0.840336134453782	0.869565217391304	90.0	60.0
37.8471973307967	-118.085928693475	14.6847785859100	0.840336134453782	0.869565217391304	90.0	60.0
37.8393628051172	-118.085919604154	15.4378441544183	0.840336134453782	0.869565217391304	90.0	60.0
37.8315282689158	-118.085910518355	16.1909097229265	0.840336134453782	0.869565217391304	90.0	60.0
37.8236937221934	-118.085901436076	16.9439752914347	0.840336134453782	0.869565217391304	90.0	60.0
37.9960579335133	-118.076535170544	0.376532784254104	0.840336134453782	0.869565217391304	90.0	60.0
37.9882236060314	-118.076527031415	1.12959835276231	0.840336134453782	0.869565217391304	90.0	60.0
37.9803892680146	-118.076518895440	1.88266392127052	0.840336134453782	0.869565217391304	90.0	60.0
37.9725549194636	-118.076510762620	2.63572948977873	0.840336134453782	0.869565217391304	90.0	60.0
37.9647205603791	-118.076502632953	3.38879505828693	0.840336134453782	0.869565217391304	90.0	60.0
37.9568861907617	-118.076494506437	4.14186062679514	0.840336134453782	0.869565217391304	90.0	60.0
37.9490518106123	-118.076486383071	4.89492619530335	0.840336134453782	0.869565217391304	90.0	60.0
37.9412174199315	-118.076478262854	5.64799176381156	0.840336134453782	0.869565217391304	90.0	60.0
37.9333830187199	-118.076470145785	6.40105733231976	0.840336134453782	0.869565217391304	90.0	60.0
37.9255486069784	-118.076462031862	7.15412290082797	0.840336134453782	0.869565217391304	90.0	60.0
37.9177141847077	-118.076453921084	7.90718846933618	0.840336134453782	0.869565217391304	90.0	60.0
37.9098797519083	-118.076445813450	8.66025403784439	0.840336134453782	0.869565217391304	90.0	60.0
37.9020453085810	-118.076437708958	9.41331960635259	0.840336134453782	0.869565217391304	90.0	60.0
37.8942108547267	-118.076429607607	10.1663851748608	0.840336134453782	0.869565217391304	90.0	60.0
37.8863763903458	-118.076421509396	10.9194507433690	0.840336134453782	0.869565217391304	90.0	60.0
37.8785419154393	-118.076413414323	11.6725163118772	0.840336134453782	0.869565217391304	90.0	60.0
37.8707074300077	-118.076405322388	12.4255818803854	0.840336134453782	0.869565217391304	90.0	60.0
37.8628729340518	-118.076397233588	13.1786474488936	0.840336134453782	0.869565217391304	90.0	60.0
37.8550384275723	-118.076389147923	13.9317130174018	0.840336134453782	0.869565217391304	90.0	60.0
37.8472039105700	-118.076381065391	14.6847785859100	0.840336134453782	0.869565217391304	90.0	60.0
37.8393693830454	-118.076372985992	15.4378441544183	0.840336134453782	0.869565217391304	90.0	60.0
37.8315348449994	-118.076364909723	16.1909097229265	0.840336134453782	0.869565217391304	90.0	60.0
37.8237002964327	-118.076356836583	16.9439752914347	0.840336134453782	0.869565217391304	90.0	60.0
37.9960637701936	-118.066968277764	0.376532784254104	0.840336134453782	0.869565217391304	90.0	60.0
37.9882294410773	-118.066961156023	1.12959835276231	0.840336134453782	0.869565217391304	90.0	60.0
37.9803951014264	-118.066954037043	1.88266392127052	0.840336134453782	0.869565217391304	90.0	60.0
37.9725607512417	-118.066946920823	2.63572948977873	0.840336134453782	0.869565217391304	90.0	60.0
37.9647263905237	-118.066939807362	3.38879505828693	0.840336134453782	0.869565217391304	90.0	60.0
37.9568920192733	-118.066932696658	4.14186062679514	0.840336134453782	0.869565217391304	90.0	60.0
37.9490576374912	-118.066925588711	4.89492619530335	0.840336134453782	0.869565217391304	90.0	60.0
37.9412232451779	-118.066918483519	5.64799176381156	0.840336134453782	0.869565217391304	90.0	60.0
37.9333888423344	-118.066911381081	6.40105733231976	0.840336134453782	0.869565217391304	90.0	60.0
37.9255544289612	-118.066904281396	7.15412290082797	0.840336134453782	0.869565217391304	90.0	60.0
37.9177200050590	-118.066897184463	7.90718846933618	0.840336134453782	0.869565217391304	90.0	60.0
37.9098855706286	-118.066890090280	8.66025403784439	0.840336134453782	0.869565217391304	90.0	60.0
37.9020511256707	-118.066882998848	9.41331960635259	0.840336134453782	0.869565217391304	90.0	60.0
37.8942166701860	-118.066875910163	10.1663851748608	0.840336134453782	0.869565217391304	90.0	60.0
37.8863822041751	-118.066868824226	10.9194507433690	0.840336134453782	0.869565217391304	90.0	60.0
37.8785477276389	-118.066861741035	11.6725163118772	0.840336134453782	0.869565217391304	90.0	60.0
37.8707132405780	-118.066854660589	12.4255818803854	0.840336134453782	0.869565217391304	90.0	60.0
37.8628787429931	-118.066847582887	13.1786474488936	0.840336134453782	0.869565217391304	90.0	60.0
37.8550442348850	-118.066840507928	13.9317130174018	0.840336134453782	0.869565217391304	90.0	60.0
37.8472097162543	-118.066833435711	14.6847785859100	0.840336134453782	0.869565217391304	90.0	60.0
37.8393751871019	-118.066826366234	15.4378441544183	0.840336134453782	0.869565217391304	90.0	60.0
37.8315406474283	-118.066819299496	16.1909097229265	0.840336134453782	0.869565217391304	90.0	60.0
37.8237060972343	-118.066812235496	16.9439752914347	0.840336134453782	0.869565217391304	90.0	60.0
37.9960688286515	-118.057401383569	0.376532784254104	0.840336134453782	0.869565217391304	90.0	60.0
37.9882344981187	-118.057395279218	1.12959835276231	0.840336134453782	0.869565217391304	90.0	60.0
37.9804001570516	-118.057389177233	1.88266392127052	0.840336134453782	0.869565217391304	90.0	60.0
37.9725658054509	-118.057383077614	2.63572948977873	0.840336134453782	0.869565217391304	90.0	60.0
37.9647314433174	-118.057376980360	3.38879505828693	0.840336134453782	0.869565217391304	90.0	60.0
37.9568970706516	-118.057370885469	4.14186062679514	0.840336134453782	0.869565217391304	90.0	60.0
37.9490626874544	-118.057364792941	4.89492619530335	0.840336134453782	0.869565217391304	90.0	60.0
37.9412282937265	-118.057358702775	5.64799176381156	0.840336134453782	0.869565217391304	90.0	60.0
37.9333938894685	-118.057352614969	6.40105733231976	0.840336134453782	0.869565217391304	90.0	60.0
37.9255594746811	-118.057346529523	7.15412290082797	0.840336134453782	0.869565217391304	90.0	60.0
37.9177250493651	-118.057340446436	7.90718846933618	0.840336134453782	0.869565217391304	90.0	60.0
37.9098906135212	-118.057334365706	8.66025403784439	0.840336134453782	0.869565217391304	90.0	60.0
37.9020561671500	-118.057328287334	9.41331960635259	0.840336134453782	0.869565217391304	90.0	60.0
37.8942217102523	-118.057322211317	10.1663851748608	0.840336134453782	0.869565217391304	90.0	60.0
37.8863872428288	-118.057316137655	10.9194507433690	0.840336134453782	0.869565217391304	90.0	60.0
37.8785527648802	-118.057310066346	11.6725163118772	0.840336134453782	0.869565217391304	90.0	60.0
37.8707182764072	-118.057303997391	12.4255818803854	0.840336134453782	0.869565217391304	90.0	60.0
37.8628837774106	-118.057297930788	13.1786474488936	0.840336134453782	0.869565217391304	90.0	60.0
37.8550492678909	-118.057291866535	13.9317130174018	0.840336134453782	0.869565217391304	90.0	60.0
37.8472147478491	-118.057285804633	14.6847785859100	0.840336134453782	0.869565217391304	90.0	60.0
37.8393802172857	-118.057279745079	15.4378441544183	0.840336134453782	0.869565217391304	90.0	60.0
37.8315456762015	-118.057273687874	16.1909097229265	0.840336134453782	0.869565217391304	90.0	60.0
37.8237111245972	-118.057267633015	16.9439752914347	0.840336134453782	0.869565217391304	90.0	60.0
37.9960731088863	-118.047834488161	0.376532784254104	0.840336134453782	0.869565217391304	90.0	60.0
37.9882387771549	-118.047829401200	1.12959835276231	0.840336134453782	0.869565217391304	90.0	60.0
37.9804044348894	-118.047824316212	1.88266392127052	0.840336134453782	0.869565217391304	90.0	60.0
37.9725700820907	-118.047819233195	2.63572948977873	0.840336134453782	0.869565217391304	90.0	60.0
37.9647357187593	-118.047814152148	3.38879505828693	0.840336134453782	0.869565217391304	90.0	60.0
37.9569013448960	-118.047809073071	4.14186062679514	0.840336134453782	0.869565217391304	90.0	60.0
37.9490669605014	-118.047803995964	4.89492619530335	0.840336134453782	0.869565217391304	90.0	60.0
37.9412325655764	-118.047798920824	5.64799176381156	0.840336134453782	0.869565217391304	90.0	60.0
37.9333981601215	-118.047793847651	6.40105733231976	0.840336134453782	0.869565217391304	90.0	60.0
37.9255637441376	-118.047788776445	7.15412290082797	0.840336134453782	0.869565217391304	90.0	60.0
37.9177293176252	-118.047783707204	7.90718846933618	0.840336134453782	0.869565217391304	90.0	60.0
37.9098948805852	-118.047778639928	8.66025403784439	0.840336134453782	0.869565217391304	90.0	60.0
37.9020604330182	-118.047773574616	9.41331960635259	0.840336134453782	0.869565217391304	90.0	60.0
37.8942259749249	-118.047768511268	10.1663851748608	0.840336134453782	0.869565217391304	90.0	60.0
37.8863915063061	-118.047763449881	10.9194507433690	0.840336134453782	0.869565217391304	90.0	60.0
37.8785570271624	-118.047758390457	11.6725163118772	0.840336134453782	0.869565217391304	90.0	60.0
37.8707225374946	-118.047753332993	12.4255818803854	0.840336134453782	0.869565217391304	90.0	60.0
37.8628880373034	-118.047748277489	13.1786474488936	0.840336134453782	0.869565217391304	90.0	60.0
37.8550535265894	-118.047743223944	13.9317130174018	0.840336134453782	0.869565217391304	90.0	60.0
37.8472190053535	-118.047738172357	14.6847785859100	0.840336134453782	0.869565217391304	90.0	60.0
37.8393844735962	-118.047733122728	15.4378441544183	0.840336134453782	0.869565217391304	90.0	60.0
37.8315499313185	-118.047728075055	16.1909097229265	0.840336134453782	0.869565217391304	90.0	60.0
37.8237153785208	-118.047723029339	16.9439752914347	0.840336134453782	0.869565217391304	90.0	60.0
37.9960766108974	-118.038267591741	0.376532784254104	0.840336134453782	0.869565217391304	90.0	60.0
37.9882422781853	-118.038263522172	1.12959835276231	0.840336134453782	0.869565217391304	90.0	60.0
37.9804079349394	-118.038259454181	1.88266392127052	0.840336134453782	0.869565217391304	90.0	60.0
37.9725735811604	-118.038255387766	2.63572948977873	0.840336134453782	0.869565217391304	90.0	60.0
37.9647392168489	-118.038251322928	3.38879505828693	0.840336134453782	0.869565217391304	90.0	60.0
37.9569048420057	-118.038247259666	4.14186062679514	0.840336134453782	0.869565217391304	90.0	60.0
37.9490704566316	-118.038243197979	4.89492619530335	0.840336134453782	0.869565217391304	90.0	60.0
37.9412360607271	-118.038239137866	5.64799176381156	0.840336134453782	0.869565217391304	90.0	60.0
37.9334016542930	-118.038235079327	6.40105733231976	0.840336134453782	0.869565217391304	90.0	60.0
37.9255672373301	-118.038231022361	7.15412290082797	0.840336134453782	0.869565217391304	90.0	60.0
37.9177328098389	-118.038226966968	7.90718846933618	0.840336134453782	0.869565217391304	90.0	60.0
37.9098983718202	-118.038222913147	8.66025403784439	0.840336134453782	0.869565217391304	90.0	60.0
37.9020639232748	-118.038218860896	9.41331960635259	0.840336134453782	0.869565217391304	90.0	60.0
37.8942294642034	-118.038214810217	10.1663851748608	0.840336134453782	0.869565217391304	90.0	60.0
37.8863949946065	-118.038210761107	10.9194507433690	0.840336134453782	0.869565217391304	90.0	60.0
37.8785605144851	-118.038206713566	11.6725163118772	0.840336134453782	0.869565217391304	90.0	60.0
37.8707260238396	-118.038202667594	12.4255818803854	0.840336134453782	0.869565217391304	90.0	60.0
37.8628915226710	-118.038198623190	13.1786474488936	0.840336134453782	0.869565217391304	90.0	60.0
37.8550570109799	-118.038194580353	13.9317130174018	0.840336134453782	0.869565217391304	90.0	60.0
37.8472224887669	-118.038190539083	14.6847785859100	0.840336134453782	0.869565217391304	90.0	60.0
37.8393879560329	-118.038186499379	15.4378441544183	0.840336134453782	0.869565217391304	90.0	60.0
37.8315534127786	-118.038182461240	16.1909097229265	0.840336134453782	0.869565217391304	90.0	60.0
37.8237188590046	-118.038178424666	16.9439752914347	0.840336134453782	0.869565217391304	90.0	60.0
37.9960793346842	-118.028700694514	0.376532784254104	0.840336134453782	0.869565217391304	90.0	60.0
37.9882450012094	-118.028697642336	1.12959835276231	0.840336134453782	0.869565217391304	90.0	60.0
37.9804106572009	-118.028694591342	1.88266392127052	0.840336134453782	0.869565217391304	90.0	60.0
37.9725763026595	-118.028691541531	2.63572948977873	0.840336134453782	0.869565217391304	90.0	60.0
37.9647419375858	-118.028688492902	3.38879505828693	0.840336134453782	0.869565217391304	90.0	60.0
37.9569075619805	-118.028685445455	4.14186062679514	0.840336134453782	0.869565217391304	90.0	60.0
37.9490731758444	-118.028682399189	4.89492619530335	0.840336134453782	0.869565217391304	90.0	60.0
37.9412387791782	-118.028679354104	5.64799176381156	0.840336134453782	0.869565217391304	90.0	60.0
37.9334043719824	-118.028676310199	6.40105733231976	0.840336134453782	0.869565217391304	90.0	60.0
37.9255699542580	-118.028673267474	7.15412290082797	0.840336134453782	0.869565217391304	90.0	60.0
37.9177355260056	-118.028670225929	7.90718846933618	0.840336134453782	0.869565217391304	90.0	60.0
37.9099010872258	-118.028667185562	8.66025403784439	0.840336134453782	0.869565217391304	90.0	60.0
37.9020666379194	-118.028664146374	9.41331960635259	0.840336134453782	0.869565217391304	90.0	60.0
37.8942321780871	-118.028661108364	10.1663851748608	0.840336134453782	0.869565217391304	90.0	60.0
37.8863977077296	-118.028658071531	10.9194507433690	0.840336134453782	0.869565217391304	90.0	60.0
37.8785632268476	-118.028655035875	11.6725163118772	0.840336134453782	0.869565217391304	90.0	60.0
37.8707287354418	-118.028652001396	12.4255818803854	0.840336134453782	0.869565217391304	90.0	60.0
37.8628942335130	-118.028648968092	13.1786474488936	0.840336134453782	0.869565217391304	90.0	60.0
37.8550597210618	-118.028645935964	13.9317130174018	0.840336134453782	0.869565217391304	90.0	60.0
37.8472251980890	-118.028642905011	14.6847785859100	0.840336134453782	0.869565217391304	90.0	60.0
37.8393906645953	-118.028639875232	15.4378441544183	0.840336134453782	0.869565217391304	90.0	60.0
37.8315561205814	-118.028636846628	16.1909097229265	0.840336134453782	0.869565217391304	90.0	60.0
37.8237215660479	-118.028633819197	16.9439752914347	0.840336134453782	0.869565217391304	90.0	60.0
37.9960812802465	-118.019133796679	0.376532784254104	0.840336134453782	0.869565217391304	90.0	60.0
37.9882469462269	-118.019131761894	1.12959835276231	0.840336134453782	0.869565217391304	90.0	60.0
37.9804126016737	-118.019129727898	1.88266392127052	0.840336134453782	0.869565217391304	90.0	60.0
37.9725782465877	-118.019127694690	2.63572948977873	0.840336134453782	0.869565217391304	90.0	60.0
37.9647438809695	-118.019125662271	3.38879505828693	0.840336134453782	0.869565217391304	90.0	60.0
37.9569095048199	-118.019123630639	4.14186062679514	0.840336134453782	0.869565217391304	90.0	60.0
37.9490751181395	-118.019121599795	4.89492619530335	0.840336134453782	0.869565217391304	90.0	60.0
37.9412407209292	-118.019119569738	5.64799176381156	0.840336134453782	0.869565217391304	90.0	60.0
37.9334063131894	-118.019117540468	6.40105733231976	0.840336134453782	0.869565217391304	90.0	60.0
37.9255718949211	-118.019115511985	7.15412290082797	0.840336134453782	0.869565217391304	90.0	60.0
37.9177374661249	-118.019113484287	7.90718846933618	0.840336134453782	0.869565217391304	90.0	60.0
37.9099030268014	-118.019111457376	8.66025403784439	0.840336134453782	0.869565217391304	90.0	60.0
37.9020685769514	-118.019109431250	9.41331960635259	0.840336134453782	0.869565217391304	90.0	60.0
37.8942341165757	-118.019107405910	10.1663851748608	0.840336134453782	0.869565217391304	90.0	60.0
37.8863996456749	-118.019105381355	10.9194507433690	0.840336134453782	0.869565217391304	90.0	60.0
37.8785651642496	-118.019103357584	11.6725163118772	0.840336134453782	0.869565217391304	90.0	60.0
37.8707306723008	-118.019101334597	12.4255818803854	0.840336134453782	0.869565217391304	90.0	60.0
37.8628961698290	-118.019099312395	13.1786474488936	0.840336134453782	0.869565217391304	90.0	60.0
37.8550616568349	-118.019097290976	13.9317130174018	0.840336134453782	0.869565217391304	90.0	60.0
37.8472271333193	-118.019095270340	14.6847785859100	0.840336134453782	0.869565217391304	90.0	60.0
37.8393925992830	-118.019093250487	15.4378441544183	0.840336134453782	0.869565217391304	90.0	60.0
37.8315580547265	-118.019091231418	16.1909097229265	0.840336134453782	0.869565217391304	90.0	60.0
37.8237234996506	-118.019089213130	16.9439752914347	0.840336134453782	0.869565217391304	90.0	60.0
37.9960824475840	-118.009566898441	0.376532784254104	0.840336134453782	0.869565217391304	90.0	60.0
37.9882481132375	-118.009565881048	1.12959835276231	0.840336134453782	0.869565217391304	90.0	60.0
37.9804137683575	-118.009564864050	1.88266392127052	0.840336134453782	0.869565217391304	90.0	60.0
37.9725794129447	-118.009563847446	2.63572948977873	0.840336134453782	0.869565217391304	90.0	60.0
37.9647450469999	-118.009562831236	3.38879505828693	0.840336134453782	0.869565217391304	90.0	60.0
37.9569106705236	-118.009561815420	4.14186062679514	0.840336134453782	0.869565217391304	90.0	60.0
37.9490762835167	-118.009560799998	4.89492619530335	0.840336134453782	0.869565217391304	90.0	60.0
37.9412418859799	-118.009559784970	5.64799176381156	0.840336134453782	0.869565217391304	90.0	60.0
37.9334074779138	-118.009558770335	6.40105733231976	0.840336134453782	0.869565217391304	90.0	60.0
37.9255730593191	-118.009557756093	7.15412290082797	0.840336134453782	0.869565217391304	90.0	60.0
37.9177386301965	-118.009556742244	7.90718846933618	0.840336134453782	0.869565217391304	90.0	60.0
37.9099041905469	-118.009555728788	8.66025403784439	0.840336134453782	0.869565217391304	90.0	60.0
37.9020697403708	-118.009554715725	9.41331960635259	0.840336134453782	0.869565217391304	90.0	60.0
37.8942352796690	-118.009553703055	10.1663851748608	0.840336134453782	0.869565217391304	90.0	60.0
37.8864008084421	-118.009552690777	10.9194507433690	0.840336134453782	0.869565217391304	90.0	60.0
37.8785663266910	-118.009551678892	11.6725163118772	0.840336134453782	0.869565217391304	90.0	60.0
37.8707318344163	-118.009550667399	12.4255818803854	0.840336134453782	0.869565217391304	90.0	60.0
37.8628973316186	-118.009549656297	13.1786474488936	0.840336134453782	0.869565217391304	90.0	60.0
37.8550628182989	-118.009548645588	13.9317130174018	0.840336134453782	0.869565217391304	90.0	60.0
37.8472282944576	-118.009547635270	14.6847785859100	0.840336134453782	0.869565217391304	90.0	60.0
37.8393937600957	-118.009546625343	15.4378441544183	0.840336134453782	0.869565217391304	90.0	60.0
37.8315592152137	-118.009545615808	16.1909097229265	0.840336134453782	0.869565217391304	90.0	60.0
37.8237246598124	-118.009544606665	16.9439752914347	0.840336134453782	0.869565217391304	90.0	60.0
37.9960828366966	-118	0.376532784254104	0.840336134453782	0.869565217391304	90.0	60.0
37.9882485022410	-118	1.12959835276231	0.840336134453782	0.869565217391304	90.0	60.0
37.9804141572521	-118	1.88266392127052	0.840336134453782	0.869565217391304	90.0	60.0
37.9725798017304	-118	2.63572948977873	0.840336134453782	0.869565217391304	90.0	60.0
37.9647454356767	-118	3.38879505828693	0.840336134453782	0.869565217391304	90.0	60.0
37.9569110590916	-118	4.14186062679514	0.840336134453782	0.869565217391304	90.0	60.0
37.9490766719758	-118	4.89492619530335	0.840336134453782	0.869565217391304	90.0	60.0
37.9412422743301	-118	5.64799176381156	0.840336134453782	0.869565217391304	90.0	60.0
37.9334078661552	-118	6.40105733231976	0.840336134453782	0.869565217391304	90.0	60.0
37.9255734474518	-118	7.15412290082797	0.840336134453782	0.869565217391304	90.0	60.0
37.9177390182205	-118	7.90718846933618	0.840336134453782	0.869565217391304	90.0	60.0
37.9099045784621	-118	8.66025403784439	0.840336134453782	0.869565217391304	90.0	60.0
37.9020701281772	-118	9.41331960635259	0.840336134453782	0.869565217391304	90.0	60.0
37.8942356673667	-118	10.1663851748608	0.840336134453782	0.869565217391304	90.0	60.0
37.8864011960312	-118	10.9194507433690	0.840336134453782	0.869565217391304	90.0	60.0
37.8785667141714	-118	11.6725163118772	0.840336134453782	0.869565217391304	90.0	60.0
37.8707322217881	-118	12.4255818803854	0.840336134453782	0.869565217391304	90.0	60.0
37.8628977188819	-118	13.1786474488936	0.840336134453782	0.869565217391304	90.0	60.0
37.8550632054535	-118	13.9317130174018	0.840336134453782	0.869565217391304	90.0	60.0
37.8472286815037	-118	14.6847785859100	0.840336134453782	0.869565217391304	90.0	60.0
37.8393941470332	-118	15.4378441544183	0.840336134453782	0.869565217391304	90.0	60.0
37.8315596020427	-118	16.1909097229265	0.840336134453782	0.869565217391304	90.0	60.0
37.8237250465329	-118	16.9439752914347	0.840336134453782	0.869565217391304	90.0	60.0
37.9960824475840	-117.990433101559	0.376532784254104	0.840336134453782	0.869565217391304	90.0	60.0
37.9882481132375	-117.990434118952	1.12959835276231	0.840336134453782	0.869565217391304	90.0	60.0
37.9804137683575	-117.990435135950	1.88266392127052	0.840336134453782	0.869565217391304	90.0	60.0
37.9725794129447	-117.990436152554	2.63572948977873	0.840336134453782	0.869565217391304	90.0	60.0
37.9647450469999	-117.990437168764	3.38879505828693	0.840336134453782	0.869565217391304	90.0	60.0
37.9569106705236	-117.990438184580	4.14186062679514	0.840336134453782	0.869565217391304	90.0	60.0
37.9490762835167	-117.990439200002	4.89492619530335	0.840336134453782	0.869565217391304	90.0	60.0
37.9412418859799	-117.990440215030	5.64799176381156	0.840336134453782	0.869565217391304	90.0	60.0
37.9334074779138	-117.990441229665	6.40105733231976	0.840336134453782	0.869565217391304	90.0	60.0
37.9255730593191	-117.990442243907	7.15412290082797	0.840336134453782	0.869565217391304	90.0	60.0
37.9177386301965	-117.990443257756	7.90718846933618	0.840336134453782	0.869565217391304	90.0	60.0
37.9099041905469	-117.990444271212	8.66025403784439	0.840336134453782	0.869565217391304	90.0	60.0
37.9020697403708	-117.990445284275	9.41331960635259	0.840336134453782	0.869565217391304	90.0	60.0
37.8942352796690	-117.990446296945	10.1663851748608	0.840336134453782	0.869565217391304	90.0	60.0
37.8864008084421	-117.990447309223	10.9194507433690	0.840336134453782	0.869565217391304	90.0	60.0
37.8785663266910	-117.990448321108	11.6725163118772	0.840336134453782	0.869565217391304	90.0	60.0
37.8707318344163	-117.990449332601	12.4255818803854	0.840336134453782	0.869565217391304	90.0	60.0
37.8628973316186	-117.990450343703	13.1786474488936	0.840336134453782	0.869565217391304	90.0	60.0
37.8550628182989	-117.990451354412	13.9317130174018	0.840336134453782	0.869565217391304	90.0	60.0
37.8472282944576	-117.990452364730	14.6847785859100	0.840336134453782	0.869565217391304	90.0	60.0
37.8393937600957	-117.990453374657	15.4378441544183	0.840336134453782	0.869565217391304	90.0	60.0
37.8315592152137	-117.990454384192	16.1909097229265	0.840336134453782	0.869565217391304	90.0	60.0
37.8237246598124	-117.990455393335	16.9439752914347	0.840336134453782	0.869565217391304	90.0	60.0
37.9960812802465	-117.980866203321	0.376532784254104	0.840336134453782	0.869565217391304	90.0	60.0
37.9882469462269	-117.980868238106	1.12959835276231	0.840336134453782	0.869565217391304	90.0	60.0
37.9804126016737	-117.980870272102	1.88266392127052	0.840336134453782	0.869565217391304	90.0	60.0
37.9725782465877	-117.980872305310	2.63572948977873	0.840336134453782	0.869565217391304	90.0	60.0
37.9647438809695	-117.980874337729	3.38879505828693	0.840336134453782	0.869565217391304	90.0	60.0
37.9569095048199	-117.980876369361	4.14186062679514	0.840336134453782	0.869565217391304	90.0	60.0
37.9490751181395	-117.980878400205	4.89492619530335	0.840336134453782	0.869565217391304	90.0	60.0
37.9412407209292	-117.980880430262	5.64799176381156	0.840336134453782	0.869565217391304	90.0	60.0
37.9334063131894	-117.980882459532	6.40105733231976	0.840336134453782	0.869565217391304	90.0	60.0
37.9255718949211	-117.980884488015	7.15412290082797	0.840336134453782	0.869565217391304	90.0	60.0
37.9177374661249	-117.980886515713	7.90718846933618	0.840336134453782	0.869565217391304	90.0	60.0
37.9099030268014	-117.980888542624	8.66025403784439	0.840336134453782	0.869565217391304	90.0	60.0
37.9020685769514	-117.980890568750	9.41331960635259	0.840336134453782	0.869565217391304	90.0	60.0
37.8942341165757	-117.980892594090	10.1663851748608	0.840336134453782	0.869565217391304	90.0	60.0
37.8863996456749	-117.980894618645	10.9194507433690	0.840336134453782	0.869565217391304	90.0	60.0
37.8785651642496	-117.980896642416	11.6725163118772	0.840336134453782	0.869565217391304	90.0	60.0
37.8707306723008	-117.980898665403	12.4255818803854	0.840336134453782	0.869565217391304	90.0	60.0
37.8628961698290	-117.980900687605	13.1786474488936	0.840336134453782	0.869565217391304	90.0	60.0
37.8550616568349	-117.980902709024	13.9317130174018	0.840336134453782	0.869565217391304	90.0	60.0
37.8472271333193	-117.980904729660	14.6847785859100	0.840336134453782	0.869565217391304	90.0	60.0
37.8393925992830	-117.980906749513	15.4378441544183	0.840336134453782	0.869565217391304	90.0	60.0
37.8315580547265	-117.980908768582	16.1909097229265	0.840336134453782	0.869565217391304	90.0	60.0
37.8237234996506	-117.980910786870	16.9439752914347	0.840336134453782	0.869565217391304	90.0	60.0
37.9960793346842	-117.971299305486	0.376532784254104	0.840336134453782	0.869565217391304	90.0	60.0
37.9882450012094	-117.971302357664	1.12959835276231	0.840336134453782	0.869565217391304	90.0	60.0
37.9804106572009	-117.971305408658	1.88266392127052	0.840336134453782	0.869565217391304	90.0	60.0
37.9725763026595	-117.971308458469	2.63572948977873	0.840336134453782	0.869565217391304	90.0	60.0
37.9647419375858	-117.971311507098	3.38879505828693	0.840336134453782	0.869565217391304	90.0	60.0
37.9569075619805	-117.971314554545	4.14186062679514	0.840336134453782	0.869565217391304	90.0	60.0
37.9490731758444	-117.971317600811	4.89492619530335	0.840336134453782	0.869565217391304	90.0	60.0
37.9412387791782	-117.971320645896	5.64799176381156	0.840336134453782	0.869565217391304	90.0	60.0
37.9334043719824	-117.971323689801	6.40105733231976	0.840336134453782	0.869565217391304	90.0	60.0
37.9255699542580	-117.971326732526	7.15412290082797	0.840336134453782	0.869565217391304	90.0	60.0
37.9177355260056	-117.971329774071	7.90718846933618	0.840336134453782	0.869565217391304	90.0	60.0
37.9099010872258	-117.971332814438	8.66025403784439	0.840336134453782	0.869565217391304	90.0	60.0
37.9020666379194	-117.971335853626	9.41331960635259	0.840336134453782	0.869565217391304	90.0	60.0
37.8942321780871	-117.971338891636	10.1663851748608	0.840336134453782	0.869565217391304	90.0	60.0
37.8863977077296	-117.971341928469	10.9194507433690	0.840336134453782	0.869565217391304	90.0	60.0
37.8785632268476	-117.971344964125	11.6725163118772	0.840336134453782	0.869565217391304	90.0	60.0
37.8707287354418	-117.971347998604	12.4255818803854	0.840336134453782	0.869565217391304	90.0	60.0
37.8628942335130	-117.971351031908	13.1786474488936	0.840336134453782	0.869565217391304	90.0	60.0
37.8550597210618	-117.971354064036	13.9317130174018	0.840336134453782	0.869565217391304	90.0	60.0
37.8472251980890	-117.971357094989	14.6847785859100	0.840336134453782	0.869565217391304	90.0	60.0
37.8393906645953	-117.971360124768	15.4378441544183	0.840336134453782	0.869565217391304	90.0	60.0
37.8315561205814	-117.971363153372	16.1909097229265	0.840336134453782	0.869565217391304	90.0	60.0
37.8237215660479	-117.971366180803	16.9439752914347	0.840336134453782	0.869565217391304	90.0	60.0
37.9960766108974	-117.961732408259	0.376532784254104	0.840336134453782	0.869565217391304	90.0	60.0
37.9882422781853	-117.961736477828	1.12959835276231	0.840336134453782	0.869565217391304	90.0	60.0
37.9804079349394	-117.961740545819	1.88266392127052	0.840336134453782	0.869565217391304	90.0	60.0
37.9725735811604	-117.961744612234	2.63572948977873	0.840336134453782	0.869565217391304	90.0	60.0
37.9647392168489	-117.961748677072	3.38879505828693	0.840336134453782	0.869565217391304	90.0	60.0
37.9569048420057	-117.961752740334	4.14186062679514	0.840336134453782	0.869565217391304	90.0	60.0
37.9490704566316	-117.961756802021	4.89492619530335	0.840336134453782	0.869565217391304	90.0	60.0
37.9412360607271	-117.961760862134	5.64799176381156	0.840336134453782	0.869565217391304	90.0	60.0
37.9334016542930	-117.961764920673	6.40105733231976	0.840336134453782	0.869565217391304	90.0	60.0
37.9255672373301	-117.961768977639	7.15412290082797	0.840336134453782	0.869565217391304	90.0	60.0
37.9177328098389	-117.961773033032	7.90718846933618	0.840336134453782	0.869565217391304	90.0	60.0
37.9098983718202	-117.961777086853	8.66025403784439	0.840336134453782	0.869565217391304	90.0	60.0
37.9020639232748	-117.961781139104	9.41331960635259	0.840336134453782	0.869565217391304	90.0	60.0
37.8942294642034	-117.961785189783	10.1663851748608	0.840336134453782	0.869565217391304	90.0	60.0
37.8863949946065	-117.961789238893	10.9194507433690	0.840336134453782	0.869565217391304	90.0	60.0
37.8785605144851	-117.961793286434	11.6725163118772	0.840336134453782	0.869565217391304	90.0	60.0
37.8707260238396	-117.961797332406	12.4255818803854	0.840336134453782	0.869565217391304	90.0	60.0
37.8628915226710	-117.961801376810	13.1786474488936	0.840336134453782	0.869565217391304	90.0	60.0
37.8550570109799	-117.961805419647	13.9317130174018	0.840336134453782	0.869565217391304	90.0	60.0
37.8472224887669	-117.961809460917	14.6847785859100	0.840336134453782	0.869565217391304	90.0	60.0
37.8393879560329	-117.961813500621	15.4378441544183	0.840336134453782	0.869565217391304	90.0	60.0
37.8315534127786	-117.961817538760	16.1909097229265	0.840336134453782	0.869565217391304	90.0	60.0
37.8237188590046	-117.961821575334	16.9439752914347	0.840336134453782	0.869565217391304	90.0	60.0
37.9960731088863	-117.952165511839	0.376532784254104	0.840336134453782	0.869565217391304	90.0	60.0
37.9882387771549	-117.952170598800	1.12959835276231	0.840336134453782	0.869565217391304	90.0	60.0
37.9804044348894	-117.952175683788	1.88266392127052	0.840336134453782	0.869565217391304	90.0	60.0
37.9725700820907	-117.952180766805	2.63572948977873	0.840336134453782	0.869565217391304	90.0	60.0
37.9647357187593	-117.952185847852	3.38879505828693	0.840336134453782	0.869565217391304	90.0	60.0
37.9569013448960	-117.952190926929	4.14186062679514	0.840336134453782	0.869565217391304	90.0	60.0
37.9490669605014	-117.952196004036	4.89492619530335	0.840336134453782	0.869565217391304	90.0	60.0
37.9412325655764	-117.952201079176	5.64799176381156	0.840336134453782	0.869565217391304	90.0	60.0
37.9333981601215	-117.952206152349	6.40105733231976	0.840336134453782	0.869565217391304	90.0	60.0
37.9255637441376	-117.952211223555	7.15412290082797	0.840336134453782	0.869565217391304	90.0	60.0
37.9177293176252	-117.952216292796	7.90718846933618	0.840336134453782	0.869565217391304	90.0	60.0
37.9098948805852	-117.952221360072	8.66025403784439	0.840336134453782	0.869565217391304	90.0	60.0
37.9020604330182	-117.952226425384	9.41331960635259	0.840336134453782	0.869565217391304	90.0	60.0
37.8942259749249	-117.952231488732	10.1663851748608	0.840336134453782	0.869565217391304	90.0	60.0
37.8863915063061	-117.952236550119	10.9194507433690	0.840336134453782	0.869565217391304	90.0	60.0
37.8785570271624	-117.952241609543	11.6725163118772	0.840336134453782	0.869565217391304	90.0	60.0
37.8707225374946	-117.952246667007	12.4255818803854	0.840336134453782	0.869565217391304	90.0	60.0
37.8628880373034	-117.952251722511	13.1786474488936	0.840336134453782	0.869565217391304	90.0	60.0
37.8550535265894	-117.952256776056	13.9317130174018	0.840336134453782	0.869565217391304	90.0	60.0
37.8472190053535	-117.952261827643	14.6847785859100	0.840336134453782	0.869565217391304	90.0	60.0
37.8393844735962	-117.952266877272	15.4378441544183	0.840336134453782	0.869565217391304	90.0	60.0
37.8315499313185	-117.952271924945	16.1909097229265	0.840336134453782	0.869565217391304	90.0	60.0
37.8237153785208	-117.952276970661	16.9439752914347	0.840336134453782	0.869565217391304	90.0	60.0
37.9960688286515	-117.942598616431	0.376532784254104	0.840336134453782	0.869565217391304	90.0	60.0
37.9882344981187	-117.942604720782	1.12959835276231	0.840336134453782	0.869565217391304	90.0	60.0
37.9804001570516	-117.942610822767	1.88266392127052	0.840336134453782	0.869565217391304	90.0	60.0
37.9725658054509	-117.942616922386	2.63572948977873	0.840336134453782	0.869565217391304	90.0	60.0
37.9647314433174	-117.942623019640	3.38879505828693	0.840336134453782	0.869565217391304	90.0	60.0
37.9568970706516	-117.942629114531	4.14186062679514	0.840336134453782	0.869565217391304	90.0	60.0
37.9490626874544	-117.942635207059	4.89492619530335	0.840336134453782	0.869565217391304	90.0	60.0
37.9412282937265	-117.942641297225	5.64799176381156	0.840336134453782	0.869565217391304	90.0	60.0
37.9333938894685	-117.942647385031	6.40105733231976	0.840336134453782	0.869565217391304	90.0	60.0
37.9255594746811	-117.942653470477	7.15412290082797	0.840336134453782	0.869565217391304	90.0	60.0
37.9177250493651	-117.942659553564	7.90718846933618	0.840336134453782	0.869565217391304	90.0	60.0
37.9098906135212	-117.942665634294	8.66025403784439	0.840336134453782	0.869565217391304	90.0	60.0
37.9020561671500	-117.942671712666	9.41331960635259	0.840336134453782	0.869565217391304	90.0	60.0
37.8942217102523	-117.942677788683	10.1663851748608	0.840336134453782	0.869565217391304	90.0	60.0
37.8863872428288	-117.942683862345	10.9194507433690	0.840336134453782	0.869565217391304	90.0	60.0
37.8785527648802	-117.942689933654	11.6725163118772	0.840336134453782	0.869565217391304	90.0	60.0
37.8707182764072	-117.942696002609	12.4255818803854	0.840336134453782	0.869565217391304	90.0	60.0
37.8628837774106	-117.942702069212	13.1786474488936	0.840336134453782	0.869565217391304	90.0	60.0
37.8550492678909	-117.942708133465	13.9317130174018	0.840336134453782	0.869565217391304	90.0	60.0
37.8472147478491	-117.942714195367	14.6847785859100	0.840336134453782	0.869565217391304	90.0	60.0
37.8393802172857	-117.942720254921	15.4378441544183	0.840336134453782	0.869565217391304	90.0	60.0
37.8315456762015	-117.942726312126	16.1909097229265	0.840336134453782	0.869565217391304	90.0	60.0
37.8237111245972	-117.942732366985	16.9439752914347	0.840336134453782	0.869565217391304	90.0	60.0
37.9960637701936	-117.933031722236	0.376532784254104	0.840336134453782	0.869565217391304	90.0	60.0
37.9882294410773	-117.933038843977	1.12959835276231	0.840336134453782	0.869565217391304	90.0	60.0
37.9803951014264	-117.933045962956	1.88266392127052	0.840336134453782	0.869565217391304	90.0	60.0
37.9725607512417	-117.933053079177	2.63572948977873	0.840336134453782	0.869565217391304	90.0	60.0
37.9647263905237	-117.933060192638	3.38879505828693	0.840336134453782	0.869565217391304	90.0	60.0
37.9568920192733	-117.933067303342	4.14186062679514	0.840336134453782	0.869565217391304	90.0	60.0
37.9490576374912	-117.933074411289	4.89492619530335	0.840336134453782	0.869565217391304	90.0	60.0
37.9412232451779	-117.933081516481	5.64799176381156	0.840336134453782	0.869565217391304	90.0	60.0
37.9333888423344	-117.933088618919	6.40105733231976	0.840336134453782	0.869565217391304	90.0	60.0
37.9255544289612	-117.933095718604	7.15412290082797	0.840336134453782	0.869565217391304	90.0	60.0
37.9177200050590	-117.933102815537	7.90718846933618	0.840336134453782	0.869565217391304	90.0	60.0
37.9098855706286	-117.933109909720	8.66025403784439	0.840336134453782	0.869565217391304	90.0	60.0
37.9020511256707	-117.933117001152	9.41331960635259	0.840336134453782	0.869565217391304	90.0	60.0
37.8942166701860	-117.933124089837	10.1663851748608	0.840336134453782	0.869565217391304	90.0	60.0
37.8863822041751	-117.933131175774	10.9194507433690	0.840336134453782	0.869565217391304	90.0	60.0
37.8785477276389	-117.933138258965	11.6725163118772	0.840336134453782	0.869565217391304	90.0	60.0
37.8707132405780	-117.933145339411	12.4255818803854	0.840336134453782	0.869565217391304	90.0	60.0
37.8628787429931	-117.933152417113	13.1786474488936	0.840336134453782	0.869565217391304	90.0	60.0
37.8550442348850	-117.933159492072	13.9317130174018	0.840336134453782	0.869565217391304	90.0	60.0
37.8472097162543	-117.933166564289	14.6847785859100	0.840336134453782	0.869565217391304	90.0	60.0
37.8393751871019	-117.933173633766	15.4378441544183	0.840336134453782	0.869565217391304	90.0	60.0
37.8315406474283	-117.933180700504	16.1909097229265	0.840336134453782	0.869565217391304	90.0	60.0
37.8237060972343	-117.933187764504	16.9439752914347	0.840336134453782	0.869565217391304	90.0	60.0
37.9960579335133	-117.923464829456	0.376532784254104	0.840336134453782	0.869565217391304	90.0	60.0
37.9882236060314	-117.923472968585	1.12959835276231	0.840336134453782	0.869565217391304	90.0	60.0
37.9803892680146	-117.923481104560	1.88266392127052	0.840336134453782	0.869565217391304	90.0	60.0
37.9725549194636	-117.923489237380	2.63572948977873	0.840336134453782	0.869565217391304	90.0	60.0
37.9647205603791	-117.923497367047	3.38879505828693	0.840336134453782	0.869565217391304	90.0	60.0
37.9568861907617	-117.923505493563	4.14186062679514	0.840336134453782	0.869565217391304	90.0	60.0
37.9490518106123	-117.923513616929	4.89492619530335	0.840336134453782	0.869565217391304	90.0	60.0
37.9412174199315	-117.923521737146	5.64799176381156	0.840336134453782	0.869565217391304	90.0	60.0
37.9333830187199	-117.923529854215	6.40105733231976	0.840336134453782	0.869565217391304	90.0	60.0
37.9255486069784	-117.923537968138	7.15412290082797	0.840336134453782	0.869565217391304	90.0	60.0
37.9177141847077	-117.923546078916	7.90718846933618	0.840336134453782	0.869565217391304	90.0	60.0
37.9098797519083	-117.923554186550	8.66025403784439	0.840336134453782	0.869565217391304	90.0	60.0
37.9020453085810	-117.923562291042	9.41331960635259	0.840336134453782	0.869565217391304	90.0	60.0
37.8942108547267	-117.923570392393	10.1663851748608	0.840336134453782	0.869565217391304	90.0	60.0
37.8863763903458	-117.923578490604	10.9194507433690	0.840336134453782	0.869565217391304	90.0	60.0
37.8785419154393	-117.923586585677	11.6725163118772	0.840336134453782	0.869565217391304	90.0	60.0
37.8707074300077	-117.923594677612	12.4255818803854	0.840336134453782	0.869565217391304	90.0	60.0
37.8628729340518	-117.923602766412	13.1786474488936	0.840336134453782	0.869565217391304	90.0	60.0
37.8550384275723	-117.923610852077	13.9317130174018	0.840336134453782	0.869565217391304	90.0	60.0
37.8472039105700	-117.923618934609	14.6847785859100	0.840336134453782	0.869565217391304	90.0	60.0
37.8393693830454	-117.923627014008	15.4378441544183	0.840336134453782	0.869565217391304	90.0	60.0
37.8315348449994	-117.923635090277	16.1909097229265	0.840336134453782	0.869565217391304	90.0	60.0
37.8237002964327	-117.923643163417	16.9439752914347	0.840336134453782	0.869565217391304	90.0	60.0
37.9960513186113	-117.913897938293	0.376532784254104	0.840336134453782	0.869565217391304	90.0	60.0
37.9882169929818	-117.913907094810	1.12959835276231	0.840336134453782	0.869565217391304	90.0	60.0
37.9803826568169	-117.913916247778	1.88266392127052	0.840336134453782	0.869565217391304	90.0	60.0
37.9725483101175	-117.913925397197	2.63572948977873	0.840336134453782	0.869565217391304	90.0	60.0
37.9647139528842	-117.913934543069	3.38879505828693	0.840336134453782	0.869565217391304	90.0	60.0
37.9568795851177	-117.913943685396	4.14186062679514	0.840336134453782	0.869565217391304	90.0	60.0
37.9490452068187	-117.913952824179	4.89492619530335	0.840336134453782	0.869565217391304	90.0	60.0
37.9412108179879	-117.913961959420	5.64799176381156	0.840336134453782	0.869565217391304	90.0	60.0
37.9333764186260	-117.913971091119	6.40105733231976	0.840336134453782	0.869565217391304	90.0	60.0
37.9255420087338	-117.913980219279	7.15412290082797	0.840336134453782	0.869565217391304	90.0	60.0
37.9177075883118	-117.913989343901	7.90718846933618	0.840336134453782	0.869565217391304	90.0	60.0
37.9098731573610	-117.913998464986	8.66025403784439	0.840336134453782	0.869565217391304	90.0	60.0
37.9020387158818	-117.914007582536	9.41331960635259	0.840336134453782	0.869565217391304	90.0	60.0
37.8942042638752	-117.914016696553	10.1663851748608	0.840336134453782	0.869565217391304	90.0	60.0
37.8863698013417	-117.914025807037	10.9194507433690	0.840336134453782	0.869565217391304	90.0	60.0
37.8785353282821	-117.914034913990	11.6725163118772	0.840336134453782	0.869565217391304	90.0	60.0
37.8707008446970	-117.914044017414	12.4255818803854	0.840336134453782	0.869565217391304	90.0	60.0
37.8628663505873	-117.914053117310	13.1786474488936	0.840336134453782	0.869565217391304	90.0	60.0
37.8550318459536	-117.914062213680	13.9317130174018	0.840336134453782	0.869565217391304	90.0	60.0
37.8471973307967	-117.914071306525	14.6847785859100	0.840336134453782	0.869565217391304	90.0	60.0
37.8393628051172	-117.914080395846	15.4378441544183	0.840336134453782	0.869565217391304	90.0	60.0
37.8315282689158	-117.914089481645	16.1909097229265	0.840336134453782	0.869565217391304	90.0	60.0
37.8236937221934	-117.914098563924	16.9439752914347	0.840336134453782	0.869565217391304	90.0	60.0
37.9960439254885	-117.904331048949	0.376532784254104	0.840336134453782	0.869565217391304	90.0	60.0
37.9882096019293	-117.904341222853	1.12959835276231	0.840336134453782	0.869565217391304	90.0	60.0
37.9803752678343	-117.904351392813	1.88266392127052	0.840336134453782	0.869565217391304	90.0	60.0
37.9725409232043	-117.904361558830	2.63572948977873	0.840336134453782	0.869565217391304	90.0	60.0
37.9647065680400	-117.904371720906	3.38879505828693	0.840336134453782	0.869565217391304	90.0	60.0
37.9568722023420	-117.904381879043	4.14186062679514	0.840336134453782	0.869565217391304	90.0	60.0
37.9490378261111	-117.904392033242	4.89492619530335	0.840336134453782	0.869565217391304	90.0	60.0
37.9412034393480	-117.904402183505	5.64799176381156	0.840336134453782	0.869565217391304	90.0	60.0
37.9333690420534	-117.904412329834	6.40105733231976	0.840336134453782	0.869565217391304	90.0	60.0
37.9255346342280	-117.904422472229	7.15412290082797	0.840336134453782	0.869565217391304	90.0	60.0
37.9177002158725	-117.904432610694	7.90718846933618	0.840336134453782	0.869565217391304	90.0	60.0
37.9098657869875	-117.904442745229	8.66025403784439	0.840336134453782	0.869565217391304	90.0	60.0
37.9020313475739	-117.904452875836	9.41331960635259	0.840336134453782	0.869565217391304	90.0	60.0
37.8941968976324	-117.904463002516	10.1663851748608	0.840336134453782	0.869565217391304	90.0	60.0
37.8863624371635	-117.904473125272	10.9194507433690	0.840336134453782	0.869565217391304	90.0	60.0
37.8785279661682	-117.904483244105	11.6725163118772	0.840336134453782	0.869565217391304	90.0	60.0
37.8706934846469	-117.904493359016	12.4255818803854	0.840336134453782	0.869565217391304	90.0	60.0
37.8628589926006	-117.904503470008	13.1786474488936	0.840336134453782	0.869565217391304	90.0	60.0
37.8550244900298	-117.904513577081	13.9317130174018	0.840336134453782	0.869565217391304	90.0	60.0
37.8471899769354	-117.904523680237	14.6847785859100	0.840336134453782	0.869565217391304	90.0	60.0
37.8393554533180	-117.904533779479	15.4378441544183	0.840336134453782	0.869565217391304	90.0	60.0
37.8315209191783	-117.904543874807	16.1909097229265	0.840336134453782	0.869565217391304	90.0	60.0
37.8236863745171	-117.904553966224	16.9439752914347	0.840336134453782	0.869565217391304	90.0	60.0
37.9960357541460	-117.894764161628	0.376532784254104	0.840336134453782	0.869565217391304	90.0	60.0
37.9882014328750	-117.894775352917	1.12959835276231	0.840336134453782	0.869565217391304	90.0	60.0
37.9803671010678	-117.894786539867	1.88266392127052	0.840336134453782	0.869565217391304	90.0	60.0
37.9725327587250	-117.894797722481	2.63572948977873	0.840336134453782	0.869565217391304	90.0	60.0
37.9646984058474	-117.894808900760	3.38879505828693	0.840336134453782	0.869565217391304	90.0	60.0
37.9568640424358	-117.894820074705	4.14186062679514	0.840336134453782	0.869565217391304	90.0	60.0
37.9490296684907	-117.894831244319	4.89492619530335	0.840336134453782	0.869565217391304	90.0	60.0
37.9411952840129	-117.894842409603	5.64799176381156	0.840336134453782	0.869565217391304	90.0	60.0
37.9333608890032	-117.894853570559	6.40105733231976	0.840336134453782	0.869565217391304	90.0	60.0
37.9255264834621	-117.894864727189	7.15412290082797	0.840336134453782	0.869565217391304	90.0	60.0
37.9176920673905	-117.894875879495	7.90718846933618	0.840336134453782	0.869565217391304	90.0	60.0
37.9098576407890	-117.894887027478	8.66025403784439	0.840336134453782	0.869565217391304	90.0	60.0
37.9020232036583	-117.894898171140	9.41331960635259	0.840336134453782	0.869565217391304	90.0	60.0
37.8941887559993	-117.894909310484	10.1663851748608	0.840336134453782	0.869565217391304	90.0	60.0
37.8863542978124	-117.894920445510	10.9194507433690	0.840336134453782	0.869565217391304	90.0	60.0
37.8785198290986	-117.894931576221	11.6725163118772	0.840336134453782	0.869565217391304	90.0	60.0
37.8706853498584	-117.894942702618	12.4255818803854	0.840336134453782	0.869565217391304	90.0	60.0
37.8628508600926	-117.894953824704	13.1786474488936	0.840336134453782	0.869565217391304	90.0	60.0
37.8550163598020	-117.894964942479	13.9317130174018	0.840336134453782	0.869565217391304	90.0	60.0
37.8471818489871	-117.894976055946	14.6847785859100	0.840336134453782	0.869565217391304	90.0	60.0
37.8393473276489	-117.894987165107	15.4378441544183	0.840336134453782	0.869565217391304	90.0	60.0
37.8315127957878	-117.894998269963	16.1909097229265	0.840336134453782	0.869565217391304	90.0	60.0
37.8236782534048	-117.895009370516	16.9439752914347	0.840336134453782	0.869565217391304	90.0	60.0
37.9960268045849	-117.885197276530	0.376532784254104	0.840336134453782	0.869565217391304	90.0	60.0
37.9881924858200	-117.885209485203	1.12959835276231	0.840336134453782	0.869565217391304	90.0	60.0
37.9803581565184	-117.885221689142	1.88266392127052	0.840336134453782	0.869565217391304	90.0	60.0
37.9725238166807	-117.885233888351	2.63572948977873	0.840336134453782	0.869565217391304	90.0	60.0
37.9646894663077	-117.885246082831	3.38879505828693	0.840336134453782	0.869565217391304	90.0	60.0
37.9568551054000	-117.885258272583	4.14186062679514	0.840336134453782	0.869565217391304	90.0	60.0
37.9490207339585	-117.885270457610	4.89492619530335	0.840336134453782	0.869565217391304	90.0	60.0
37.9411863519837	-117.885282637914	5.64799176381156	0.840336134453782	0.869565217391304	90.0	60.0
37.9333519594764	-117.885294813496	6.40105733231976	0.840336134453782	0.869565217391304	90.0	60.0
37.9255175564373	-117.885306984359	7.15412290082797	0.840336134453782	0.869565217391304	90.0	60.0
37.9176831428671	-117.885319150504	7.90718846933618	0.840336134453782	0.869565217391304	90.0	60.0
37.9098487187665	-117.885331311934	8.66025403784439	0.840336134453782	0.869565217391304	90.0	60.0
37.9020142841362	-117.885343468651	9.41331960635259	0.840336134453782	0.869565217391304	90.0	60.0
37.8941798389770	-117.885355620656	10.1663851748608	0.840336134453782	0.869565217391304	90.0	60.0
37.8863453832895	-117.885367767951	10.9194507433690	0.840336134453782	0.869565217391304	90.0	60.0
37.8785109170744	-117.885379910539	11.6725163118772	0.840336134453782	0.869565217391304	90.0	60.0
37.8706764403325	-117.885392048420	12.4255818803854	0.840336134453782	0.869565217391304	90.0	60.0
37.8628419530645	-117.885404181598	13.1786474488936	0.840336134453782	0.869565217391304	90.0	60.0
37.8550074552711	-117.885416310074	13.9317130174018	0.840336134453782	0.869565217391304	90.0	60.0
37.8471729469530	-117.885428433851	14.6847785859100	0.840336134453782	0.869565217391304	90.0	60.0
37.8393384281109	-117.885440552929	15.4378441544183	0.840336134453782	0.869565217391304	90.0	60.0
37.8315038987455	-117.885452667311	16.1909097229265	0.840336134453782	0.869565217391304	90.0	60.0
37.8236693588577	-117.885464776999	16.9439752914347	0.840336134453782	0.869565217391304	90.0	60.0
37.9960170768063	-117.875630393858	0.376532784254104	0.840336134453782	0.869565217391304	90.0	60.0
37.9881827607654	-117.875643619913	1.12959835276231	0.840336134453782	0.869565217391304	90.0	60.0
37.9803484341873	-117.875656840840	1.88266392127052	0.840336134453782	0.869565217391304	90.0	60.0
37.9725140970726	-117.875670056642	2.63572948977873	0.840336134453782	0.869565217391304	90.0	60.0
37.9646797494219	-117.875683267321	3.38879505828693	0.840336134453782	0.869565217391304	90.0	60.0
37.9568453912360	-117.875696472879	4.14186062679514	0.840336134453782	0.869565217391304	90.0	60.0
37.9490110225157	-117.875709673317	4.89492619530335	0.840336134453782	0.869565217391304	90.0	60.0
37.9411766432615	-117.875722868639	5.64799176381156	0.840336134453782	0.869565217391304	90.0	60.0
37.9333422534743	-117.875736058846	6.40105733231976	0.840336134453782	0.869565217391304	90.0	60.0
37.9255078531547	-117.875749243940	7.15412290082797	0.840336134453782	0.869565217391304	90.0	60.0
37.9176734423034	-117.875762423924	7.90718846933618	0.840336134453782	0.869565217391304	90.0	60.0
37.9098390209212	-117.875775598799	8.66025403784439	0.840336134453782	0.869565217391304	90.0	60.0
37.9020045890087	-117.875788768568	9.41331960635259	0.840336134453782	0.869565217391304	90.0	60.0
37.8941701465667	-117.875801933233	10.1663851748608	0.840336134453782	0.869565217391304	90.0	60.0
37.8863356935958	-117.875815092795	10.9194507433690	0.840336134453782	0.869565217391304	90.0	60.0
37.8785012300968	-117.875828247258	11.6725163118772	0.840336134453782	0.869565217391304	90.0	60.0
37.8706667560705	-117.875841396623	12.4255818803854	0.840336134453782	0.869565217391304	90.0	60.0
37.8628322715174	-117.875854540892	13.1786474488936	0.840336134453782	0.869565217391304	90.0	60.0
37.8549977764384	-117.875867680067	13.9317130174018	0.840336134453782	0.869565217391304	90.0	60.0
37.8471632708341	-117.875880814150	14.6847785859100	0.840336134453782	0.869565217391304	90.0	60.0
37.8393287547053	-117.875893943144	15.4378441544183	0.840336134453782	0.869565217391304	90.0	60.0
37.8314942280527	-117.875907067051	16.1909097229265	0.840336134453782	0.869565217391304	90.0	60.0
37.8236596908769	-117.875920185873	16.9439752914347	0.840336134453782	0.869565217391304	90.0	60.0
37.9960065708116	-117.866063513814	0.376532784254104	0.840336134453782	0.869565217391304	90.0	60.0
37.9881722577127	-117.866077757249	1.12959835276231	0.840336134453782	0.869565217391304	90.0	60.0
37.9803379340759	-117.866091995163	1.88266392127052	0.840336134453782	0.869565217391304	90.0	60.0
37.9725035999019	-117.866106227556	2.63572948977873	0.840336134453782	0.869565217391304	90.0	60.0
37.9646692551914	-117.866120454433	3.38879505828693	0.840336134453782	0.869565217391304	90.0	60.0
37.9568348999451	-117.866134675794	4.14186062679514	0.840336134453782	0.869565217391304	90.0	60.0
37.9490005341636	-117.866148891642	4.89492619530335	0.840336134453782	0.869565217391304	90.0	60.0
37.9411661578477	-117.866163101980	5.64799176381156	0.840336134453782	0.869565217391304	90.0	60.0
37.9333317709982	-117.866177306810	6.40105733231976	0.840336134453782	0.869565217391304	90.0	60.0
37.9254973736156	-117.866191506134	7.15412290082797	0.840336134453782	0.869565217391304	90.0	60.0
37.9176629657008	-117.866205699954	7.90718846933618	0.840336134453782	0.869565217391304	90.0	60.0
37.9098285472544	-117.866219888273	8.66025403784439	0.840336134453782	0.869565217391304	90.0	60.0
37.9019941182771	-117.866234071092	9.41331960635259	0.840336134453782	0.869565217391304	90.0	60.0
37.8941596787697	-117.866248248415	10.1663851748608	0.840336134453782	0.869565217391304	90.0	60.0
37.8863252287328	-117.866262420243	10.9194507433690	0.840336134453782	0.869565217391304	90.0	60.0
37.8784907681672	-117.866276586579	11.6725163118772	0.840336134453782	0.869565217391304	90.0	60.0
37.8706562970736	-117.866290747425	12.4255818803854	0.840336134453782	0.869565217391304	90.0	60.0
37.8628218154527	-117.866304902783	13.1786474488936	0.840336134453782	0.869565217391304	90.0	60.0
37.8549873233052	-117.866319052656	13.9317130174018	0.840336134453782	0.869565217391304	90.0	60.0
37.8471528206319	-117.866333197045	14.6847785859100	0.840336134453782	0.869565217391304	90.0	60.0
37.8393183074334	-117.866347335953	15.4378441544183	0.840336134453782	0.869565217391304	90.0	60.0
37.8314837837104	-117.866361469383	16.1909097229265	0.840336134453782	0.869565217391304	90.0	60.0
37.8236492494638	-117.866375597336	16.9439752914347	0.840336134453782	0.869565217391304	90.0	60.0
37.9959952866022	-117.856496636600	0.376532784254104	0.840336134453782	0.869565217391304	90.0	60.0
37.9881609766632	-117.856511897414	1.12959835276231	0.840336134453782	0.869565217391304	90.0	60.0
37.9803266561857	-117.856527152311	1.88266392127052	0.840336134453782	0.869565217391304	90.0	60.0
37.9724923251703	-117.856542401295	2.63572948977873	0.840336134453782	0.869565217391304	90.0	60.0
37.9646579836176	-117.856557644367	3.38879505828693	0.840336134453782	0.869565217391304	90.0	60.0
37.9568236315286	-117.856572881530	4.14186062679514	0.840336134453782	0.869565217391304	90.0	60.0
37.9489892689037	-117.856588112786	4.89492619530335	0.840336134453782	0.869565217391304	90.0	60.0
37.9411548957438	-117.856603338139	5.64799176381156	0.840336134453782	0.869565217391304	90.0	60.0
37.9333205120495	-117.856618557589	6.40105733231976	0.840336134453782	0.869565217391304	90.0	60.0
37.9254861178215	-117.856633771141	7.15412290082797	0.840336134453782	0.869565217391304	90.0	60.0
37.9176517130606	-117.856648978796	7.90718846933618	0.840336134453782	0.869565217391304	90.0	60.0
37.9098172977675	-117.856664180556	8.66025403784439	0.840336134453782	0.869565217391304	90.0	60.0
37.9019828719429	-117.856679376424	9.41331960635259	0.840336134453782	0.869565217391304	90.0	60.0
37.8941484355874	-117.856694566403	10.1663851748608	0.840336134453782	0.869565217391304	90.0	60.0
37.8863139887019	-117.856709750495	10.9194507433690	0.840336134453782	0.869565217391304	90.0	60.0
37.8784795312870	-117.856724928702	11.6725163118772	0.840336134453782	0.869565217391304	90.0	60.0
37.8706450633434	-117.856740101028	12.4255818803854	0.840336134453782	0.869565217391304	90.0	60.0
37.8628105848718	-117.856755267473	13.1786474488936	0.840336134453782	0.869565217391304	90.0	60.0
37.8549760958730	-117.856770428041	13.9317130174018	0.840336134453782	0.869565217391304	90.0	60.0
37.8471415963477	-117.856785582734	14.6847785859100	0.840336134453782	0.869565217391304	90.0	60.0
37.8393070862966	-117.856800731555	15.4378441544183	0.840336134453782	0.869565217391304	90.0	60.0
37.8314725657203	-117.856815874505	16.1909097229265	0.840336134453782	0.869565217391304	90.0	60.0
37.8236380346197	-117.856831011588	16.9439752914347	0.840336134453782	0.869565217391304	90.0	60.0
37.9959832241796	-117.846929762419	0.376532784254104	0.840336134453782	0.869565217391304	90.0	60.0
37.9881489176185	-117.846946040609	1.12959835276231	0.840336134453782	0.869565217391304	90.0	60.0
37.9803146005181	-117.846962312489	1.88266392127052	0.840336134453782	0.869565217391304	90.0	60.0
37.9724802728791	-117.846978578060	2.63572948977873	0.840336134453782	0.869565217391304	90.0	60.0
37.9646459347021	-117.846994837326	3.38879505828693	0.840336134453782	0.869565217391304	90.0	60.0
37.9568115859880	-117.847011090288	4.14186062679514	0.840336134453782	0.869565217391304	90.0	60.0
37.9489772267375	-117.847027336951	4.89492619530335	0.840336134453782	0.869565217391304	90.0	60.0
37.9411428569511	-117.847043577315	5.64799176381156	0.840336134453782	0.869565217391304	90.0	60.0
37.9333084766297	-117.847059811385	6.40105733231976	0.840336134453782	0.869565217391304	90.0	60.0
37.9254740857739	-117.847076039162	7.15412290082797	0.840336134453782	0.869565217391304	90.0	60.0
37.9176396843845	-117.847092260649	7.90718846933618	0.840336134453782	0.869565217391304	90.0	60.0
37.9098052724621	-117.847108475849	8.66025403784439	0.840336134453782	0.869565217391304	90.0	60.0
37.9019708500075	-117.847124684764	9.41331960635259	0.840336134453782	0.869565217391304	90.0	60.0
37.8941364170214	-117.847140887398	10.1663851748608	0.840336134453782	0.869565217391304	90.0	60.0
37.8863019735045	-117.847157083751	10.9194507433690	0.840336134453782	0.869565217391304	90.0	60.0
37.8784675194575	-117.847173273828	11.6725163118772	0.840336134453782	0.869565217391304	90.0	60.0
37.8706330548812	-117.847189457630	12.4255818803854	0.840336134453782	0.869565217391304	90.0	60.0
37.8627985797762	-117.847205635161	13.1786474488936	0.840336134453782	0.869565217391304	90.0	60.0
37.8549640941432	-117.847221806422	13.9317130174018	0.840336134453782	0.869565217391304	90.0	60.0
37.8471295979830	-117.847237971417	14.6847785859100	0.840336134453782	0.869565217391304	90.0	60.0
37.8392950912963	-117.847254130148	15.4378441544183	0.840336134453782	0.869565217391304	90.0	60.0
37.8314605740839	-117.847270282618	16.1909097229265	0.840336134453782	0.869565217391304	90.0	60.0
37.8236260463463	-117.847286428829	16.9439752914347	0.840336134453782	0.869565217391304	90.0	60.0
37.9959703835456	-117.837362891473	0.376532784254104	0.840336134453782	0.869565217391304	90.0	60.0
37.9881360805802	-117.837380187037	1.12959835276231	0.840336134453782	0.869565217391304	90.0	60.0
37.9803017670747	-117.837397475896	1.88266392127052	0.840336134453782	0.869565217391304	90.0	60.0
37.9724674430299	-117.837414758053	2.63572948977873	0.840336134453782	0.869565217391304	90.0	60.0
37.9646331084465	-117.837432033510	3.38879505828693	0.840336134453782	0.869565217391304	90.0	60.0
37.9567987633251	-117.837449302270	4.14186062679514	0.840336134453782	0.869565217391304	90.0	60.0
37.9489644076665	-117.837466564337	4.89492619530335	0.840336134453782	0.869565217391304	90.0	60.0
37.9411300414714	-117.837483819712	5.64799176381156	0.840336134453782	0.869565217391304	90.0	60.0
37.9332956647405	-117.837501068398	6.40105733231976	0.840336134453782	0.869565217391304	90.0	60.0
37.9254612774744	-117.837518310399	7.15412290082797	0.840336134453782	0.869565217391304	90.0	60.0
37.9176268796740	-117.837535545716	7.90718846933618	0.840336134453782	0.869565217391304	90.0	60.0
37.9097924713398	-117.837552774353	8.66025403784439	0.840336134453782	0.869565217391304	90.0	60.0
37.9019580524727	-117.837569996313	9.41331960635259	0.840336134453782	0.869565217391304	90.0	60.0
37.8941236230733	-117.837587211598	10.1663851748608	0.840336134453782	0.869565217391304	90.0	60.0
37.8862891831424	-117.837604420212	10.9194507433690	0.840336134453782	0.869565217391304	90.0	60.0
37.8784547326806	-117.837621622156	11.6725163118772	0.840336134453782	0.869565217391304	90.0	60.0
37.8706202716888	-117.837638817433	12.4255818803854	0.840336134453782	0.869565217391304	90.0	60.0
37.8627858001675	-117.837656006047	13.1786474488936	0.840336134453782	0.869565217391304	90.0	60.0
37.8549513181175	-117.837673188000	13.9317130174018	0.840336134453782	0.869565217391304	90.0	60.0
37.8471168255396	-117.837690363294	14.6847785859100	0.840336134453782	0.869565217391304	90.0	60.0
37.8392823224344	-117.837707531934	15.4378441544183	0.840336134453782	0.869565217391304	90.0	60.0
37.8314478088026	-117.837724693920	16.1909097229265	0.840336134453782	0.869565217391304	90.0	60.0
37.8236132846451	-117.837741849257	16.9439752914347	0.840336134453782	0.869565217391304	90.0	60.0
37.9959567647017	-117.827796023963	0.376532784254104	0.840336134453782	0.869565217391304	90.0	60.0
37.9881224655500	-117.827814336899	1.12959835276231	0.840336134453782	0.869565217391304	90.0	60.0
37.9802881558574	-117.827832642736	1.88266392127052	0.840336134453782	0.869565217391304	90.0	60.0
37.9724538356247	-117.827850941476	2.63572948977873	0.840336134453782	0.869565217391304	90.0	60.0
37.9646195048525	-117.827869233122	3.38879505828693	0.840336134453782	0.869565217391304	90.0	60.0
37.9567851635416	-117.827887517678	4.14186062679514	0.840336134453782	0.869565217391304	90.0	60.0
37.9489508116927	-117.827905795146	4.89492619530335	0.840336134453782	0.869565217391304	90.0	60.0
37.9411164493064	-117.827924065528	5.64799176381156	0.840336134453782	0.869565217391304	90.0	60.0
37.9332820763835	-117.827942328829	6.40105733231976	0.840336134453782	0.869565217391304	90.0	60.0
37.9254476929247	-117.827960585051	7.15412290082797	0.840336134453782	0.869565217391304	90.0	60.0
37.9176132989308	-117.827978834197	7.90718846933618	0.840336134453782	0.869565217391304	90.0	60.0
37.9097788944023	-117.827997076269	8.66025403784439	0.840336134453782	0.869565217391304	90.0	60.0
37.9019444793401	-117.828015311271	9.41331960635259	0.840336134453782	0.869565217391304	90.0	60.0
37.8941100537448	-117.828033539206	10.1663851748608	0.840336134453782	0.869565217391304	90.0	60.0
37.8862756176172	-117.828051760077	10.9194507433690	0.840336134453782	0.869565217391304	90.0	60.0
37.8784411709580	-117.828069973886	11.6725163118772	0.840336134453782	0.869565217391304	90.0	60.0
37.8706067137678	-117.828088180636	12.4255818803854	0.840336134453782	0.869565217391304	90.0	60.0
37.8627722460475	-117.828106380331	13.1786474488936	0.840336134453782	0.869565217391304	90.0	60.0
37.8549377677976	-117.828124572973	13.9317130174018	0.840336134453782	0.869565217391304	90.0	60.0
37.8471032790190	-117.828142758565	14.6847785859100	0.840336134453782	0.869565217391304	90.0	60.0
37.8392687797123	-117.828160937110	15.4378441544183	0.840336134453782	0.869565217391304	90.0	60.0
37.8314342698783	-117.828179108611	16.1909097229265	0.840336134453782	0.869565217391304	90.0	60.0
37.8235997495177	-117.828197273071	16.9439752914347	0.840336134453782	0.869565217391304	90.0	60.0
37.9959423676499	-117.818229160092	0.376532784254104	0.840336134453782	0.869565217391304	90.0	60.0
37.9881080725298	-117.818248490398	1.12959835276231	0.840336134453782	0.869565217391304	90.0	60.0
37.9802737668679	-117.818267813210	1.88266392127052	0.840336134453782	0.869565217391304	90.0	60.0
37.9724394506651	-117.818287128530	2.63572948977873	0.840336134453782	0.869565217391304	90.0	60.0
37.9646051239220	-117.818306436364	3.38879505828693	0.840336134453782	0.869565217391304	90.0	60.0
37.9567707866393	-117.818325736712	4.14186062679514	0.840336134453782	0.869565217391304	90.0	60.0
37.9489364388177	-117.818345029579	4.89492619530335	0.840336134453782	0.869565217391304	90.0	60.0
37.9411020804579	-117.818364314967	5.64799176381156	0.840336134453782	0.869565217391304	90.0	60.0
37.9332677115607	-117.818383592880	6.40105733231976	0.840336134453782	0.869565217391304	90.0	60.0
37.9254333321268	-117.818402863321	7.15412290082797	0.840336134453782	0.869565217391304	90.0	60.0
37.9175989421568	-117.818422126292	7.90718846933618	0.840336134453782	0.869565217391304	90.0	60.0
37.9097645416515	-117.818441381797	8.66025403784439	0.840336134453782	0.869565217391304	90.0	60.0
37.9019301306116	-117.818460629839	9.41331960635259	0.840336134453782	0.869565217391304	90.0	60.0
37.8940957090378	-117.818479870422	10.1663851748608	0.840336134453782	0.869565217391304	90.0	60.0
37.8862612769308	-117.818499103547	10.9194507433690	0.840336134453782	0.869565217391304	90.0	60.0
37.8784268342913	-117.818518329218	11.6725163118772	0.840336134453782	0.869565217391304	90.0	60.0
37.8705923811201	-117.818537547439	12.4255818803854	0.840336134453782	0.869565217391304	90.0	60.0
37.8627579174179	-117.818556758212	13.1786474488936	0.840336134453782	0.869565217391304	90.0	60.0
37.8549234431853	-117.818575961541	13.9317130174018	0.840336134453782	0.869565217391304	90.0	60.0
37.8470889584231	-117.818595157428	14.6847785859100	0.840336134453782	0.869565217391304	90.0	60.0
37.8392544631321	-117.818614345877	15.4378441544183	0.840336134453782	0.869565217391304	90.0	60.0
37.8314199573129	-117.818633526890	16.1909097229265	0.840336134453782	0.869565217391304	90.0	60.0
37.8235854409662	-117.818652700471	16.9439752914347	0.840336134453782	0.869565217391304	90.0	60.0
37.9959271923922	-117.808662300062	0.376532784254104	0.840336134453782	0.869565217391304	90.0	60.0
37.9880929015215	-117.808682647735	1.12959835276231	0.840336134453782	0.869565217391304	90.0	60.0
37.9802586001083	-117.808702987519	1.88266392127052	0.840336134453782	0.869565217391304	90.0	60.0
37.9724242881531	-117.808723319418	2.63572948977873	0.840336134453782	0.869565217391304	90.0	60.0
37.9645899656569	-117.808743643436	3.38879505828693	0.840336134453782	0.869565217391304	90.0	60.0
37.9567556326201	-117.808763959574	4.14186062679514	0.840336134453782	0.869565217391304	90.0	60.0
37.9489212890435	-117.808784267838	4.89492619530335	0.840336134453782	0.869565217391304	90.0	60.0
37.9410869349280	-117.808804568229	5.64799176381156	0.840336134453782	0.869565217391304	90.0	60.0
37.9332525702740	-117.808824860751	6.40105733231976	0.840336134453782	0.869565217391304	90.0	60.0
37.9254181950825	-117.808845145408	7.15412290082797	0.840336134453782	0.869565217391304	90.0	60.0
37.9175838093540	-117.808865422203	7.90718846933618	0.840336134453782	0.869565217391304	90.0	60.0
37.9097494130893	-117.808885691138	8.66025403784439	0.840336134453782	0.869565217391304	90.0	60.0
37.9019150062891	-117.808905952218	9.41331960635259	0.840336134453782	0.869565217391304	90.0	60.0
37.8940805889542	-117.808926205445	10.1663851748608	0.840336134453782	0.869565217391304	90.0	60.0
37.8862461610852	-117.808946450822	10.9194507433690	0.840336134453782	0.869565217391304	90.0	60.0
37.8784117226827	-117.808966688354	11.6725163118772	0.840336134453782	0.869565217391304	90.0	60.0
37.8705772737477	-117.808986918042	12.4255818803854	0.840336134453782	0.869565217391304	90.0	60.0
37.8627428142808	-117.809007139892	13.1786474488936	0.840336134453782	0.869565217391304	90.0	60.0
37.8549083442826	-117.809027353904	13.9317130174018	0.840336134453782	0.869565217391304	90.0	60.0
37.8470738637540	-117.809047560084	14.6847785859100	0.840336134453782	0.869565217391304	90.0	60.0
37.8392393726956	-117.809067758433	15.4378441544183	0.840336134453782	0.869565217391304	90.0	60.0
37.8314048711081	-117.809087948956	16.1909097229265	0.840336134453782	0.869565217391304	90.0	60.0
37.8235703589923	-117.809108131656	16.9439752914347	0.840336134453782	0.869565217391304	90.0	60.0
37.9959112389305	-117.799095444076	0.376532784254104	0.840336134453782	0.869565217391304	90.0	60.0
37.9880769525272	-117.799116809112	1.12959835276231	0.840336134453782	0.869565217391304	90.0	60.0
37.9802426555805	-117.799138165867	1.88266392127052	0.840336134453782	0.869565217391304	90.0	60.0
37.9724083480909	-117.799159514341	2.63572948977873	0.840336134453782	0.869565217391304	90.0	60.0
37.9645740300592	-117.799180854540	3.38879505828693	0.840336134453782	0.869565217391304	90.0	60.0
37.9567397014861	-117.799202186466	4.14186062679514	0.840336134453782	0.869565217391304	90.0	60.0
37.9489053623723	-117.799223510124	4.89492619530335	0.840336134453782	0.869565217391304	90.0	60.0
37.9410710127185	-117.799244825515	5.64799176381156	0.840336134453782	0.869565217391304	90.0	60.0
37.9332366525255	-117.799266132644	6.40105733231976	0.840336134453782	0.869565217391304	90.0	60.0
37.9254022817939	-117.799287431515	7.15412290082797	0.840336134453782	0.869565217391304	90.0	60.0
37.9175679005244	-117.799308722129	7.90718846933618	0.840336134453782	0.869565217391304	90.0	60.0
37.9097335087178	-117.799330004492	8.66025403784439	0.840336134453782	0.869565217391304	90.0	60.0
37.9018991063747	-117.799351278607	9.41331960635259	0.840336134453782	0.869565217391304	90.0	60.0
37.8940646934960	-117.799372544476	10.1663851748608	0.840336134453782	0.869565217391304	90.0	60.0
37.8862302700822	-117.799393802103	10.9194507433690	0.840336134453782	0.869565217391304	90.0	60.0
37.8783958361342	-117.799415051492	11.6725163118772	0.840336134453782	0.869565217391304	90.0	60.0
37.8705613916526	-117.799436292646	12.4255818803854	0.840336134453782	0.869565217391304	90.0	60.0
37.8627269366381	-117.799457525568	13.1786474488936	0.840336134453782	0.869565217391304	90.0	60.0
37.8548924710915	-117.799478750262	13.9317130174018	0.840336134453782	0.869565217391304	90.0	60.0
37.8470579950135	-117.799499966732	14.6847785859100	0.840336134453782	0.869565217391304	90.0	60.0
37.8392235084048	-117.799521174980	15.4378441544183	0.840336134453782	0.869565217391304	90.0	60.0
37.8313890112662	-117.799542375010	16.1909097229265	0.840336134453782	0.869565217391304	90.0	60.0
37.8235545035982	-117.799563566825	16.9439752914347	0.840336134453782	0.869565217391304	90.0	60.0
37.9958945072670	-117.789528592334	0.376532784254104	0.840336134453782	0.869565217391304	90.0	60.0
37.9880602255491	-117.789550974733	1.12959835276231	0.840336134453782	0.869565217391304	90.0	60.0
37.9802259332867	-117.789573348454	1.88266392127052	0.840336134453782	0.869565217391304	90.0	60.0
37.9723916304805	-117.789595713501	2.63572948977873	0.840336134453782	0.869565217391304	90.0	60.0
37.9645573171312	-117.789618069879	3.38879505828693	0.840336134453782	0.869565217391304	90.0	60.0
37.9567229932395	-117.789640417590	4.14186062679514	0.840336134453782	0.869565217391304	90.0	60.0
37.9488886588061	-117.789662756638	4.89492619530335	0.840336134453782	0.869565217391304	90.0	60.0
37.9410543138318	-117.789685087027	5.64799176381156	0.840336134453782	0.869565217391304	90.0	60.0
37.9332199583172	-117.789707408760	6.40105733231976	0.840336134453782	0.869565217391304	90.0	60.0
37.9253855922631	-117.789729721841	7.15412290082797	0.840336134453782	0.869565217391304	90.0	60.0
37.9175512156701	-117.789752026273	7.90718846933618	0.840336134453782	0.869565217391304	90.0	60.0
37.9097168285390	-117.789774322061	8.66025403784439	0.840336134453782	0.869565217391304	90.0	60.0
37.9018824308705	-117.789796609207	9.41331960635259	0.840336134453782	0.869565217391304	90.0	60.0
37.8940480226654	-117.789818887716	10.1663851748608	0.840336134453782	0.869565217391304	90.0	60.0
37.8862136039242	-117.789841157590	10.9194507433690	0.840336134453782	0.869565217391304	90.0	60.0
37.8783791746478	-117.789863418833	11.6725163118772	0.840336134453782	0.869565217391304	90.0	60.0
37.8705447348369	-117.789885671449	12.4255818803854	0.840336134453782	0.869565217391304	90.0	60.0
37.8627102844921	-117.789907915442	13.1786474488936	0.840336134453782	0.869565217391304	90.0	60.0
37.8548758236142	-117.789930150815	13.9317130174018	0.840336134453782	0.869565217391304	90.0	60.0
37.8470413522039	-117.789952377571	14.6847785859100	0.840336134453782	0.869565217391304	90.0	60.0
37.8392068702620	-117.789974595715	15.4378441544183	0.840336134453782	0.869565217391304	90.0	60.0
37.8313723777891	-117.789996805249	16.1909097229265	0.840336134453782	0.869565217391304	90.0	60.0
37.8235378747860	-117.790019006177	16.9439752914347	0.840336134453782	0.869565217391304	90.0	60.0
37.9958769974041	-117.779961745041	0.376532784254104	0.840336134453782	0.869565217391304	90.0	60.0
37.9880427205894	-117.779985144797	1.12959835276231	0.840336134453782	0.869565217391304	90.0	60.0
37.9802084332292	-117.780008535482	1.88266392127052	0.840336134453782	0.869565217391304	90.0	60.0
37.9723741353242	-117.780031917100	2.63572948977873	0.840336134453782	0.869565217391304	90.0	60.0
37.9645398268751	-117.780055289653	3.38879505828693	0.840336134453782	0.869565217391304	90.0	60.0
37.9567055078825	-117.780078653146	4.14186062679514	0.840336134453782	0.869565217391304	90.0	60.0
37.9488711783473	-117.780102007582	4.89492619530335	0.840336134453782	0.869565217391304	90.0	60.0
37.9410368382700	-117.780125352965	5.64799176381156	0.840336134453782	0.869565217391304	90.0	60.0
37.9332024876515	-117.780148689299	6.40105733231976	0.840336134453782	0.869565217391304	90.0	60.0
37.9253681264924	-117.780172016588	7.15412290082797	0.840336134453782	0.869565217391304	90.0	60.0
37.9175337547934	-117.780195334835	7.90718846933618	0.840336134453782	0.869565217391304	90.0	60.0
37.9096993725554	-117.780218644044	8.66025403784439	0.840336134453782	0.869565217391304	90.0	60.0
37.9018649797788	-117.780241944220	9.41331960635259	0.840336134453782	0.869565217391304	90.0	60.0
37.8940305764646	-117.780265235364	10.1663851748608	0.840336134453782	0.869565217391304	90.0	60.0
37.8861961626134	-117.780288517482	10.9194507433690	0.840336134453782	0.869565217391304	90.0	60.0
37.8783617382259	-117.780311790577	11.6725163118772	0.840336134453782	0.869565217391304	90.0	60.0
37.8705273033028	-117.780335054653	12.4255818803854	0.840336134453782	0.869565217391304	90.0	60.0
37.8626928578449	-117.780358309713	13.1786474488936	0.840336134453782	0.869565217391304	90.0	60.0
37.8548584018529	-117.780381555762	13.9317130174018	0.840336134453782	0.869565217391304	90.0	60.0
37.8470239353275	-117.780404792802	14.6847785859100	0.840336134453782	0.869565217391304	90.0	60.0
37.8391894582693	-117.780428020838	15.4378441544183	0.840336134453782	0.869565217391304	90.0	60.0
37.8313549706792	-117.780451239874	16.1909097229265	0.840336134453782	0.869565217391304	90.0	60.0
37.8235204725579	-117.780474449912	16.9439752914347	0.840336134453782	0.869565217391304	90.0	60.0
37.9958587093441	-117.770394902396	0.376532784254104	0.840336134453782	0.869565217391304	90.0	60.0
37.9880244376506	-117.770419319508	1.12959835276231	0.840336134453782	0.869565217391304	90.0	60.0
37.9801901554104	-117.770443727154	1.88266392127052	0.840336134453782	0.869565217391304	90.0	60.0
37.9723558626244	-117.770468125338	2.63572948977873	0.840336134453782	0.869565217391304	90.0	60.0
37.9645215592932	-117.770492514064	3.38879505828693	0.840336134453782	0.869565217391304	90.0	60.0
37.9566872454175	-117.770516893336	4.14186062679514	0.840336134453782	0.869565217391304	90.0	60.0
37.9488529209981	-117.770541263157	4.89492619530335	0.840336134453782	0.869565217391304	90.0	60.0
37.9410185860356	-117.770565623531	5.64799176381156	0.840336134453782	0.869565217391304	90.0	60.0
37.9331842405307	-117.770589974463	6.40105733231976	0.840336134453782	0.869565217391304	90.0	60.0
37.9253498844842	-117.770614315957	7.15412290082797	0.840336134453782	0.869565217391304	90.0	60.0
37.9175155178968	-117.770638648016	7.90718846933618	0.840336134453782	0.869565217391304	90.0	60.0
37.9096811407691	-117.770662970644	8.66025403784439	0.840336134453782	0.869565217391304	90.0	60.0
37.9018467531020	-117.770687283844	9.41331960635259	0.840336134453782	0.869565217391304	90.0	60.0
37.8940123548961	-117.770711587622	10.1663851748608	0.840336134453782	0.869565217391304	90.0	60.0
37.8861779461521	-117.770735881981	10.9194507433690	0.840336134453782	0.869565217391304	90.0	60.0
37.8783435268708	-117.770760166925	11.6725163118772	0.840336134453782	0.869565217391304	90.0	60.0
37.8705090970528	-117.770784442457	12.4255818803854	0.840336134453782	0.869565217391304	90.0	60.0
37.8626746566990	-117.770808708582	13.1786474488936	0.840336134453782	0.869565217391304	90.0	60.0
37.8548402058100	-117.770832965303	13.9317130174018	0.840336134453782	0.869565217391304	90.0	60.0
37.8470057443864	-117.770857212624	14.6847785859100	0.840336134453782	0.869565217391304	90.0	60.0
37.8391712724292	-117.770881450550	15.4378441544183	0.840336134453782	0.869565217391304	90.0	60.0
37.8313367899389	-117.770905679083	16.1909097229265	0.840336134453782	0.869565217391304	90.0	60.0
37.8235022969163	-117.770929898229	16.9439752914347	0.840336134453782	0.869565217391304	90.0	60.0
37.9958396430894	-117.760828064604	0.376532784254104	0.840336134453782	0.869565217391304	90.0	60.0
37.9880053767349	-117.760853499068	1.12959835276231	0.840336134453782	0.869565217391304	90.0	60.0
37.9801710998328	-117.760878923672	1.88266392127052	0.840336134453782	0.869565217391304	90.0	60.0
37.9723368123836	-117.760904338419	2.63572948977873	0.840336134453782	0.869565217391304	90.0	60.0
37.9645025143881	-117.760929743314	3.38879505828693	0.840336134453782	0.869565217391304	90.0	60.0
37.9566682058470	-117.760955138361	4.14186062679514	0.840336134453782	0.869565217391304	90.0	60.0
37.9488338867610	-117.760980523564	4.89492619530335	0.840336134453782	0.869565217391304	90.0	60.0
37.9409995571309	-117.761005898927	5.64799176381156	0.840336134453782	0.869565217391304	90.0	60.0
37.9331652169573	-117.761031264454	6.40105733231976	0.840336134453782	0.869565217391304	90.0	60.0
37.9253308662409	-117.761056620148	7.15412290082797	0.840336134453782	0.869565217391304	90.0	60.0
37.9174965049825	-117.761081966015	7.90718846933618	0.840336134453782	0.869565217391304	90.0	60.0
37.9096621331828	-117.761107302059	8.66025403784439	0.840336134453782	0.869565217391304	90.0	60.0
37.9018277508425	-117.761132628282	9.41331960635259	0.840336134453782	0.869565217391304	90.0	60.0
37.8939933579622	-117.761157944690	10.1663851748608	0.840336134453782	0.869565217391304	90.0	60.0
37.8861589545428	-117.761183251287	10.9194507433690	0.840336134453782	0.869565217391304	90.0	60.0
37.8783245405850	-117.761208548075	11.6725163118772	0.840336134453782	0.869565217391304	90.0	60.0
37.8704901160894	-117.761233835061	12.4255818803854	0.840336134453782	0.869565217391304	90.0	60.0
37.8626556810568	-117.761259112247	13.1786474488936	0.840336134453782	0.869565217391304	90.0	60.0
37.8548212354878	-117.761284379637	13.9317130174018	0.840336134453782	0.869565217391304	90.0	60.0
37.8469867793833	-117.761309637236	14.6847785859100	0.840336134453782	0.869565217391304	90.0	60.0
37.8391523127440	-117.761334885048	15.4378441544183	0.840336134453782	0.869565217391304	90.0	60.0
37.8313178355705	-117.761360123077	16.1909097229265	0.840336134453782	0.869565217391304	90.0	60.0
37.8234833478636	-117.761385351326	16.9439752914347	0.840336134453782	0.869565217391304	90.0	60.0
37.9958197986427	-117.751261231866	0.376532784254104	0.840336134453782	0.869565217391304	90.0	60.0
37.9879855378452	-117.751287683679	1.12959835276231	0.840336134453782	0.869565217391304	90.0	60.0
37.9801512664988	-117.751314125236	1.88266392127052	0.840336134453782	0.869565217391304	90.0	60.0
37.9723169846043	-117.751340556544	2.63572948977873	0.840336134453782	0.869565217391304	90.0	60.0
37.9644826921623	-117.751366977605	3.38879505828693	0.840336134453782	0.869565217391304	90.0	60.0
37.9566483891736	-117.751393388424	4.14186062679514	0.840336134453782	0.869565217391304	90.0	60.0
37.9488140756387	-117.751419789005	4.89492619530335	0.840336134453782	0.869565217391304	90.0	60.0
37.9409797515586	-117.751446179352	5.64799176381156	0.840336134453782	0.869565217391304	90.0	60.0
37.9331454169339	-117.751472559471	6.40105733231976	0.840336134453782	0.869565217391304	90.0	60.0
37.9253110717652	-117.751498929363	7.15412290082797	0.840336134453782	0.869565217391304	90.0	60.0
37.9174767160533	-117.751525289036	7.90718846933618	0.840336134453782	0.869565217391304	90.0	60.0
37.9096423497989	-117.751551638491	8.66025403784439	0.840336134453782	0.869565217391304	90.0	60.0
37.9018079730028	-117.751577977734	9.41331960635259	0.840336134453782	0.869565217391304	90.0	60.0
37.8939735856656	-117.751604306768	10.1663851748608	0.840336134453782	0.869565217391304	90.0	60.0
37.8861391877881	-117.751630625599	10.9194507433690	0.840336134453782	0.869565217391304	90.0	60.0
37.8783047793710	-117.751656934230	11.6725163118772	0.840336134453782	0.869565217391304	90.0	60.0
37.8704703604150	-117.751683232665	12.4255818803854	0.840336134453782	0.869565217391304	90.0	60.0
37.8626359309208	-117.751709520909	13.1786474488936	0.840336134453782	0.869565217391304	90.0	60.0
37.8548014908892	-117.751735798965	13.9317130174018	0.840336134453782	0.869565217391304	90.0	60.0
37.8469670403208	-117.751762066839	14.6847785859100	0.840336134453782	0.869565217391304	90.0	60.0
37.8391325792164	-117.751788324534	15.4378441544183	0.840336134453782	0.869565217391304	90.0	60.0
37.8312981075767	-117.751814572054	16.1909097229265	0.840336134453782	0.869565217391304	90.0	60.0
37.8234636254025	-117.751840809404	16.9439752914347	0.840336134453782	0.869565217391304	90.0	60.0
37.9957991760066	-117.741694404384	0.376532784254104	0.840336134453782	0.869565217391304	90.0	60.0
37.9879649209840	-117.741721873541	1.12959835276231	0.840336134453782	0.869565217391304	90.0	60.0
37.9801306554113	-117.741749332050	1.88266392127052	0.840336134453782	0.869565217391304	90.0	60.0
37.9722963792893	-117.741776779914	2.63572948977873	0.840336134453782	0.869565217391304	90.0	60.0
37.9644620926185	-117.741804217138	3.38879505828693	0.840336134453782	0.869565217391304	90.0	60.0
37.9566277953998	-117.741831643725	4.14186062679514	0.840336134453782	0.869565217391304	90.0	60.0
37.9487934876339	-117.741859059681	4.89492619530335	0.840336134453782	0.869565217391304	90.0	60.0
37.9409591693214	-117.741886465010	5.64799176381156	0.840336134453782	0.869565217391304	90.0	60.0
37.9331248404631	-117.741913859716	6.40105733231976	0.840336134453782	0.869565217391304	90.0	60.0
37.9252905010596	-117.741941243803	7.15412290082797	0.840336134453782	0.869565217391304	90.0	60.0
37.9174561511118	-117.741968617277	7.90718846933618	0.840336134453782	0.869565217391304	90.0	60.0
37.9096217906202	-117.741995980141	8.66025403784439	0.840336134453782	0.869565217391304	90.0	60.0
37.9017874195857	-117.742023332399	9.41331960635259	0.840336134453782	0.869565217391304	90.0	60.0
37.8939530380090	-117.742050674057	10.1663851748608	0.840336134453782	0.869565217391304	90.0	60.0
37.8861186458907	-117.742078005118	10.9194507433690	0.840336134453782	0.869565217391304	90.0	60.0
37.8782842432316	-117.742105325588	11.6725163118772	0.840336134453782	0.869565217391304	90.0	60.0
37.8704498300323	-117.742132635469	12.4255818803854	0.840336134453782	0.869565217391304	90.0	60.0
37.8626154062938	-117.742159934767	13.1786474488936	0.840336134453782	0.869565217391304	90.0	60.0
37.8547809720165	-117.742187223486	13.9317130174018	0.840336134453782	0.869565217391304	90.0	60.0
37.8469465272014	-117.742214501631	14.6847785859100	0.840336134453782	0.869565217391304	90.0	60.0
37.8391120718490	-117.742241769205	15.4378441544183	0.840336134453782	0.869565217391304	90.0	60.0
37.8312776059601	-117.742269026213	16.1909097229265	0.840336134453782	0.869565217391304	90.0	60.0
37.8234431295355	-117.742296272660	16.9439752914347	0.840336134453782	0.869565217391304	90.0	60.0
37.9957777751839	-117.732127582359	0.376532784254104	0.840336134453782	0.869565217391304	90.0	60.0
37.9879435261541	-117.732156068859	1.12959835276231	0.840336134453782	0.869565217391304	90.0	60.0
37.9801092665730	-117.732184544315	1.88266392127052	0.840336134453782	0.869565217391304	90.0	60.0
37.9722749964413	-117.732213008731	2.63572948977873	0.840336134453782	0.869565217391304	90.0	60.0
37.9644407157596	-117.732241462114	3.38879505828693	0.840336134453782	0.869565217391304	90.0	60.0
37.9566064245286	-117.732269904466	4.14186062679514	0.840336134453782	0.869565217391304	90.0	60.0
37.9487721227493	-117.732298335793	4.89492619530335	0.840336134453782	0.869565217391304	90.0	60.0
37.9409378104220	-117.732326756100	5.64799176381156	0.840336134453782	0.869565217391304	90.0	60.0
37.9331034875477	-117.732355165390	6.40105733231976	0.840336134453782	0.869565217391304	90.0	60.0
37.9252691541270	-117.732383563668	7.15412290082797	0.840336134453782	0.869565217391304	90.0	60.0
37.9174348101607	-117.732411950940	7.90718846933618	0.840336134453782	0.869565217391304	90.0	60.0
37.9096004556495	-117.732440327208	8.66025403784439	0.840336134453782	0.869565217391304	90.0	60.0
37.9017660905940	-117.732468692479	9.41331960635259	0.840336134453782	0.869565217391304	90.0	60.0
37.8939317149950	-117.732497046757	10.1663851748608	0.840336134453782	0.869565217391304	90.0	60.0
37.8860973288532	-117.732525390045	10.9194507433690	0.840336134453782	0.869565217391304	90.0	60.0
37.8782629321694	-117.732553722349	11.6725163118772	0.840336134453782	0.869565217391304	90.0	60.0
37.8704285249442	-117.732582043673	12.4255818803854	0.840336134453782	0.869565217391304	90.0	60.0
37.8625941071784	-117.732610354022	13.1786474488936	0.840336134453782	0.869565217391304	90.0	60.0
37.8547596788727	-117.732638653400	13.9317130174018	0.840336134453782	0.869565217391304	90.0	60.0
37.8469252400279	-117.732666941812	14.6847785859100	0.840336134453782	0.869565217391304	90.0	60.0
37.8390907906446	-117.732695219262	15.4378441544183	0.840336134453782	0.869565217391304	90.0	60.0
37.8312563307235	-117.732723485755	16.1909097229265	0.840336134453782	0.869565217391304	90.0	60.0
37.8234218602654	-117.732751741296	16.9439752914347	0.840336134453782	0.869565217391304	90.0	60.0
37.9957555961776	-117.722560765996	0.376532784254104	0.840336134453782	0.869565217391304	90.0	60.0
37.9879213533586	-117.722590269833	1.12959835276231	0.840336134453782	0.869565217391304	90.0	60.0
37.9800870999868	-117.722619762232	1.88266392127052	0.840336134453782	0.869565217391304	90.0	60.0
37.9722528360632	-117.722649243198	2.63572948977873	0.840336134453782	0.869565217391304	90.0	60.0
37.9644185615883	-117.722678712735	3.38879505828693	0.840336134453782	0.869565217391304	90.0	60.0
37.9565842765629	-117.722708170849	4.14186062679514	0.840336134453782	0.869565217391304	90.0	60.0
37.9487499809877	-117.722737617543	4.89492619530335	0.840336134453782	0.869565217391304	90.0	60.0
37.9409156748634	-117.722767052824	5.64799176381156	0.840336134453782	0.869565217391304	90.0	60.0
37.9330813581907	-117.722796476694	6.40105733231976	0.840336134453782	0.869565217391304	90.0	60.0
37.9252470309704	-117.722825889160	7.15412290082797	0.840336134453782	0.869565217391304	90.0	60.0
37.9174126932031	-117.722855290225	7.90718846933618	0.840336134453782	0.869565217391304	90.0	60.0
37.9095783448895	-117.722884679895	8.66025403784439	0.840336134453782	0.869565217391304	90.0	60.0
37.9017439860305	-117.722914058174	9.41331960635259	0.840336134453782	0.869565217391304	90.0	60.0
37.8939096166267	-117.722943425068	10.1663851748608	0.840336134453782	0.869565217391304	90.0	60.0
37.8860752366787	-117.722972780579	10.9194507433690	0.840336134453782	0.869565217391304	90.0	60.0
37.8782408461874	-117.723002124714	11.6725163118772	0.840336134453782	0.869565217391304	90.0	60.0
37.8704064451535	-117.723031457478	12.4255818803854	0.840336134453782	0.869565217391304	90.0	60.0
37.8625720335777	-117.723060778874	13.1786474488936	0.840336134453782	0.869565217391304	90.0	60.0
37.8547376114607	-117.723090088907	13.9317130174018	0.840336134453782	0.869565217391304	90.0	60.0
37.8469031788032	-117.723119387582	14.6847785859100	0.840336134453782	0.869565217391304	90.0	60.0
37.8390687356060	-117.723148674905	15.4378441544183	0.840336134453782	0.869565217391304	90.0	60.0
37.8312342818697	-117.723177950878	16.1909097229265	0.840336134453782	0.869565217391304	90.0	60.0
37.8233998175952	-117.723207215508	16.9439752914347	0.840336134453782	0.869565217391304	90.0	60.0
37.9957326389906	-117.712993955495	0.376532784254104	0.840336134453782	0.869565217391304	90.0	60.0
37.9878984026002	-117.713024476666	1.12959835276231	0.840336134453782	0.869565217391304	90.0	60.0
37.9800641556558	-117.713054986004	1.88266392127052	0.840336134453782	0.869565217391304	90.0	60.0
37.9722298981581	-117.713085483515	2.63572948977873	0.840336134453782	0.869565217391304	90.0	60.0
37.9643956301077	-117.713115969204	3.38879505828693	0.840336134453782	0.869565217391304	90.0	60.0
37.9565613515056	-117.713146443074	4.14186062679514	0.840336134453782	0.869565217391304	90.0	60.0
37.9487270623523	-117.713176905132	4.89492619530335	0.840336134453782	0.869565217391304	90.0	60.0
37.9408927626485	-117.713207355383	5.64799176381156	0.840336134453782	0.869565217391304	90.0	60.0
37.9330584523950	-117.713237793830	6.40105733231976	0.840336134453782	0.869565217391304	90.0	60.0
37.9252241315925	-117.713268220479	7.15412290082797	0.840336134453782	0.869565217391304	90.0	60.0
37.9173898002418	-117.713298635334	7.90718846933618	0.840336134453782	0.869565217391304	90.0	60.0
37.9095554583434	-117.713329038401	8.66025403784439	0.840336134453782	0.869565217391304	90.0	60.0
37.9017211058982	-117.713359429685	9.41331960635259	0.840336134453782	0.869565217391304	90.0	60.0
37.8938867429069	-117.713389809190	10.1663851748608	0.840336134453782	0.869565217391304	90.0	60.0
37.8860523693701	-117.713420176921	10.9194507433690	0.840336134453782	0.869565217391304	90.0	60.0
37.8782179852887	-117.713450532884	11.6725163118772	0.840336134453782	0.869565217391304	90.0	60.0
37.8703835906633	-117.713480877082	12.4255818803854	0.840336134453782	0.869565217391304	90.0	60.0
37.8625491854946	-117.713511209521	13.1786474488936	0.840336134453782	0.869565217391304	90.0	60.0
37.8547147697834	-117.713541530206	13.9317130174018	0.840336134453782	0.869565217391304	90.0	60.0
37.8468803435304	-117.713571839141	14.6847785859100	0.840336134453782	0.869565217391304	90.0	60.0
37.8390459067363	-117.713602136332	15.4378441544183	0.840336134453782	0.869565217391304	90.0	60.0
37.8312114594018	-117.713632421782	16.1909097229265	0.840336134453782	0.869565217391304	90.0	60.0
37.8233770015278	-117.713662695498	16.9439752914347	0.840336134453782	0.869565217391304	90.0	60.0
37.9957089036261	-117.703427151058	0.376532784254104	0.840336134453782	0.869565217391304	90.0	60.0
37.9878746738822	-117.703458689559	1.12959835276231	0.840336134453782	0.869565217391304	90.0	60.0
37.9800404335829	-117.703490215833	1.88266392127052	0.840336134453782	0.869565217391304	90.0	60.0
37.9722061827290	-117.703521729885	2.63572948977873	0.840336134453782	0.869565217391304	90.0	60.0
37.9643719213210	-117.703553231720	3.38879505828693	0.840336134453782	0.869565217391304	90.0	60.0
37.9565376493598	-117.703584721344	4.14186062679514	0.840336134453782	0.869565217391304	90.0	60.0
37.9487033668461	-117.703616198762	4.89492619530335	0.840336134453782	0.869565217391304	90.0	60.0
37.9408690737805	-117.703647663978	5.64799176381156	0.840336134453782	0.869565217391304	90.0	60.0
37.9330347701638	-117.703679116997	6.40105733231976	0.840336134453782	0.869565217391304	90.0	60.0
37.9252004559967	-117.703710557826	7.15412290082797	0.840336134453782	0.869565217391304	90.0	60.0
37.9173661312800	-117.703741986467	7.90718846933618	0.840336134453782	0.869565217391304	90.0	60.0
37.9095317960142	-117.703773402928	8.66025403784439	0.840336134453782	0.869565217391304	90.0	60.0
37.9016974502003	-117.703804807212	9.41331960635259	0.840336134453782	0.869565217391304	90.0	60.0
37.8938630938388	-117.703836199325	10.1663851748608	0.840336134453782	0.869565217391304	90.0	60.0
37.8860287269305	-117.703867579272	10.9194507433690	0.840336134453782	0.869565217391304	90.0	60.0
37.8781943494762	-117.703898947057	11.6725163118772	0.840336134453782	0.869565217391304	90.0	60.0
37.8703599614765	-117.703930302686	12.4255818803854	0.840336134453782	0.869565217391304	90.0	60.0
37.8625255629321	-117.703961646165	13.1786474488936	0.840336134453782	0.869565217391304	90.0	60.0
37.8546911538438	-117.703992977497	13.9317130174018	0.840336134453782	0.869565217391304	90.0	60.0
37.8468567342124	-117.704024296688	14.6847785859100	0.840336134453782	0.869565217391304	90.0	60.0
37.8390223040385	-117.704055603742	15.4378441544183	0.840336134453782	0.869565217391304	90.0	60.0
37.8311878633229	-117.704086898666	16.1909097229265	0.840336134453782	0.869565217391304	90.0	60.0
37.8233534120662	-117.704118181464	16.9439752914347	0.840336134453782	0.869565217391304	90.0	60.0
37.9956843900873	-117.693860352888	0.376532784254104	0.840336134453782	0.869565217391304	90.0	60.0
37.9878501672078	-117.693892908715	1.12959835276231	0.840336134453782	0.869565217391304	90.0	60.0
37.9800159337715	-117.693925451920	1.88266392127052	0.840336134453782	0.869565217391304	90.0	60.0
37.9721816897791	-117.693957982509	2.63572948977873	0.840336134453782	0.869565217391304	90.0	60.0
37.9643474352313	-117.693990500487	3.38879505828693	0.840336134453782	0.869565217391304	90.0	60.0
37.9565131701288	-117.694023005860	4.14186062679514	0.840336134453782	0.869565217391304	90.0	60.0
37.9486788944723	-117.694055498633	4.89492619530335	0.840336134453782	0.869565217391304	90.0	60.0
37.9408446082625	-117.694087978811	5.64799176381156	0.840336134453782	0.869565217391304	90.0	60.0
37.9330103115002	-117.694120446398	6.40105733231976	0.840336134453782	0.869565217391304	90.0	60.0
37.9251760041860	-117.694152901402	7.15412290082797	0.840336134453782	0.869565217391304	90.0	60.0
37.9173416863208	-117.694185343825	7.90718846933618	0.840336134453782	0.869565217391304	90.0	60.0
37.9095073579052	-117.694217773675	8.66025403784439	0.840336134453782	0.869565217391304	90.0	60.0
37.9016730189399	-117.694250190955	9.41331960635259	0.840336134453782	0.869565217391304	90.0	60.0
37.8938386694256	-117.694282595672	10.1663851748608	0.840336134453782	0.869565217391304	90.0	60.0
37.8860043093631	-117.694314987830	10.9194507433690	0.840336134453782	0.869565217391304	90.0	60.0
37.8781699387531	-117.694347367435	11.6725163118772	0.840336134453782	0.869565217391304	90.0	60.0
37.8703355575964	-117.694379734491	12.4255818803854	0.840336134453782	0.869565217391304	90.0	60.0
37.8625011658935	-117.694412089004	13.1786474488936	0.840336134453782	0.869565217391304	90.0	60.0
37.8546667636453	-117.694444430979	13.9317130174018	0.840336134453782	0.869565217391304	90.0	60.0
37.8468323508525	-117.694476760422	14.6847785859100	0.840336134453782	0.869565217391304	90.0	60.0
37.8389979275159	-117.694509077337	15.4378441544183	0.840336134453782	0.869565217391304	90.0	60.0
37.8311634936360	-117.694541381729	16.1909097229265	0.840336134453782	0.869565217391304	90.0	60.0
37.8233290492138	-117.694573673605	16.9439752914347	0.840336134453782	0.869565217391304	90.0	60.0
37.9956590983775	-117.684293561187	0.376532784254104	0.840336134453782	0.869565217391304	90.0	60.0
37.9878248825804	-117.684327134335	1.12959835276231	0.840336134453782	0.869565217391304	90.0	60.0
37.9799906562249	-117.684360694467	1.88266392127052	0.840336134453782	0.869565217391304	90.0	60.0
37.9721564193119	-117.684394241589	2.63572948977873	0.840336134453782	0.869565217391304	90.0	60.0
37.9643221718419	-117.684427775706	3.38879505828693	0.840336134453782	0.869565217391304	90.0	60.0
37.9564879138158	-117.684461296823	4.14186062679514	0.840336134453782	0.869565217391304	90.0	60.0
37.9486536452342	-117.684494804947	4.89492619530335	0.840336134453782	0.869565217391304	90.0	60.0
37.9408193660979	-117.684528300082	5.64799176381156	0.840336134453782	0.869565217391304	90.0	60.0
37.9329850764076	-117.684561782234	6.40105733231976	0.840336134453782	0.869565217391304	90.0	60.0
37.9251507761639	-117.684595251408	7.15412290082797	0.840336134453782	0.869565217391304	90.0	60.0
37.9173164653677	-117.684628707609	7.90718846933618	0.840336134453782	0.869565217391304	90.0	60.0
37.9094821440196	-117.684662150844	8.66025403784439	0.840336134453782	0.869565217391304	90.0	60.0
37.9016478121203	-117.684695581116	9.41331960635259	0.840336134453782	0.869565217391304	90.0	60.0
37.8938134696706	-117.684728998432	10.1663851748608	0.840336134453782	0.869565217391304	90.0	60.0
37.8859791166712	-117.684762402797	10.9194507433690	0.840336134453782	0.869565217391304	90.0	60.0
37.8781447531229	-117.684795794217	11.6725163118772	0.840336134453782	0.869565217391304	90.0	60.0
37.8703103790262	-117.684829172695	12.4255818803854	0.840336134453782	0.869565217391304	90.0	60.0
37.8624759943821	-117.684862538239	13.1786474488936	0.840336134453782	0.869565217391304	90.0	60.0
37.8546415991911	-117.684895890853	13.9317130174018	0.840336134453782	0.869565217391304	90.0	60.0
37.8468071934541	-117.684929230543	14.6847785859100	0.840336134453782	0.869565217391304	90.0	60.0
37.8389727771717	-117.684962557314	15.4378441544183	0.840336134453782	0.869565217391304	90.0	60.0
37.8311383503446	-117.684995871171	16.1909097229265	0.840336134453782	0.869565217391304	90.0	60.0
37.8233039129737	-117.685029172120	16.9439752914347	0.840336134453782	0.869565217391304	90.0	60.0
37.9956330285001	-117.674726776158	0.376532784254104	0.840336134453782	0.869565217391304	90.0	60.0
37.9877988200032	-117.674761366622	1.12959835276231	0.840336134453782	0.869565217391304	90.0	60.0
37.9799646009465	-117.674795943676	1.88266392127052	0.840336134453782	0.869565217391304	90.0	60.0
37.9721303713306	-117.674830507326	2.63572948977873	0.840336134453782	0.869565217391304	90.0	60.0
37.9642961311563	-117.674865057577	3.38879505828693	0.840336134453782	0.869565217391304	90.0	60.0
37.9564618804243	-117.674899594435	4.14186062679514	0.840336134453782	0.869565217391304	90.0	60.0
37.9486276191353	-117.674934117905	4.89492619530335	0.840336134453782	0.869565217391304	90.0	60.0
37.9407933472901	-117.674968627993	5.64799176381156	0.840336134453782	0.869565217391304	90.0	60.0
37.9329590648893	-117.675003124705	6.40105733231976	0.840336134453782	0.869565217391304	90.0	60.0
37.9251247719337	-117.675037608045	7.15412290082797	0.840336134453782	0.869565217391304	90.0	60.0
37.9172904684239	-117.675072078020	7.90718846933618	0.840336134453782	0.869565217391304	90.0	60.0
37.9094561543608	-117.675106534634	8.66025403784439	0.840336134453782	0.869565217391304	90.0	60.0
37.9016218297450	-117.675140977894	9.41331960635259	0.840336134453782	0.869565217391304	90.0	60.0
37.8937874945772	-117.675175407806	10.1663851748608	0.840336134453782	0.869565217391304	90.0	60.0
37.8859531488583	-117.675209824373	10.9194507433690	0.840336134453782	0.869565217391304	90.0	60.0
37.8781187925888	-117.675244227603	11.6725163118772	0.840336134453782	0.869565217391304	90.0	60.0
37.8702844257695	-117.675278617500	12.4255818803854	0.840336134453782	0.869565217391304	90.0	60.0
37.8624500484012	-117.675312994070	13.1786474488936	0.840336134453782	0.869565217391304	90.0	60.0
37.8546156604846	-117.675347357319	13.9317130174018	0.840336134453782	0.869565217391304	90.0	60.0
37.8467812620204	-117.675381707251	14.6847785859100	0.840336134453782	0.869565217391304	90.0	60.0
37.8389468530093	-117.675416043874	15.4378441544183	0.840336134453782	0.869565217391304	90.0	60.0
37.8311124334520	-117.675450367191	16.1909097229265	0.840336134453782	0.869565217391304	90.0	60.0
37.8232780033494	-117.675484677208	16.9439752914347	0.840336134453782	0.869565217391304	90.0	60.0
37.9956061804587	-117.665159998001	0.376532784254104	0.840336134453782	0.869565217391304	90.0	60.0
37.9877719794799	-117.665195605777	1.12959835276231	0.840336134453782	0.869565217391304	90.0	60.0
37.9799377679398	-117.665231199749	1.88266392127052	0.840336134453782	0.869565217391304	90.0	60.0
37.9721035458389	-117.665266779923	2.63572948977873	0.840336134453782	0.869565217391304	90.0	60.0
37.9642693131780	-117.665302346304	3.38879505828693	0.840336134453782	0.869565217391304	90.0	60.0
37.9564350699579	-117.665337898897	4.14186062679514	0.840336134453782	0.869565217391304	90.0	60.0
37.9486008161791	-117.665373437709	4.89492619530335	0.840336134453782	0.869565217391304	90.0	60.0
37.9407665518426	-117.665408962746	5.64799176381156	0.840336134453782	0.869565217391304	90.0	60.0
37.9329322769489	-117.665444474012	6.40105733231976	0.840336134453782	0.869565217391304	90.0	60.0
37.9250979914988	-117.665479971514	7.15412290082797	0.840336134453782	0.869565217391304	90.0	60.0
37.9172636954931	-117.665515455257	7.90718846933618	0.840336134453782	0.869565217391304	90.0	60.0
37.9094293889324	-117.665550925248	8.66025403784439	0.840336134453782	0.869565217391304	90.0	60.0
37.9015950718174	-117.665586381491	9.41331960635259	0.840336134453782	0.869565217391304	90.0	60.0
37.8937607441490	-117.665621823992	10.1663851748608	0.840336134453782	0.869565217391304	90.0	60.0
37.8859264059277	-117.665657252758	10.9194507433690	0.840336134453782	0.869565217391304	90.0	60.0
37.8780920571544	-117.665692667793	11.6725163118772	0.840336134453782	0.869565217391304	90.0	60.0
37.8702576978297	-117.665728069104	12.4255818803854	0.840336134453782	0.869565217391304	90.0	60.0
37.8624233279545	-117.665763456696	13.1786474488936	0.840336134453782	0.869565217391304	90.0	60.0
37.8545889475293	-117.665798830575	13.9317130174018	0.840336134453782	0.869565217391304	90.0	60.0
37.8467545565550	-117.665834190746	14.6847785859100	0.840336134453782	0.869565217391304	90.0	60.0
37.8389201550322	-117.665869537215	15.4378441544183	0.840336134453782	0.869565217391304	90.0	60.0
37.8310857429618	-117.665904869988	16.1909097229265	0.840336134453782	0.869565217391304	90.0	60.0
37.8232513203443	-117.665940189070	16.9439752914347	0.840336134453782	0.869565217391304	90.0	60.0
37.9955785542569	-117.655593226919	0.376532784254104	0.840336134453782	0.869565217391304	90.0	60.0
37.9877443610142	-117.655629852003	1.12959835276231	0.840336134453782	0.869565217391304	90.0	60.0
37.9799101572084	-117.655666462888	1.88266392127052	0.840336134453782	0.869565217391304	90.0	60.0
37.9720759428403	-117.655703059581	2.63572948977873	0.840336134453782	0.869565217391304	90.0	60.0
37.9642417179106	-117.655739642086	3.38879505828693	0.840336134453782	0.869565217391304	90.0	60.0
37.9564074824200	-117.655776210411	4.14186062679514	0.840336134453782	0.869565217391304	90.0	60.0
37.9485732363693	-117.655812764560	4.89492619530335	0.840336134453782	0.869565217391304	90.0	60.0
37.9407389797590	-117.655849304540	5.64799176381156	0.840336134453782	0.869565217391304	90.0	60.0
37.9329047125901	-117.655885830357	6.40105733231976	0.840336134453782	0.869565217391304	90.0	60.0
37.9250704348631	-117.655922342016	7.15412290082797	0.840336134453782	0.869565217391304	90.0	60.0
37.9172361465788	-117.655958839523	7.90718846933618	0.840336134453782	0.869565217391304	90.0	60.0
37.9094018477380	-117.655995322885	8.66025403784439	0.840336134453782	0.869565217391304	90.0	60.0
37.9015675383413	-117.656031792106	9.41331960635259	0.840336134453782	0.869565217391304	90.0	60.0
37.8937332183895	-117.656068247193	10.1663851748608	0.840336134453782	0.869565217391304	90.0	60.0
37.8858988878832	-117.656104688152	10.9194507433690	0.840336134453782	0.869565217391304	90.0	60.0
37.8780645468233	-117.656141114989	11.6725163118772	0.840336134453782	0.869565217391304	90.0	60.0
37.8702301952105	-117.656177527709	12.4255818803854	0.840336134453782	0.869565217391304	90.0	60.0
37.8623958330454	-117.656213926317	13.1786474488936	0.840336134453782	0.869565217391304	90.0	60.0
37.8545614603288	-117.656250310821	13.9317130174018	0.840336134453782	0.869565217391304	90.0	60.0
37.8467270770615	-117.656286681226	14.6847785859100	0.840336134453782	0.869565217391304	90.0	60.0
37.8388926832441	-117.656323037537	15.4378441544183	0.840336134453782	0.869565217391304	90.0	60.0
37.8310582788774	-117.656359379761	16.1909097229265	0.840336134453782	0.869565217391304	90.0	60.0
37.8232238639622	-117.656395707903	16.9439752914347	0.840336134453782	0.869565217391304	90.0	60.0
37.9955501498985	-117.646026463115	0.376532784254104	0.840336134453782	0.869565217391304	90.0	60.0
37.9877159646097	-117.646064105502	1.12959835276231	0.840336134453782	0.869565217391304	90.0	60.0
37.9798817687562	-117.646101733295	1.88266392127052	0.840336134453782	0.869565217391304	90.0	60.0
37.9720475623387	-117.646139346502	2.63572948977873	0.840336134453782	0.869565217391304	90.0	60.0
37.9642133453579	-117.646176945127	3.38879505828693	0.840336134453782	0.869565217391304	90.0	60.0
37.9563791178146	-117.646214529178	4.14186062679514	0.840336134453782	0.869565217391304	90.0	60.0
37.9485448797094	-117.646252098659	4.89492619530335	0.840336134453782	0.869565217391304	90.0	60.0
37.9407106310432	-117.646289653578	5.64799176381156	0.840336134453782	0.869565217391304	90.0	60.0
37.9328763718165	-117.646327193940	6.40105733231976	0.840336134453782	0.869565217391304	90.0	60.0
37.9250421020301	-117.646364719751	7.15412290082797	0.840336134453782	0.869565217391304	90.0	60.0
37.9172078216848	-117.646402231018	7.90718846933618	0.840336134453782	0.869565217391304	90.0	60.0
37.9093735307813	-117.646439727746	8.66025403784439	0.840336134453782	0.869565217391304	90.0	60.0
37.9015392293203	-117.646477209941	9.41331960635259	0.840336134453782	0.869565217391304	90.0	60.0
37.8937049173024	-117.646514677609	10.1663851748608	0.840336134453782	0.869565217391304	90.0	60.0
37.8858705947285	-117.646552130756	10.9194507433690	0.840336134453782	0.869565217391304	90.0	60.0
37.8780362615993	-117.646589569389	11.6725163118772	0.840336134453782	0.869565217391304	90.0	60.0
37.8702019179155	-117.646626993513	12.4255818803854	0.840336134453782	0.869565217391304	90.0	60.0
37.8623675636778	-117.646664403134	13.1786474488936	0.840336134453782	0.869565217391304	90.0	60.0
37.8545331988869	-117.646701798258	13.9317130174018	0.840336134453782	0.869565217391304	90.0	60.0
37.8466988235436	-117.646739178892	14.6847785859100	0.840336134453782	0.869565217391304	90.0	60.0
37.8388644376487	-117.646776545041	15.4378441544183	0.840336134453782	0.869565217391304	90.0	60.0
37.8310300412027	-117.646813896710	16.1909097229265	0.840336134453782	0.869565217391304	90.0	60.0
37.8231956342066	-117.646851233907	16.9439752914347	0.840336134453782	0.869565217391304	90.0	60.0
37.9955209673872	-117.636459706791	0.376532784254104	0.840336134453782	0.869565217391304	90.0	60.0
37.9876867902703	-117.636498366475	1.12959835276231	0.840336134453782	0.869565217391304	90.0	60.0
37.9798526025869	-117.636537011171	1.88266392127052	0.840336134453782	0.869565217391304	90.0	60.0
37.9720184043378	-117.636575640887	2.63572948977873	0.840336134453782	0.869565217391304	90.0	60.0
37.9641841955238	-117.636614255627	3.38879505828693	0.840336134453782	0.869565217391304	90.0	60.0
37.9563499761454	-117.636652855399	4.14186062679514	0.840336134453782	0.869565217391304	90.0	60.0
37.9485157462036	-117.636691440208	4.89492619530335	0.840336134453782	0.869565217391304	90.0	60.0
37.9406815056988	-117.636730010061	5.64799176381156	0.840336134453782	0.869565217391304	90.0	60.0
37.9328472546320	-117.636768564963	6.40105733231976	0.840336134453782	0.869565217391304	90.0	60.0
37.9250129930038	-117.636807104922	7.15412290082797	0.840336134453782	0.869565217391304	90.0	60.0
37.9171787208150	-117.636845629942	7.90718846933618	0.840336134453782	0.869565217391304	90.0	60.0
37.9093444380662	-117.636884140031	8.66025403784439	0.840336134453782	0.869565217391304	90.0	60.0
37.9015101447582	-117.636922635195	9.41331960635259	0.840336134453782	0.869565217391304	90.0	60.0
37.8936758408917	-117.636961115439	10.1663851748608	0.840336134453782	0.869565217391304	90.0	60.0
37.8858415264674	-117.636999580770	10.9194507433690	0.840336134453782	0.869565217391304	90.0	60.0
37.8780072014862	-117.637038031194	11.6725163118772	0.840336134453782	0.869565217391304	90.0	60.0
37.8701728659486	-117.637076466717	12.4255818803854	0.840336134453782	0.869565217391304	90.0	60.0
37.8623385198554	-117.637114887345	13.1786474488936	0.840336134453782	0.869565217391304	90.0	60.0
37.8545041632074	-117.637153293085	13.9317130174018	0.840336134453782	0.869565217391304	90.0	60.0
37.8466697960052	-117.637191683943	14.6847785859100	0.840336134453782	0.869565217391304	90.0	60.0
37.8388354182497	-117.637230059924	15.4378441544183	0.840336134453782	0.869565217391304	90.0	60.0
37.8310010299415	-117.637268421035	16.1909097229265	0.840336134453782	0.869565217391304	90.0	60.0
37.8231666310814	-117.637306767282	16.9439752914347	0.840336134453782	0.869565217391304	90.0	60.0
37.9954910067272	-117.626892958148	0.376532784254104	0.840336134453782	0.869565217391304	90.0	60.0
37.9876568380000	-117.626932635124	1.12959835276231	0.840336134453782	0.869565217391304	90.0	60.0
37.9798226587046	-117.626972296719	1.88266392127052	0.840336134453782	0.869565217391304	90.0	60.0
37.9719884688417	-117.627011942938	2.63572948977873	0.840336134453782	0.869565217391304	90.0	60.0
37.9641542684121	-117.627051573789	3.38879505828693	0.840336134453782	0.869565217391304	90.0	60.0
37.9563200574164	-117.627091189276	4.14186062679514	0.840336134453782	0.869565217391304	90.0	60.0
37.9484858358555	-117.627130789408	4.89492619530335	0.840336134453782	0.869565217391304	90.0	60.0
37.9406516037300	-117.627170374189	5.64799176381156	0.840336134453782	0.869565217391304	90.0	60.0
37.9328173610406	-117.627209943627	6.40105733231976	0.840336134453782	0.869565217391304	90.0	60.0
37.9249831077881	-117.627249497727	7.15412290082797	0.840336134453782	0.869565217391304	90.0	60.0
37.9171488439732	-117.627289036497	7.90718846933618	0.840336134453782	0.869565217391304	90.0	60.0
37.9093145695966	-117.627328559942	8.66025403784439	0.840336134453782	0.869565217391304	90.0	60.0
37.9014802846590	-117.627368068069	9.41331960635259	0.840336134453782	0.869565217391304	90.0	60.0
37.8936459891612	-117.627407560884	10.1663851748608	0.840336134453782	0.869565217391304	90.0	60.0
37.8858116831039	-117.627447038393	10.9194507433690	0.840336134453782	0.869565217391304	90.0	60.0
37.8779773664878	-117.627486500603	11.6725163118772	0.840336134453782	0.869565217391304	90.0	60.0
37.8701430393137	-117.627525947521	12.4255818803854	0.840336134453782	0.869565217391304	90.0	60.0
37.8623087015822	-117.627565379151	13.1786474488936	0.840336134453782	0.869565217391304	90.0	60.0
37.8544743532941	-117.627604795502	13.9317130174018	0.840336134453782	0.869565217391304	90.0	60.0
37.8466399944502	-117.627644196578	14.6847785859100	0.840336134453782	0.869565217391304	90.0	60.0
37.8388056250512	-117.627683582386	15.4378441544183	0.840336134453782	0.869565217391304	90.0	60.0
37.8309712450977	-117.627722952934	16.1909097229265	0.840336134453782	0.869565217391304	90.0	60.0
37.8231368545906	-117.627762308226	16.9439752914347	0.840336134453782	0.869565217391304	90.0	60.0
37.9954602679224	-117.617326217389	0.376532784254104	0.840336134453782	0.869565217391304	90.0	60.0
37.9876261078027	-117.617366911653	1.12959835276231	0.840336134453782	0.869565217391304	90.0	60.0
37.9797919371131	-117.617407590140	1.88266392127052	0.840336134453782	0.869565217391304	90.0	60.0
37.9719577558543	-117.617448252858	2.63572948977873	0.840336134453782	0.869565217391304	90.0	60.0
37.9641235640269	-117.617488899813	3.38879505828693	0.840336134453782	0.869565217391304	90.0	60.0
37.9562893616317	-117.617529531011	4.14186062679514	0.840336134453782	0.869565217391304	90.0	60.0
37.9484551486693	-117.617570146459	4.89492619530335	0.840336134453782	0.869565217391304	90.0	60.0
37.9406209251406	-117.617610746164	5.64799176381156	0.840336134453782	0.869565217391304	90.0	60.0
37.9327866910463	-117.617651330132	6.40105733231976	0.840336134453782	0.869565217391304	90.0	60.0
37.9249524463870	-117.617691898369	7.15412290082797	0.840336134453782	0.869565217391304	90.0	60.0
37.9171181911635	-117.617732450883	7.90718846933618	0.840336134453782	0.869565217391304	90.0	60.0
37.9092839253765	-117.617772987679	8.66025403784439	0.840336134453782	0.869565217391304	90.0	60.0
37.9014496490268	-117.617813508764	9.41331960635259	0.840336134453782	0.869565217391304	90.0	60.0
37.8936153621150	-117.617854014145	10.1663851748608	0.840336134453782	0.869565217391304	90.0	60.0
37.8857810646419	-117.617894503827	10.9194507433690	0.840336134453782	0.869565217391304	90.0	60.0
37.8779467566083	-117.617934977818	11.6725163118772	0.840336134453782	0.869565217391304	90.0	60.0
37.8701124380148	-117.617975436124	12.4255818803854	0.840336134453782	0.869565217391304	90.0	60.0
37.8622781088622	-117.618015878752	13.1786474488936	0.840336134453782	0.869565217391304	90.0	60.0
37.8544437691512	-117.618056305707	13.9317130174018	0.840336134453782	0.869565217391304	90.0	60.0
37.8466094188826	-117.618096716997	14.6847785859100	0.840336134453782	0.869565217391304	90.0	60.0
37.8387750580571	-117.618137112628	15.4378441544183	0.840336134453782	0.869565217391304	90.0	60.0
37.8309406866754	-117.618177492606	16.1909097229265	0.840336134453782	0.869565217391304	90.0	60.0
37.8231063047382	-117.618217856938	16.9439752914347	0.840336134453782	0.869565217391304	90.0	60.0
37.9954287509769	-117.607759484716	0.376532784254104	0.840336134453782	0.869565217391304	90.0	60.0
37.9875945996828	-117.607801196261	1.12959835276231	0.840336134453782	0.869565217391304	90.0	60.0
37.9797604378169	-117.607842891636	1.88266392127052	0.840336134453782	0.869565217391304	90.0	60.0
37.9719262653799	-117.607884570847	2.63572948977873	0.840336134453782	0.869565217391304	90.0	60.0
37.9640920823724	-117.607926233901	3.38879505828693	0.840336134453782	0.869565217391304	90.0	60.0
37.9562578887953	-117.607967880804	4.14186062679514	0.840336134453782	0.869565217391304	90.0	60.0
37.9484236846492	-117.608009511564	4.89492619530335	0.840336134453782	0.869565217391304	90.0	60.0
37.9405894699350	-117.608051126187	5.64799176381156	0.840336134453782	0.869565217391304	90.0	60.0
37.9327552446532	-117.608092724680	6.40105733231976	0.840336134453782	0.869565217391304	90.0	60.0
37.9249210088046	-117.608134307049	7.15412290082797	0.840336134453782	0.869565217391304	90.0	60.0
37.9170867623900	-117.608175873301	7.90718846933618	0.840336134453782	0.869565217391304	90.0	60.0
37.9092525054101	-117.608217423442	8.66025403784439	0.840336134453782	0.869565217391304	90.0	60.0
37.9014182378656	-117.608258957480	9.41331960635259	0.840336134453782	0.869565217391304	90.0	60.0
37.8935839597572	-117.608300475421	10.1663851748608	0.840336134453782	0.869565217391304	90.0	60.0
37.8857496710857	-117.608341977271	10.9194507433690	0.840336134453782	0.869565217391304	90.0	60.0
37.8779153718518	-117.608383463038	11.6725163118772	0.840336134453782	0.869565217391304	90.0	60.0
37.8700810620562	-117.608424932728	12.4255818803854	0.840336134453782	0.869565217391304	90.0	60.0
37.8622467416996	-117.608466386347	13.1786474488936	0.840336134453782	0.869565217391304	90.0	60.0
37.8544124107828	-117.608507823902	13.9317130174018	0.840336134453782	0.869565217391304	90.0	60.0
37.8465780693066	-117.608549245401	14.6847785859100	0.840336134453782	0.869565217391304	90.0	60.0
37.8387437172716	-117.608590650848	15.4378441544183	0.840336134453782	0.869565217391304	90.0	60.0
37.8309093546785	-117.608632040252	16.1909097229265	0.840336134453782	0.869565217391304	90.0	60.0
37.8230749815282	-117.608673413618	16.9439752914347	0.840336134453782	0.869565217391304	90.0	60.0
37.9953964558952	-117.598192760330	0.376532784254104	0.840336134453782	0.869565217391304	90.0	60.0
37.9875623136445	-117.598235489152	1.12959835276231	0.840336134453782	0.869565217391304	90.0	60.0
37.9797281608200	-117.598278201409	1.88266392127052	0.840336134453782	0.869565217391304	90.0	60.0
37.9718939974226	-117.598320897107	2.63572948977873	0.840336134453782	0.869565217391304	90.0	60.0
37.9640598234529	-117.598363576255	3.38879505828693	0.840336134453782	0.869565217391304	90.0	60.0
37.9562256389116	-117.598406238858	4.14186062679514	0.840336134453782	0.869565217391304	90.0	60.0
37.9483914437995	-117.598448884924	4.89492619530335	0.840336134453782	0.869565217391304	90.0	60.0
37.9405572381172	-117.598491514460	5.64799176381156	0.840336134453782	0.869565217391304	90.0	60.0
37.9327230218656	-117.598534127471	6.40105733231976	0.840336134453782	0.869565217391304	90.0	60.0
37.9248887950453	-117.598576723966	7.15412290082797	0.840336134453782	0.869565217391304	90.0	60.0
37.9170545576571	-117.598619303951	7.90718846933618	0.840336134453782	0.869565217391304	90.0	60.0
37.9092203097017	-117.598661867433	8.66025403784439	0.840336134453782	0.869565217391304	90.0	60.0
37.9013860511798	-117.598704414418	9.41331960635259	0.840336134453782	0.869565217391304	90.0	60.0
37.8935517820921	-117.598746944914	10.1663851748608	0.840336134453782	0.869565217391304	90.0	60.0
37.8857175024394	-117.598789458926	10.9194507433690	0.840336134453782	0.869565217391304	90.0	60.0
37.8778832122225	-117.598831956463	11.6725163118772	0.840336134453782	0.869565217391304	90.0	60.0
37.8700489114419	-117.598874437531	12.4255818803854	0.840336134453782	0.869565217391304	90.0	60.0
37.8622146000986	-117.598916902136	13.1786474488936	0.840336134453782	0.869565217391304	90.0	60.0
37.8543802781931	-117.598959350286	13.9317130174018	0.840336134453782	0.869565217391304	90.0	60.0
37.8465459457263	-117.599001781987	14.6847785859100	0.840336134453782	0.869565217391304	90.0	60.0
37.8387116026988	-117.599044197246	15.4378441544183	0.840336134453782	0.869565217391304	90.0	60.0
37.8308772491115	-117.599086596070	16.1909097229265	0.840336134453782	0.869565217391304	90.0	60.0
37.8230428849650	-117.599128978465	16.9439752914347	0.840336134453782	0.869565217391304	90.0	60.0
37.9953633826815	-117.588626044435	0.376532784254104	0.840336134453782	0.869565217391304	90.0	60.0
37.9875292496921	-117.588669790527	1.12959835276231	0.840336134453782	0.869565217391304	90.0	60.0
37.9796951061270	-117.588713519660	1.88266392127052	0.840336134453782	0.869565217391304	90.0	60.0
37.9718609519869	-117.588757231841	2.63572948977873	0.840336134453782	0.869565217391304	90.0	60.0
37.9640267872727	-117.588800927076	3.38879505828693	0.840336134453782	0.869565217391304	90.0	60.0
37.9561926119849	-117.588844605374	4.14186062679514	0.840336134453782	0.869565217391304	90.0	60.0
37.9483584261244	-117.588888266740	4.89492619530335	0.840336134453782	0.869565217391304	90.0	60.0
37.9405242296918	-117.588931911183	5.64799176381156	0.840336134453782	0.869565217391304	90.0	60.0
37.9326900226879	-117.588975538708	6.40105733231976	0.840336134453782	0.869565217391304	90.0	60.0
37.9248558051134	-117.589019149323	7.15412290082797	0.840336134453782	0.869565217391304	90.0	60.0
37.9170215769691	-117.589062743035	7.90718846933618	0.840336134453782	0.869565217391304	90.0	60.0
37.9091873382556	-117.589106319851	8.66025403784439	0.840336134453782	0.869565217391304	90.0	60.0
37.9013530889737	-117.589149879778	9.41331960635259	0.840336134453782	0.869565217391304	90.0	60.0
37.8935188291241	-117.589193422823	10.1663851748608	0.840336134453782	0.869565217391304	90.0	60.0
37.8856845587075	-117.589236948992	10.9194507433690	0.840336134453782	0.869565217391304	90.0	60.0
37.8778502777247	-117.589280458294	11.6725163118772	0.840336134453782	0.869565217391304	90.0	60.0
37.8700159861765	-117.589323950734	12.4255818803854	0.840336134453782	0.869565217391304	90.0	60.0
37.8621816840635	-117.589367426319	13.1786474488936	0.840336134453782	0.869565217391304	90.0	60.0
37.8543473713865	-117.589410885058	13.9317130174018	0.840336134453782	0.869565217391304	90.0	60.0
37.8465130481461	-117.589454326956	14.6847785859100	0.840336134453782	0.869565217391304	90.0	60.0
37.8386787143433	-117.589497752021	15.4378441544183	0.840336134453782	0.869565217391304	90.0	60.0
37.8308443699786	-117.589541160259	16.1909097229265	0.840336134453782	0.869565217391304	90.0	60.0
37.8230100150528	-117.589584551678	16.9439752914347	0.840336134453782	0.869565217391304	90.0	60.0
37.9953295313403	-117.579059337232	0.376532784254104	0.840336134453782	0.869565217391304	90.0	60.0
37.9874954078301	-117.579104100589	1.12959835276231	0.840336134453782	0.869565217391304	90.0	60.0
37.9796612737422	-117.579148846592	1.88266392127052	0.840336134453782	0.869565217391304	90.0	60.0
37.9718271290773	-117.579193575249	2.63572948977873	0.840336134453782	0.869565217391304	90.0	60.0
37.9639929738363	-117.579238286567	3.38879505828693	0.840336134453782	0.869565217391304	90.0	60.0
37.9561588080198	-117.579282980552	4.14186062679514	0.840336134453782	0.869565217391304	90.0	60.0
37.9483246316285	-117.579327657214	4.89492619530335	0.840336134453782	0.869565217391304	90.0	60.0
37.9404904446632	-117.579372316557	5.64799176381156	0.840336134453782	0.869565217391304	90.0	60.0
37.9326562471246	-117.579416958590	6.40105733231976	0.840336134453782	0.869565217391304	90.0	60.0
37.9248220390134	-117.579461583320	7.15412290082797	0.840336134453782	0.869565217391304	90.0	60.0
37.9169878203304	-117.579506190753	7.90718846933618	0.840336134453782	0.869565217391304	90.0	60.0
37.9091535910762	-117.579550780898	8.66025403784439	0.840336134453782	0.869565217391304	90.0	60.0
37.9013193512517	-117.579595353761	9.41331960635259	0.840336134453782	0.869565217391304	90.0	60.0
37.8934851008575	-117.579639909349	10.1663851748608	0.840336134453782	0.869565217391304	90.0	60.0
37.8856508398944	-117.579684447669	10.9194507433690	0.840336134453782	0.869565217391304	90.0	60.0
37.8778165683631	-117.579728968729	11.6725163118772	0.840336134453782	0.869565217391304	90.0	60.0
37.8699822862643	-117.579773472536	12.4255818803854	0.840336134453782	0.869565217391304	90.0	60.0
37.8621479935988	-117.579817959097	13.1786474488936	0.840336134453782	0.869565217391304	90.0	60.0
37.8543136903673	-117.579862428418	13.9317130174018	0.840336134453782	0.869565217391304	90.0	60.0
37.8464793765706	-117.579906880508	14.6847785859100	0.840336134453782	0.869565217391304	90.0	60.0
37.8386450522093	-117.579951315372	15.4378441544183	0.840336134453782	0.869565217391304	90.0	60.0
37.8308107172843	-117.579995733020	16.1909097229265	0.840336134453782	0.869565217391304	90.0	60.0
37.8229763717962	-117.580040133456	16.9439752914347	0.840336134453782	0.869565217391304	90.0	60.0
37.9952949018763	-117.569492638923	0.376532784254104	0.840336134453782	0.869565217391304	90.0	60.0
37.9874607880631	-117.569538419539	1.12959835276231	0.840336134453782	0.869565217391304	90.0	60.0
37.9796266636702	-117.569584182406	1.88266392127052	0.840336134453782	0.869565217391304	90.0	60.0
37.9717925286984	-117.569629927534	2.63572948977873	0.840336134453782	0.869565217391304	90.0	60.0
37.9639583831483	-117.569675654928	3.38879505828693	0.840336134453782	0.869565217391304	90.0	60.0
37.9561242270207	-117.569721364596	4.14186062679514	0.840336134453782	0.869565217391304	90.0	60.0
37.9482900603163	-117.569767056545	4.89492619530335	0.840336134453782	0.869565217391304	90.0	60.0
37.9404558830359	-117.569812730784	5.64799176381156	0.840336134453782	0.869565217391304	90.0	60.0
37.9326216951802	-117.569858387319	6.40105733231976	0.840336134453782	0.869565217391304	90.0	60.0
37.9247874967498	-117.569904026157	7.15412290082797	0.840336134453782	0.869565217391304	90.0	60.0
37.9169532877456	-117.569949647306	7.90718846933618	0.840336134453782	0.869565217391304	90.0	60.0
37.9091190681682	-117.569995250774	8.66025403784439	0.840336134453782	0.869565217391304	90.0	60.0
37.9012848380185	-117.570040836566	9.41331960635259	0.840336134453782	0.869565217391304	90.0	60.0
37.8934505972970	-117.570086404692	10.1663851748608	0.840336134453782	0.869565217391304	90.0	60.0
37.8856163460046	-117.570131955157	10.9194507433690	0.840336134453782	0.869565217391304	90.0	60.0
37.8777820841420	-117.570177487970	11.6725163118772	0.840336134453782	0.869565217391304	90.0	60.0
37.8699478117099	-117.570223003138	12.4255818803854	0.840336134453782	0.869565217391304	90.0	60.0
37.8621135287091	-117.570268500667	13.1786474488936	0.840336134453782	0.869565217391304	90.0	60.0
37.8542792351403	-117.570313980566	13.9317130174018	0.840336134453782	0.869565217391304	90.0	60.0
37.8464449310042	-117.570359442841	14.6847785859100	0.840336134453782	0.869565217391304	90.0	60.0
37.8386106163015	-117.570404887500	15.4378441544183	0.840336134453782	0.869565217391304	90.0	60.0
37.8307762910331	-117.570450314550	16.1909097229265	0.840336134453782	0.869565217391304	90.0	60.0
37.8229419551996	-117.570495723998	16.9439752914347	0.840336134453782	0.869565217391304	90.0	60.0
37.9952594942941	-117.559925949711	0.376532784254104	0.840336134453782	0.869565217391304	90.0	60.0
37.9874253903958	-117.559972747579	1.12959835276231	0.840336134453782	0.869565217391304	90.0	60.0
37.9795912759158	-117.560019527305	1.88266392127052	0.840336134453782	0.869565217391304	90.0	60.0
37.9717571508548	-117.560066288896	2.63572948977873	0.840336134453782	0.869565217391304	90.0	60.0
37.9639230152134	-117.560113032360	3.38879505828693	0.840336134453782	0.869565217391304	90.0	60.0
37.9560888689924	-117.560159757705	4.14186062679514	0.840336134453782	0.869565217391304	90.0	60.0
37.9482547121926	-117.560206464937	4.89492619530335	0.840336134453782	0.869565217391304	90.0	60.0
37.9404205448147	-117.560253154065	5.64799176381156	0.840336134453782	0.869565217391304	90.0	60.0
37.9325863668593	-117.560299825096	6.40105733231976	0.840336134453782	0.869565217391304	90.0	60.0
37.9247521783273	-117.560346478036	7.15412290082797	0.840336134453782	0.869565217391304	90.0	60.0
37.9169179792194	-117.560393112895	7.90718846933618	0.840336134453782	0.869565217391304	90.0	60.0
37.9090837695362	-117.560439729679	8.66025403784439	0.840336134453782	0.869565217391304	90.0	60.0
37.9012495492786	-117.560486328396	9.41331960635259	0.840336134453782	0.869565217391304	90.0	60.0
37.8934153184472	-117.560532909053	10.1663851748608	0.840336134453782	0.869565217391304	90.0	60.0
37.8855810770429	-117.560579471657	10.9194507433690	0.840336134453782	0.869565217391304	90.0	60.0
37.8777468250662	-117.560626016217	11.6725163118772	0.840336134453782	0.869565217391304	90.0	60.0
37.8699125625180	-117.560672542739	12.4255818803854	0.840336134453782	0.869565217391304	90.0	60.0
37.8620782893990	-117.560719051232	13.1786474488936	0.840336134453782	0.869565217391304	90.0	60.0
37.8542440057099	-117.560765541701	13.9317130174018	0.840336134453782	0.869565217391304	90.0	60.0
37.8464097114515	-117.560812014156	14.6847785859100	0.840336134453782	0.869565217391304	90.0	60.0
37.8385754066246	-117.560858468603	15.4378441544183	0.840336134453782	0.869565217391304	90.0	60.0
37.8307410912297	-117.560904905050	16.1909097229265	0.840336134453782	0.869565217391304	90.0	60.0
37.8229067652678	-117.560951323504	16.9439752914347	0.840336134453782	0.869565217391304	90.0	60.0
37.9952233085985	-117.550359269797	0.376532784254104	0.840336134453782	0.869565217391304	90.0	60.0
37.9873892148331	-117.550407084912	1.12959835276231	0.840336134453782	0.869565217391304	90.0	60.0
37.9795551104837	-117.550454881490	1.88266392127052	0.840336134453782	0.869565217391304	90.0	60.0
37.9717209955513	-117.550502659539	2.63572948977873	0.840336134453782	0.869565217391304	90.0	60.0
37.9638868700363	-117.550550419067	3.38879505828693	0.840336134453782	0.869565217391304	90.0	60.0
37.9560527339397	-117.550598160082	4.14186062679514	0.840336134453782	0.869565217391304	90.0	60.0
37.9482185872621	-117.550645882590	4.89492619530335	0.840336134453782	0.869565217391304	90.0	60.0
37.9403844300043	-117.550693586601	5.64799176381156	0.840336134453782	0.869565217391304	90.0	60.0
37.9325502621669	-117.550741272121	6.40105733231976	0.840336134453782	0.869565217391304	90.0	60.0
37.9247160837508	-117.550788939158	7.15412290082797	0.840336134453782	0.869565217391304	90.0	60.0
37.9168818947566	-117.550836587720	7.90718846933618	0.840336134453782	0.869565217391304	90.0	60.0
37.9090476951851	-117.550884217815	8.66025403784439	0.840336134453782	0.869565217391304	90.0	60.0
37.9012134850370	-117.550931829449	9.41331960635259	0.840336134453782	0.869565217391304	90.0	60.0
37.8933792643130	-117.550979422631	10.1663851748608	0.840336134453782	0.869565217391304	90.0	60.0
37.8855450330139	-117.551026997369	10.9194507433690	0.840336134453782	0.869565217391304	90.0	60.0
37.8777107911404	-117.551074553669	11.6725163118772	0.840336134453782	0.869565217391304	90.0	60.0
37.8698765386933	-117.551122091540	12.4255818803854	0.840336134453782	0.869565217391304	90.0	60.0
37.8620422756733	-117.551169610989	13.1786474488936	0.840336134453782	0.869565217391304	90.0	60.0
37.8542080020811	-117.551217112024	13.9317130174018	0.840336134453782	0.869565217391304	90.0	60.0
37.8463737179175	-117.551264594652	14.6847785859100	0.840336134453782	0.869565217391304	90.0	60.0
37.8385394231832	-117.551312058881	15.4378441544183	0.840336134453782	0.869565217391304	90.0	60.0
37.8307051178789	-117.551359504719	16.1909097229265	0.840336134453782	0.869565217391304	90.0	60.0
37.8228708020054	-117.551406932172	16.9439752914347	0.840336134453782	0.869565217391304	90.0	60.0
37.9951863447945	-117.540792599384	0.376532784254104	0.840336134453782	0.869565217391304	90.0	60.0
37.9873522613797	-117.540841431738	1.12959835276231	0.840336134453782	0.869565217391304	90.0	60.0
37.9795181673789	-117.540890245162	1.88266392127052	0.840336134453782	0.869565217391304	90.0	60.0
37.9716840627928	-117.540939039663	2.63572948977873	0.840336134453782	0.869565217391304	90.0	60.0
37.9638499476221	-117.540987815249	3.38879505828693	0.840336134453782	0.869565217391304	90.0	60.0
37.9560158218675	-117.541036571927	4.14186062679514	0.840336134453782	0.869565217391304	90.0	60.0
37.9481816855297	-117.541085309706	4.89492619530335	0.840336134453782	0.869565217391304	90.0	60.0
37.9403475386096	-117.541134028593	5.64799176381156	0.840336134453782	0.869565217391304	90.0	60.0
37.9325133811078	-117.541182728596	6.40105733231976	0.840336134453782	0.869565217391304	90.0	60.0
37.9246792130250	-117.541231409724	7.15412290082797	0.840336134453782	0.869565217391304	90.0	60.0
37.9168450343620	-117.541280071983	7.90718846933618	0.840336134453782	0.869565217391304	90.0	60.0
37.9090108451196	-117.541328715381	8.66025403784439	0.840336134453782	0.869565217391304	90.0	60.0
37.9011766452984	-117.541377339927	9.41331960635259	0.840336134453782	0.869565217391304	90.0	60.0
37.8933424348991	-117.541425945628	10.1663851748608	0.840336134453782	0.869565217391304	90.0	60.0
37.8855082139226	-117.541474532492	10.9194507433690	0.840336134453782	0.869565217391304	90.0	60.0
37.8776739823696	-117.541523100527	11.6725163118772	0.840336134453782	0.869565217391304	90.0	60.0
37.8698397402408	-117.541571649740	12.4255818803854	0.840336134453782	0.869565217391304	90.0	60.0
37.8620054875369	-117.541620180140	13.1786474488936	0.840336134453782	0.869565217391304	90.0	60.0
37.8541712242587	-117.541668691733	13.9317130174018	0.840336134453782	0.869565217391304	90.0	60.0
37.8463369504069	-117.541717184528	14.6847785859100	0.840336134453782	0.869565217391304	90.0	60.0
37.8385026659822	-117.541765658533	15.4378441544183	0.840336134453782	0.869565217391304	90.0	60.0
37.8306683709855	-117.541814113755	16.1909097229265	0.840336134453782	0.869565217391304	90.0	60.0
37.8228340654174	-117.541862550202	16.9439752914347	0.840336134453782	0.869565217391304	90.0	60.0
37.9951486028870	-117.531225938673	0.376532784254104	0.840336134453782	0.869565217391304	90.0	60.0
37.9873145300408	-117.531275788261	1.12959835276231	0.840336134453782	0.869565217391304	90.0	60.0
37.9794804466063	-117.531325618524	1.88266392127052	0.840336134453782	0.869565217391304	90.0	60.0
37.9716463525844	-117.531375429470	2.63572948977873	0.840336134453782	0.869565217391304	90.0	60.0
37.9638122479756	-117.531425221107	3.38879505828693	0.840336134453782	0.869565217391304	90.0	60.0
37.9559781327807	-117.531474993443	4.14186062679514	0.840336134453782	0.869565217391304	90.0	60.0
37.9481440070005	-117.531524746485	4.89492619530335	0.840336134453782	0.869565217391304	90.0	60.0
37.9403098706356	-117.531574480242	5.64799176381156	0.840336134453782	0.869565217391304	90.0	60.0
37.9324757236869	-117.531624194723	6.40105733231976	0.840336134453782	0.869565217391304	90.0	60.0
37.9246415661550	-117.531673889933	7.15412290082797	0.840336134453782	0.869565217391304	90.0	60.0
37.9168073980407	-117.531723565883	7.90718846933618	0.840336134453782	0.869565217391304	90.0	60.0
37.9089732193447	-117.531773222579	8.66025403784439	0.840336134453782	0.869565217391304	90.0	60.0
37.9011390300678	-117.531822860030	9.41331960635259	0.840336134453782	0.869565217391304	90.0	60.0
37.8933048302107	-117.531872478244	10.1663851748608	0.840336134453782	0.869565217391304	90.0	60.0
37.8854706197740	-117.531922077228	10.9194507433690	0.840336134453782	0.869565217391304	90.0	60.0
37.8776363987587	-117.531971656991	11.6725163118772	0.840336134453782	0.869565217391304	90.0	60.0
37.8698021671653	-117.532021217540	12.4255818803854	0.840336134453782	0.869565217391304	90.0	60.0
37.8619679249947	-117.532070758883	13.1786474488936	0.840336134453782	0.869565217391304	90.0	60.0
37.8541336722475	-117.532120281029	13.9317130174018	0.840336134453782	0.869565217391304	90.0	60.0
37.8462994089246	-117.532169783985	14.6847785859100	0.840336134453782	0.869565217391304	90.0	60.0
37.8384651350267	-117.532219267759	15.4378441544183	0.840336134453782	0.869565217391304	90.0	60.0
37.8306308505544	-117.532268732359	16.1909097229265	0.840336134453782	0.869565217391304	90.0	60.0
37.8227965555086	-117.532318177793	16.9439752914347	0.840336134453782	0.869565217391304	90.0	60.0
37.9951100828811	-117.521659287867	0.376532784254104	0.840336134453782	0.869565217391304	90.0	60.0
37.9872760208214	-117.521710154682	1.12959835276231	0.840336134453782	0.869565217391304	90.0	60.0
37.9794419481711	-117.521761001778	1.88266392127052	0.840336134453782	0.869565217391304	90.0	60.0
37.9716078649311	-117.521811829162	2.63572948977873	0.840336134453782	0.869565217391304	90.0	60.0
37.9637737711020	-117.521862636844	3.38879505828693	0.840336134453782	0.869565217391304	90.0	60.0
37.9559396666845	-117.521913424830	4.14186062679514	0.840336134453782	0.869565217391304	90.0	60.0
37.9481055516794	-117.521964193130	4.89492619530335	0.840336134453782	0.869565217391304	90.0	60.0
37.9402714260875	-117.522014941750	5.64799176381156	0.840336134453782	0.869565217391304	90.0	60.0
37.9324372899094	-117.522065670701	6.40105733231976	0.840336134453782	0.869565217391304	90.0	60.0
37.9246031431459	-117.522116379988	7.15412290082797	0.840336134453782	0.869565217391304	90.0	60.0
37.9167689857978	-117.522167069622	7.90718846933618	0.840336134453782	0.869565217391304	90.0	60.0
37.9089348178657	-117.522217739610	8.66025403784439	0.840336134453782	0.869565217391304	90.0	60.0
37.9011006393504	-117.522268389959	9.41331960635259	0.840336134453782	0.869565217391304	90.0	60.0
37.8932664502527	-117.522319020678	10.1663851748608	0.840336134453782	0.869565217391304	90.0	60.0
37.8854322505732	-117.522369631776	10.9194507433690	0.840336134453782	0.869565217391304	90.0	60.0
37.8775980403127	-117.522420223260	11.6725163118772	0.840336134453782	0.869565217391304	90.0	60.0
37.8697638194720	-117.522470795138	12.4255818803854	0.840336134453782	0.869565217391304	90.0	60.0
37.8619295880518	-117.522521347419	13.1786474488936	0.840336134453782	0.869565217391304	90.0	60.0
37.8540953460529	-117.522571880111	13.9317130174018	0.840336134453782	0.869565217391304	90.0	60.0
37.8462610934759	-117.522622393221	14.6847785859100	0.840336134453782	0.869565217391304	90.0	60.0
37.8384268303216	-117.522672886758	15.4378441544183	0.840336134453782	0.869565217391304	90.0	60.0
37.8305925565909	-117.522723360729	16.1909097229265	0.840336134453782	0.869565217391304	90.0	60.0
37.8227582722843	-117.522773815144	16.9439752914347	0.840336134453782	0.869565217391304	90.0	60.0
37.9950707847822	-117.512092647168	0.376532784254104	0.840336134453782	0.869565217391304	90.0	60.0
37.9872367337268	-117.512144531203	1.12959835276231	0.840336134453782	0.869565217391304	90.0	60.0
37.9794026720785	-117.512196395125	1.88266392127052	0.840336134453782	0.869565217391304	90.0	60.0
37.9715685998382	-117.512248238941	2.63572948977873	0.840336134453782	0.869565217391304	90.0	60.0
37.9637345170064	-117.512300062660	3.38879505828693	0.840336134453782	0.869565217391304	90.0	60.0
37.9559004235841	-117.512351866290	4.14186062679514	0.840336134453782	0.869565217391304	90.0	60.0
37.9480663195718	-117.512403649840	4.89492619530335	0.840336134453782	0.869565217391304	90.0	60.0
37.9402322049704	-117.512455413318	5.64799176381156	0.840336134453782	0.869565217391304	90.0	60.0
37.9323980797805	-117.512507156731	6.40105733231976	0.840336134453782	0.869565217391304	90.0	60.0
37.9245639440029	-117.512558880090	7.15412290082797	0.840336134453782	0.869565217391304	90.0	60.0
37.9167297976384	-117.512610583401	7.90718846933618	0.840336134453782	0.869565217391304	90.0	60.0
37.9088956406876	-117.512662266672	8.66025403784439	0.840336134453782	0.869565217391304	90.0	60.0
37.9010614731513	-117.512713929913	9.41331960635259	0.840336134453782	0.869565217391304	90.0	60.0
37.8932272950303	-117.512765573132	10.1663851748608	0.840336134453782	0.869565217391304	90.0	60.0
37.8853931063253	-117.512817196337	10.9194507433690	0.840336134453782	0.869565217391304	90.0	60.0
37.8775589070370	-117.512868799535	11.6725163118772	0.840336134453782	0.869565217391304	90.0	60.0
37.8697246971661	-117.512920382736	12.4255818803854	0.840336134453782	0.869565217391304	90.0	60.0
37.8618904767135	-117.512971945948	13.1786474488936	0.840336134453782	0.869565217391304	90.0	60.0
37.8540562456798	-117.513023489178	13.9317130174018	0.840336134453782	0.869565217391304	90.0	60.0
37.8462220040658	-117.513075012436	14.6847785859100	0.840336134453782	0.869565217391304	90.0	60.0
37.8383877518723	-117.513126515729	15.4378441544183	0.840336134453782	0.869565217391304	90.0	60.0
37.8305534890999	-117.513177999065	16.1909097229265	0.840336134453782	0.869565217391304	90.0	60.0
37.8227192157495	-117.513229462453	16.9439752914347	0.840336134453782	0.869565217391304	90.0	60.0
37.9950307085955	-117.502526016777	0.376532784254104	0.840336134453782	0.869565217391304	90.0	60.0
37.9871966687622	-117.502578918026	1.12959835276231	0.840336134453782	0.869565217391304	90.0	60.0
37.9793626183338	-117.502631798767	1.88266392127052	0.840336134453782	0.869565217391304	90.0	60.0
37.9715285573110	-117.502684659008	2.63572948977873	0.840336134453782	0.869565217391304	90.0	60.0
37.9636944856944	-117.502737498758	3.38879505828693	0.840336134453782	0.869565217391304	90.0	60.0
37.9558604034848	-117.502790318025	4.14186062679514	0.840336134453782	0.869565217391304	90.0	60.0
37.9480263106830	-117.502843116818	4.89492619530335	0.840336134453782	0.869565217391304	90.0	60.0
37.9401922072896	-117.502895895146	5.64799176381156	0.840336134453782	0.869565217391304	90.0	60.0
37.9323580933055	-117.502948653016	6.40105733231976	0.840336134453782	0.869565217391304	90.0	60.0
37.9245239687313	-117.503001390438	7.15412290082797	0.840336134453782	0.869565217391304	90.0	60.0
37.9166898335679	-117.503054107419	7.90718846933618	0.840336134453782	0.869565217391304	90.0	60.0
37.9088556878158	-117.503106803968	8.66025403784439	0.840336134453782	0.869565217391304	90.0	60.0
37.9010215314759	-117.503159480094	9.41331960635259	0.840336134453782	0.869565217391304	90.0	60.0
37.8931873645490	-117.503212135806	10.1663851748608	0.840336134453782	0.869565217391304	90.0	60.0
37.8853531870356	-117.503264771110	10.9194507433690	0.840336134453782	0.869565217391304	90.0	60.0
37.8775189989367	-117.503317386017	11.6725163118772	0.840336134453782	0.869565217391304	90.0	60.0
37.8696848002529	-117.503369980533	12.4255818803854	0.840336134453782	0.869565217391304	90.0	60.0
37.8618505909850	-117.503422554669	13.1786474488936	0.840336134453782	0.869565217391304	90.0	60.0
37.8540163711337	-117.503475108431	13.9317130174018	0.840336134453782	0.869565217391304	90.0	60.0
37.8461821406997	-117.503527641830	14.6847785859100	0.840336134453782	0.869565217391304	90.0	60.0
37.8383478996839	-117.503580154872	15.4378441544183	0.840336134453782	0.869565217391304	90.0	60.0
37.8305136480869	-117.503632647566	16.1909097229265	0.840336134453782	0.869565217391304	90.0	60.0
37.8226793859095	-117.503685119922	16.9439752914347	0.840336134453782	0.869565217391304	90.0	60.0
37.9949898543264	-117.492959396898	0.376532784254104	0.840336134453782	0.869565217391304	90.0	60.0
37.9871558259332	-117.493013315353	1.12959835276231	0.840336134453782	0.869565217391304	90.0	60.0
37.9793217869425	-117.493067212906	1.88266392127052	0.840336134453782	0.869565217391304	90.0	60.0
37.9714877373548	-117.493121089565	2.63572948977873	0.840336134453782	0.869565217391304	90.0	60.0
37.9636536771711	-117.493174945338	3.38879505828693	0.840336134453782	0.869565217391304	90.0	60.0
37.9558196063920	-117.493228780236	4.14186062679514	0.840336134453782	0.869565217391304	90.0	60.0
37.9479855250183	-117.493282594265	4.89492619530335	0.840336134453782	0.869565217391304	90.0	60.0
37.9401514330506	-117.493336387436	5.64799176381156	0.840336134453782	0.869565217391304	90.0	60.0
37.9323173304898	-117.493390159756	6.40105733231976	0.840336134453782	0.869565217391304	90.0	60.0
37.9244832173365	-117.493443911234	7.15412290082797	0.840336134453782	0.869565217391304	90.0	60.0
37.9166490935916	-117.493497641878	7.90718846933618	0.840336134453782	0.869565217391304	90.0	60.0
37.9088149592557	-117.493551351698	8.66025403784439	0.840336134453782	0.869565217391304	90.0	60.0
37.9009808143296	-117.493605040702	9.41331960635259	0.840336134453782	0.869565217391304	90.0	60.0
37.8931466588140	-117.493658708899	10.1663851748608	0.840336134453782	0.869565217391304	90.0	60.0
37.8853124927096	-117.493712356296	10.9194507433690	0.840336134453782	0.869565217391304	90.0	60.0
37.8774783160173	-117.493765982904	11.6725163118772	0.840336134453782	0.869565217391304	90.0	60.0
37.8696441287377	-117.493819588729	12.4255818803854	0.840336134453782	0.869565217391304	90.0	60.0
37.8618099308717	-117.493873173782	13.1786474488936	0.840336134453782	0.869565217391304	90.0	60.0
37.8539757224198	-117.493926738070	13.9317130174018	0.840336134453782	0.869565217391304	90.0	60.0
37.8461415033830	-117.493980281601	14.6847785859100	0.840336134453782	0.869565217391304	90.0	60.0
37.8383072737618	-117.494033804386	15.4378441544183	0.840336134453782	0.869565217391304	90.0	60.0
37.8304730335572	-117.494087306432	16.1909097229265	0.840336134453782	0.869565217391304	90.0	60.0
37.8226387827698	-117.494140787747	16.9439752914347	0.840336134453782	0.869565217391304	90.0	60.0
37.9949482219805	-117.483392787732	0.376532784254104	0.840336134453782	0.869565217391304	90.0	60.0
37.9871142052453	-117.483447723386	1.12959835276231	0.840336134453782	0.869565217391304	90.0	60.0
37.9792801779099	-117.483502637743	1.88266392127052	0.840336134453782	0.869565217391304	90.0	60.0
37.9714461399754	-117.483557530813	2.63572948977873	0.840336134453782	0.869565217391304	90.0	60.0
37.9636120914423	-117.483612402603	3.38879505828693	0.840336134453782	0.869565217391304	90.0	60.0
37.9557780323113	-117.483667253124	4.14186062679514	0.840336134453782	0.869565217391304	90.0	60.0
37.9479439625833	-117.483722082383	4.89492619530335	0.840336134453782	0.869565217391304	90.0	60.0
37.9401098822589	-117.483776890389	5.64799176381156	0.840336134453782	0.869565217391304	90.0	60.0
37.9322757913389	-117.483831677151	6.40105733231976	0.840336134453782	0.869565217391304	90.0	60.0
37.9244416898241	-117.483886442678	7.15412290082797	0.840336134453782	0.869565217391304	90.0	60.0
37.9166075777151	-117.483941186979	7.90718846933618	0.840336134453782	0.869565217391304	90.0	60.0
37.9087734550128	-117.483995910063	8.66025403784439	0.840336134453782	0.869565217391304	90.0	60.0
37.9009393217178	-117.484050611938	9.41331960635259	0.840336134453782	0.869565217391304	90.0	60.0
37.8931051778309	-117.484105292612	10.1663851748608	0.840336134453782	0.869565217391304	90.0	60.0
37.8852710233528	-117.484159952096	10.9194507433690	0.840336134453782	0.869565217391304	90.0	60.0
37.8774368582843	-117.484214590397	11.6725163118772	0.840336134453782	0.869565217391304	90.0	60.0
37.8696026826261	-117.484269207524	12.4255818803854	0.840336134453782	0.869565217391304	90.0	60.0
37.8617684963790	-117.484323803486	13.1786474488936	0.840336134453782	0.869565217391304	90.0	60.0
37.8539342995438	-117.484378378292	13.9317130174018	0.840336134453782	0.869565217391304	90.0	60.0
37.8461000921211	-117.484432931951	14.6847785859100	0.840336134453782	0.869565217391304	90.0	60.0
37.8382658741117	-117.484487464471	15.4378441544183	0.840336134453782	0.869565217391304	90.0	60.0
37.8304316455163	-117.484541975860	16.1909097229265	0.840336134453782	0.869565217391304	90.0	60.0
37.8225974063358	-117.484596466129	16.9439752914347	0.840336134453782	0.869565217391304	90.0	60.0
37.9949058115635	-117.473826189480	0.376532784254104	0.840336134453782	0.869565217391304	90.0	60.0
37.9870718067040	-117.473882142326	1.12959835276231	0.840336134453782	0.869565217391304	90.0	60.0
37.9792377912420	-117.473938073481	1.88266392127052	0.840336134453782	0.869565217391304	90.0	60.0
37.9714037651782	-117.473993982954	2.63572948977873	0.840336134453782	0.869565217391304	90.0	60.0
37.9635697285134	-117.474049870754	3.38879505828693	0.840336134453782	0.869565217391304	90.0	60.0
37.9557356812483	-117.474105736890	4.14186062679514	0.840336134453782	0.869565217391304	90.0	60.0
37.9479016233836	-117.474161581371	4.89492619530335	0.840336134453782	0.869565217391304	90.0	60.0
37.9400675549201	-117.474217404206	5.64799176381156	0.840336134453782	0.869565217391304	90.0	60.0
37.9322334758585	-117.474273205403	6.40105733231976	0.840336134453782	0.869565217391304	90.0	60.0
37.9243993861996	-117.474328984973	7.15412290082797	0.840336134453782	0.869565217391304	90.0	60.0
37.9165652859441	-117.474384742923	7.90718846933618	0.840336134453782	0.869565217391304	90.0	60.0
37.9087311750927	-117.474440479262	8.66025403784439	0.840336134453782	0.869565217391304	90.0	60.0
37.9008970536461	-117.474496194001	9.41331960635259	0.840336134453782	0.869565217391304	90.0	60.0
37.8930629216052	-117.474551887146	10.1663851748608	0.840336134453782	0.869565217391304	90.0	60.0
37.8852287789707	-117.474607558708	10.9194507433690	0.840336134453782	0.869565217391304	90.0	60.0
37.8773946257433	-117.474663208696	11.6725163118772	0.840336134453782	0.869565217391304	90.0	60.0
37.8695604619237	-117.474718837118	12.4255818803854	0.840336134453782	0.869565217391304	90.0	60.0
37.8617262875127	-117.474774443983	13.1786474488936	0.840336134453782	0.869565217391304	90.0	60.0
37.8538921025111	-117.474830029300	13.9317130174018	0.840336134453782	0.869565217391304	90.0	60.0
37.8460579069196	-117.474885593078	14.6847785859100	0.840336134453782	0.869565217391304	90.0	60.0
37.8382237007389	-117.474941135325	15.4378441544183	0.840336134453782	0.869565217391304	90.0	60.0
37.8303894839698	-117.474996656052	16.1909097229265	0.840336134453782	0.869565217391304	90.0	60.0
37.8225552566131	-117.475052155266	16.9439752914347	0.840336134453782	0.869565217391304	90.0	60.0
37.9948626230810	-117.464259602346	0.376532784254104	0.840336134453782	0.869565217391304	90.0	60.0
37.9870286303152	-117.464316572377	1.12959835276231	0.840336134453782	0.869565217391304	90.0	60.0
37.9791946269443	-117.464373520322	1.88266392127052	0.840336134453782	0.869565217391304	90.0	60.0
37.9713606129691	-117.464430446191	2.63572948977873	0.840336134453782	0.869565217391304	90.0	60.0
37.9635265883903	-117.464487349993	3.38879505828693	0.840336134453782	0.869565217391304	90.0	60.0
37.9556925532087	-117.464544231737	4.14186062679514	0.840336134453782	0.869565217391304	90.0	60.0
37.9478585074250	-117.464601091432	4.89492619530335	0.840336134453782	0.869565217391304	90.0	60.0
37.9400244510400	-117.464657929088	5.64799176381156	0.840336134453782	0.869565217391304	90.0	60.0
37.9321903840544	-117.464714744713	6.40105733231976	0.840336134453782	0.869565217391304	90.0	60.0
37.9243563064688	-117.464771538317	7.15412290082797	0.840336134453782	0.869565217391304	90.0	60.0
37.9165222182842	-117.464828309909	7.90718846933618	0.840336134453782	0.869565217391304	90.0	60.0
37.9086881195011	-117.464885059497	8.66025403784439	0.840336134453782	0.869565217391304	90.0	60.0
37.9008540101204	-117.464941787092	9.41331960635259	0.840336134453782	0.869565217391304	90.0	60.0
37.8930198901428	-117.464998492701	10.1663851748608	0.840336134453782	0.869565217391304	90.0	60.0
37.8851857595691	-117.465055176335	10.9194507433690	0.840336134453782	0.869565217391304	90.0	60.0
37.8773516184000	-117.465111838001	11.6725163118772	0.840336134453782	0.869565217391304	90.0	60.0
37.8695174666362	-117.465168477710	12.4255818803854	0.840336134453782	0.869565217391304	90.0	60.0
37.8616833042785	-117.465225095470	13.1786474488936	0.840336134453782	0.869565217391304	90.0	60.0
37.8538491313276	-117.465281691291	13.9317130174018	0.840336134453782	0.869565217391304	90.0	60.0
37.8460149477843	-117.465338265181	14.6847785859100	0.840336134453782	0.869565217391304	90.0	60.0
37.8381807536493	-117.465394817150	15.4378441544183	0.840336134453782	0.869565217391304	90.0	60.0
37.8303465489234	-117.465451347206	16.1909097229265	0.840336134453782	0.869565217391304	90.0	60.0
37.8225123336074	-117.465507855358	16.9439752914347	0.840336134453782	0.869565217391304	90.0	60.0
37.9948186565390	-117.454693026531	0.376532784254104	0.840336134453782	0.869565217391304	90.0	60.0
37.9869846760847	-117.454751013738	1.12959835276231	0.840336134453782	0.869565217391304	90.0	60.0
37.9791506850227	-117.454808978466	1.88266392127052	0.840336134453782	0.869565217391304	90.0	60.0
37.9713166833539	-117.454866920723	2.63572948977873	0.840336134453782	0.869565217391304	90.0	60.0
37.9634826710788	-117.454924840520	3.38879505828693	0.840336134453782	0.869565217391304	90.0	60.0
37.9556486481984	-117.454982737865	4.14186062679514	0.840336134453782	0.869565217391304	90.0	60.0
37.9478146147133	-117.455040612767	4.89492619530335	0.840336134453782	0.869565217391304	90.0	60.0
37.9399805706244	-117.455098465236	5.64799176381156	0.840336134453782	0.869565217391304	90.0	60.0
37.9321465159322	-117.455156295282	6.40105733231976	0.840336134453782	0.869565217391304	90.0	60.0
37.9243124506376	-117.455214102913	7.15412290082797	0.840336134453782	0.869565217391304	90.0	60.0
37.9164783747412	-117.455271888139	7.90718846933618	0.840336134453782	0.869565217391304	90.0	60.0
37.9086442882440	-117.455329650969	8.66025403784439	0.840336134453782	0.869565217391304	90.0	60.0
37.9008101911465	-117.455387391412	9.41331960635259	0.840336134453782	0.869565217391304	90.0	60.0
37.8929760834495	-117.455445109477	10.1663851748608	0.840336134453782	0.869565217391304	90.0	60.0
37.8851419651538	-117.455502805174	10.9194507433690	0.840336134453782	0.869565217391304	90.0	60.0
37.8773078362602	-117.455560478513	11.6725163118772	0.840336134453782	0.869565217391304	90.0	60.0
37.8694736967693	-117.455618129501	12.4255818803854	0.840336134453782	0.869565217391304	90.0	60.0
37.8616395466820	-117.455675758149	13.1786474488936	0.840336134453782	0.869565217391304	90.0	60.0
37.8538053859990	-117.455733364466	13.9317130174018	0.840336134453782	0.869565217391304	90.0	60.0
37.8459712147209	-117.455790948461	14.6847785859100	0.840336134453782	0.869565217391304	90.0	60.0
37.8381370328487	-117.455848510142	15.4378441544183	0.840336134453782	0.869565217391304	90.0	60.0
37.8303028403829	-117.455906049520	16.1909097229265	0.840336134453782	0.869565217391304	90.0	60.0
37.8224686373245	-117.455963566604	16.9439752914347	0.840336134453782	0.869565217391304	90.0	60.0
37.9947739119434	-117.445126462238	0.376532784254104	0.840336134453782	0.869565217391304	90.0	60.0
37.9869399440184	-117.445185466614	1.12959835276231	0.840336134453782	0.869565217391304	90.0	60.0
37.9791059654832	-117.445244448116	1.88266392127052	0.840336134453782	0.869565217391304	90.0	60.0
37.9712719763384	-117.445303406754	2.63572948977873	0.840336134453782	0.869565217391304	90.0	60.0
37.9634379765849	-117.445362342538	3.38879505828693	0.840336134453782	0.869565217391304	90.0	60.0
37.9556039662234	-117.445421255475	4.14186062679514	0.840336134453782	0.869565217391304	90.0	60.0
37.9477699452545	-117.445480145577	4.89492619530335	0.840336134453782	0.869565217391304	90.0	60.0
37.9399359136792	-117.445539012852	5.64799176381156	0.840336134453782	0.869565217391304	90.0	60.0
37.9321018714980	-117.445597857310	6.40105733231976	0.840336134453782	0.869565217391304	90.0	60.0
37.9242678187118	-117.445656678961	7.15412290082797	0.840336134453782	0.869565217391304	90.0	60.0
37.9164337553212	-117.445715477813	7.90718846933618	0.840336134453782	0.869565217391304	90.0	60.0
37.9085996813271	-117.445774253877	8.66025403784439	0.840336134453782	0.869565217391304	90.0	60.0
37.9007655967301	-117.445833007161	9.41331960635259	0.840336134453782	0.869565217391304	90.0	60.0
37.8929315015311	-117.445891737675	10.1663851748608	0.840336134453782	0.869565217391304	90.0	60.0
37.8850973957308	-117.445950445428	10.9194507433690	0.840336134453782	0.869565217391304	90.0	60.0
37.8772632793299	-117.446009130431	11.6725163118772	0.840336134453782	0.869565217391304	90.0	60.0
37.8694291523291	-117.446067792691	12.4255818803854	0.840336134453782	0.869565217391304	90.0	60.0
37.8615950147293	-117.446126432219	13.1786474488936	0.840336134453782	0.869565217391304	90.0	60.0
37.8537608665312	-117.446185049024	13.9317130174018	0.840336134453782	0.869565217391304	90.0	60.0
37.8459267077355	-117.446243643116	14.6847785859100	0.840336134453782	0.869565217391304	90.0	60.0
37.8380925383429	-117.446302214503	15.4378441544183	0.840336134453782	0.869565217391304	90.0	60.0
37.8302583583543	-117.446360763196	16.1909097229265	0.840336134453782	0.869565217391304	90.0	60.0
37.8224241677703	-117.446419289202	16.9439752914347	0.840336134453782	0.869565217391304	90.0	60.0
37.9947283893003	-117.435559909667	0.376532784254104	0.840336134453782	0.869565217391304	90.0	60.0
37.9868944341225	-117.435619931205	1.12959835276231	0.840336134453782	0.869565217391304	90.0	60.0
37.9790604683318	-117.435679929474	1.88266392127052	0.840336134453782	0.869565217391304	90.0	60.0
37.9712264919289	-117.435739904485	2.63572948977873	0.840336134453782	0.869565217391304	90.0	60.0
37.9633925049146	-117.435799856247	3.38879505828693	0.840336134453782	0.869565217391304	90.0	60.0
37.9555585072896	-117.435859784770	4.14186062679514	0.840336134453782	0.869565217391304	90.0	60.0
37.9477244990546	-117.435919690063	4.89492619530335	0.840336134453782	0.869565217391304	90.0	60.0
37.9398904802105	-117.435979572137	5.64799176381156	0.840336134453782	0.869565217391304	90.0	60.0
37.9320564507578	-117.436039431000	6.40105733231976	0.840336134453782	0.869565217391304	90.0	60.0
37.9242224106975	-117.436099266662	7.15412290082797	0.840336134453782	0.869565217391304	90.0	60.0
37.9163883600301	-117.436159079133	7.90718846933618	0.840336134453782	0.869565217391304	90.0	60.0
37.9085542987566	-117.436218868422	8.66025403784439	0.840336134453782	0.869565217391304	90.0	60.0
37.9007202268775	-117.436278634539	9.41331960635259	0.840336134453782	0.869565217391304	90.0	60.0
37.8928861443938	-117.436338377494	10.1663851748608	0.840336134453782	0.869565217391304	90.0	60.0
37.8850520513061	-117.436398097296	10.9194507433690	0.840336134453782	0.869565217391304	90.0	60.0
37.8772179476151	-117.436457793954	11.6725163118772	0.840336134453782	0.869565217391304	90.0	60.0
37.8693838333216	-117.436517467479	12.4255818803854	0.840336134453782	0.869565217391304	90.0	60.0
37.8615497084264	-117.436577117880	13.1786474488936	0.840336134453782	0.869565217391304	90.0	60.0
37.8537155729303	-117.436636745166	13.9317130174018	0.840336134453782	0.869565217391304	90.0	60.0
37.8458814268339	-117.436696349346	14.6847785859100	0.840336134453782	0.869565217391304	90.0	60.0
37.8380472701380	-117.436755930432	15.4378441544183	0.840336134453782	0.869565217391304	90.0	60.0
37.8302131028434	-117.436815488431	16.1909097229265	0.840336134453782	0.869565217391304	90.0	60.0
37.8223789249509	-117.436875023353	16.9439752914347	0.840336134453782	0.869565217391304	90.0	60.0