     lat_deg     lon_deg    depth_km   length_km    width_km  slp_strk_m  slp_ddip_m    slp_am_m  strike_deg     dip_deg    rake_deg sig_stk_MPa sig_ddi_MPa sig_nrm_MPa
     37.9966   -118.5645      0.3610      0.8388      0.8333      0.0000      0.0000      0.0000     91.5242     60.0127      0.0000     -0.0003     -0.0004      0.0006
     37.9929   -118.5644      1.0826      0.8387      0.8333      0.0000      0.0000      0.0000     91.4976     60.0114      0.0000     -0.0003     -0.0004      0.0006
     37.9892   -118.5644      1.8044      0.8386      0.8333      0.0000      0.0000      0.0000     91.4655     60.0100      0.0000     -0.0003     -0.0003      0.0006
     37.9854   -118.5644      2.5261      0.8384      0.8334      0.0000      0.0000      0.0000     91.4281     60.0085      0.0000     -0.0003     -0.0003      0.0006
     37.9817   -118.5643      3.2479      0.8383      0.8334      0.0000      0.0000      0.0000     91.3853     60.0070      0.0000     -0.0003     -0.0003      0.0006
     37.9779   -118.5643      3.9696      0.8381      0.8334      0.0000      0.0000      0.0000     91.3370     60.0053      0.0000     -0.0003     -0.0003      0.0006
     37.9742   -118.5643      4.6913      0.8380      0.8334      0.0000      0.0000      0.0000     91.2834     60.0035      0.0000     -0.0003     -0.0003      0.0005
     37.9704   -118.5643      5.4130      0.8379      0.8334      0.0000      0.0000      0.0000     91.2244     60.0017      0.0000     -0.0002     -0.0003      0.0005
     37.9667   -118.5642      6.1347      0.8377      0.8334      0.0000      0.0000      0.0000     91.1599     59.9998      0.0000     -0.0002     -0.0003      0.0005
     37.9629   -118.5642      6.8564      0.8376      0.8334      0.0000      0.0000      0.0000     91.0901     59.9978      0.0000     -0.0002     -0.0003      0.0005
     37.9592   -118.5642      7.5781      0.8374      0.8334      0.0000      0.0000      0.0000     91.0148     59.9958      0.0000     -0.0002     -0.0003      0.0005
     37.9554   -118.5641      8.2998      0.8373      0.8334      0.0000      0.0000      0.0000     90.9341     59.9938      0.0000     -0.0002     -0.0002      0.0005
     37.9517   -118.5641      9.0215      0.8371      0.8334      0.0000      0.0000      0.0000     90.8480     59.9917      0.0000     -0.0002     -0.0002      0.0005
     37.9479   -118.5641      9.7431      0.8370      0.8334      0.0000      0.0000      0.0000     90.7564     59.9896      0.0000     -0.0002     -0.0002      0.0004
     37.9442   -118.5641     10.4648      0.8368      0.8334      0.0000      0.0000      0.0000     90.6595     59.9875      0.0000     -0.0001     -0.0002      0.0004
     37.9404   -118.5640     11.1864      0.8367      0.8334      0.0000      0.0000      0.0000     90.5571     59.9855      0.0000     -0.0001     -0.0002      0.0004
     37.9367   -118.5640     11.9080      0.8365      0.8334      0.0000      0.0000      0.0000     90.4493     59.9835      0.0000     -0.0001     -0.0002      0.0004
     37.9329   -118.5640     12.6297      0.8364      0.8334      0.0000      0.0000      0.0000     90.3360     59.9815      0.0000     -0.0001     -0.0002      0.0004
     37.9292   -118.5640     13.3513      0.8362      0.8334      0.0000      0.0000      0.0000     90.2173     59.9796      0.0000     -0.0001     -0.0002      0.0004
     37.9254   -118.5639     14.0729      0.8361      0.8334      0.0000      0.0000      0.0000     90.0932     59.9778      0.0000     -0.0001     -0.0002      0.0004
     37.9217   -118.5639     14.7945      0.8360      0.8334      0.0000      0.0000      0.0000     89.9637     59.9762      0.0000     -0.0000     -0.0002      0.0003
     37.9179   -118.5639     15.5161      0.8358      0.8334      0.0000      0.0000      0.0000     89.8287     59.9746      0.0000     -0.0000     -0.0002      0.0003
     37.9142   -118.5638     16.2376      0.8357      0.8334      0.0000      0.0000      0.0000     89.6882     59.9733      0.0000     -0.0000     -0.0002      0.0003
     37.9104   -118.5638     16.9592      0.8356      0.8334      0.0000      0.0000      0.0000     89.5423     59.9721      0.0000     -0.0000     -0.0002      0.0003
     37.9964   -118.5549      0.3607      0.8388      0.8328      0.0000      0.0000      0.0000     91.5266     60.0152      0.0000     -0.0003     -0.0004      0.0007
     37.9927   -118.5549      1.0820      0.8387      0.8328      0.0000      0.0000      0.0000     91.5053     60.0196      0.0000     -0.0003     -0.0004      0.0007
     37.9890   -118.5548      1.8033      0.8386      0.8328      0.0000      0.0000      0.0000     91.4797     60.0239      0.0000     -0.0003     -0.0004      0.0006
     37.9852   -118.5548      2.5247      0.8384      0.8328      0.0000      0.0000      0.0000     91.4498     60.0281      0.0000     -0.0003     -0.0003      0.0006
     37.9815   -118.5548      3.2461      0.8383      0.8328      0.0000      0.0000      0.0000     91.4155     60.0322      0.0000     -0.0003     -0.0003      0.0006
     37.9777   -118.5548      3.9675      0.8382      0.8328      0.0000      0.0000      0.0000     91.3769     60.0363      0.0000     -0.0003     -0.0003      0.0006
     37.9740   -118.5547      4.6890      0.8380      0.8328      0.0000      0.0000      0.0000     91.3339     60.0403      0.0000     -0.0003     -0.0003      0.0006
     37.9702   -118.5547      5.4105      0.8379      0.8328      0.0000      0.0000      0.0000     91.2866     60.0442      0.0000     -0.0003     -0.0003      0.0006
     37.9665   -118.5547      6.1320      0.8377      0.8328      0.0000      0.0000      0.0000     91.2350     60.0481      0.0000     -0.0002     -0.0003      0.0005
     37.9628   -118.5547      6.8536      0.8376      0.8328      0.0000      0.0000      0.0000     91.1790     60.0519      0.0000     -0.0002     -0.0003      0.0005
     37.9590   -118.5546      7.5752      0.8374      0.8328      0.0000      0.0000      0.0000     91.1187     60.0557      0.0000     -0.0002     -0.0003      0.0005
     37.9553   -118.5546      8.2968      0.8373      0.8328      0.0000      0.0000      0.0000     91.0540     60.0594      0.0000     -0.0002     -0.0003      0.0005
     37.9515   -118.5546      9.0185      0.8372      0.8328      0.0000      0.0000      0.0000     90.9849     60.0631      0.0000     -0.0002     -0.0002      0.0005
     37.9478   -118.5545      9.7402      0.8370      0.8328      0.0000      0.0000      0.0000     90.9115     60.0668      0.0000     -0.0002     -0.0002      0.0005
     37.9441   -118.5545     10.4619      0.8369      0.8328      0.0000      0.0000      0.0000     90.8337     60.0705      0.0000     -0.0001     -0.0002      0.0004
     37.9403   -118.5545     11.1837      0.8367      0.8328      0.0000      0.0000      0.0000     90.7516     60.0742      0.0000     -0.0001     -0.0002      0.0004
     37.9366   -118.5545     11.9055      0.8366      0.8328      0.0000      0.0000      0.0000     90.6651     60.0778      0.0000     -0.0001     -0.0002      0.0004
     37.9329   -118.5544     12.6273      0.8364      0.8328      0.0000      0.0000      0.0000     90.5742     60.0815      0.0000     -0.0001     -0.0002      0.0004
     37.9291   -118.5544     13.3492      0.8363      0.8329      0.0000      0.0000      0.0000     90.4789     60.0853      0.0000     -0.0001     -0.0002      0.0004
     37.9254   -118.5544     14.0711      0.8361      0.8329      0.0000      0.0000      0.0000     90.3793     60.0891      0.0000     -0.0001     -0.0002      0.0004
     37.9217   -118.5544     14.7930      0.8360      0.8329      0.0000      0.0000      0.0000     90.2752     60.0929      0.0000     -0.0000     -0.0002      0.0004
     37.9179   -118.5543     15.5150      0.8359      0.8329      0.0000      0.0000      0.0000     90.1668     60.0968      0.0000     -0.0000     -0.0002      0.0003
     37.9142   -118.5543     16.2370      0.8357      0.8329      0.0000      0.0000      0.0000     90.0540     60.1008      0.0000     -0.0000     -0.0002      0.0003
     37.9105   -118.5543     16.9590      0.8356      0.8329      0.0000      0.0000      0.0000     89.9368     60.1050      0.0000      0.0000     -0.0002      0.0003
     37.9962   -118.5453      0.3605      0.8389      0.8323      0.0000      0.0000      0.0000     91.5267     60.0174      0.0000     -0.0003     -0.0004      0.0007
     37.9925   -118.5453      1.0813      0.8387      0.8323      0.0000      0.0000      0.0000     91.5055     60.0268      0.0000     -0.0003     -0.0004      0.0007
     37.9888   -118.5453      1.8023      0.8386      0.8323      0.0000      0.0000      0.0000     91.4800     60.0361      0.0000     -0.0003     -0.0004      0.0007
     37.9850   -118.5452      2.5234      0.8384      0.8323      0.0000      0.0000      0.0000     91.4502     60.0453      0.0000     -0.0003     -0.0004      0.0007
     37.9813   -118.5452      3.2445      0.8383      0.8323      0.0000      0.0000      0.0000     91.4161     60.0545      0.0000     -0.0003     -0.0003      0.0006
     37.9775   -118.5452      3.9657      0.8382      0.8323      0.0000      0.0000      0.0000     91.3776     60.0636      0.0000     -0.0003     -0.0003      0.0006
     37.9738   -118.5452      4.6869      0.8380      0.8323      0.0000      0.0000      0.0000     91.3348     60.0726      0.0000     -0.0003     -0.0003      0.0006
     37.9701   -118.5451      5.4083      0.8379      0.8323      0.0000      0.0000      0.0000     91.2877     60.0816      0.0000     -0.0003     -0.0003      0.0006
     37.9663   -118.5451      6.1297      0.8377      0.8323      0.0000      0.0000      0.0000     91.2363     60.0905      0.0000     -0.0003     -0.0003      0.0006
     37.9626   -118.5451      6.8511      0.8376      0.8323      0.0000      0.0000      0.0000     91.1805     60.0994      0.0000     -0.0002     -0.0003      0.0005
     37.9589   -118.5451      7.5726      0.8374      0.8323      0.0000      0.0000      0.0000     91.1204     60.1082      0.0000     -0.0002     -0.0003      0.0005
     37.9551   -118.5451      8.2942      0.8373      0.8323      0.0000      0.0000      0.0000     91.0559     60.1169      0.0000     -0.0002     -0.0003      0.0005
     37.9514   -118.5450      9.0159      0.8372      0.8323      0.0000      0.0000      0.0000     90.9871     60.1257      0.0000     -0.0002     -0.0003      0.0005
     37.9477   -118.5450      9.7376      0.8370      0.8323      0.0000      0.0000      0.0000     90.9139     60.1344      0.0000     -0.0002     -0.0003      0.0005
     37.9440   -118.5450     10.4594      0.8369      0.8323      0.0000      0.0000      0.0000     90.8363     60.1431      0.0000     -0.0002     -0.0003      0.0005
     37.9402   -118.5450     11.1813      0.8367      0.8323      0.0000      0.0000      0.0000     90.7544     60.1518      0.0000     -0.0001     -0.0002      0.0004
     37.9365   -118.5449     11.9033      0.8366      0.8323      0.0000      0.0000      0.0000     90.6682     60.1606      0.0000     -0.0001     -0.0002      0.0004
     37.9328   -118.5449     12.6253      0.8364      0.8323      0.0000      0.0000      0.0000     90.5775     60.1693      0.0000     -0.0001     -0.0002      0.0004
     37.9291   -118.5449     13.3474      0.8363      0.8323      0.0000      0.0000      0.0000     90.4825     60.1781      0.0000     -0.0001     -0.0002      0.0004
     37.9253   -118.5449     14.0695      0.8361      0.8324      0.0000      0.0000      0.0000     90.3831     60.1869      0.0000     -0.0001     -0.0002      0.0004
     37.9216   -118.5448     14.7917      0.8360      0.8324      0.0000      0.0000      0.0000     90.2793     60.1958      0.0000     -0.0000     -0.0002      0.0004
     37.9179   -118.5448     15.5140      0.8359      0.8324      0.0000      0.0000      0.0000     90.1712     60.2048      0.0000     -0.0000     -0.0002      0.0004
     37.9142   -118.5448     16.2364      0.8357      0.8324      0.0000      0.0000      0.0000     90.0586     60.2139      0.0000     -0.0000     -0.0002      0.0003
     37.9105   -118.5448     16.9588      0.8356      0.8324      0.0000      0.0000      0.0000     89.9416     60.2231      0.0000      0.0000     -0.0002      0.0003
     37.9960   -118.5357      0.3603      0.8389      0.8318      0.0000      0.0000      0.0000     91.5267     60.0196      0.0000     -0.0004     -0.0004      0.0008
     37.9923   -118.5357      1.0807      0.8387      0.8318      0.0000      0.0000      0.0000     91.5057     60.0340      0.0000     -0.0004     -0.0004      0.0007
     37.9886   -118.5357      1.8014      0.8386      0.8318      0.0000      0.0000      0.0000     91.4803     60.0483      0.0000     -0.0004     -0.0004      0.0007
     37.9848   -118.5357      2.5221      0.8384      0.8318      0.0000      0.0000      0.0000     91.4506     60.0626      0.0000     -0.0003     -0.0004      0.0007
     37.9811   -118.5357      3.2429      0.8383      0.8318      0.0000      0.0000      0.0000     91.4166     60.0767      0.0000     -0.0003     -0.0004      0.0007
     37.9774   -118.5356      3.9638      0.8382      0.8318      0.0000      0.0000      0.0000     91.3783     60.0908      0.0000     -0.0003     -0.0003      0.0007
     37.9736   -118.5356      4.6849      0.8380      0.8318      0.0000      0.0000      0.0000     91.3357     60.1049      0.0000     -0.0003     -0.0003      0.0006
     37.9699   -118.5356      5.4060      0.8379      0.8318      0.0000      0.0000      0.0000     91.2888     60.1189      0.0000     -0.0003     -0.0003      0.0006
     37.9662   -118.5356      6.1273      0.8377      0.8318      0.0000      0.0000      0.0000     91.2376     60.1328      0.0000     -0.0003     -0.0003      0.0006
     37.9625   -118.5355      6.8486      0.8376      0.8318      0.0000      0.0000      0.0000     91.1820     60.1467      0.0000     -0.0003     -0.0003      0.0006
     37.9587   -118.5355      7.5701      0.8374      0.8318      0.0000      0.0000      0.0000     91.1221     60.1605      0.0000     -0.0002     -0.0003      0.0006
     37.9550   -118.5355      8.2917      0.8373      0.8318      0.0000      0.0000      0.0000     91.0578     60.1743      0.0000     -0.0002     -0.0003      0.0005
     37.9513   -118.5355      9.0133      0.8372      0.8318      0.0000      0.0000      0.0000     90.9892     60.1881      0.0000     -0.0002     -0.0003      0.0005
     37.9476   -118.5355      9.7351      0.8370      0.8318      0.0000      0.0000      0.0000     90.9162     60.2019      0.0000     -0.0002     -0.0003      0.0005
     37.9438   -118.5354     10.4570      0.8369      0.8318      0.0000      0.0000      0.0000     90.8389     60.2156      0.0000     -0.0002     -0.0003      0.0005
     37.9401   -118.5354     11.1790      0.8367      0.8318      0.0000      0.0000      0.0000     90.7573     60.2294      0.0000     -0.0001     -0.0003      0.0005
     37.9364   -118.5354     11.9010      0.8366      0.8318      0.0000      0.0000      0.0000     90.6712     60.2432      0.0000     -0.0001     -0.0003      0.0004
     37.9327   -118.5354     12.6232      0.8364      0.8318      0.0000      0.0000      0.0000     90.5808     60.2570      0.0000     -0.0001     -0.0003      0.0004
     37.9290   -118.5353     13.3455      0.8363      0.8318      0.0000      0.0000      0.0000     90.4861     60.2708      0.0000     -0.0001     -0.0003      0.0004
     37.9253   -118.5353     14.0679      0.8361      0.8319      0.0000      0.0000      0.0000     90.3869     60.2847      0.0000     -0.0001     -0.0003      0.0004
     37.9216   -118.5353     14.7904      0.8360      0.8319      0.0000      0.0000      0.0000     90.2834     60.2986      0.0000     -0.0000     -0.0003      0.0004
     37.9179   -118.5353     15.5130      0.8359      0.8319      0.0000      0.0000      0.0000     90.1755     60.3127      0.0000     -0.0000     -0.0003      0.0004
     37.9142   -118.5353     16.2357      0.8357      0.8319      0.0000      0.0000      0.0000     90.0632     60.3268      0.0000      0.0000     -0.0003      0.0004
     37.9105   -118.5352     16.9586      0.8356      0.8319      0.0000      0.0000      0.0000     89.9464     60.3410      0.0000      0.0000     -0.0003      0.0003
     37.9958   -118.5262      0.3601      0.8389      0.8312      0.0000      0.0000      0.0000     91.5262     60.0218      0.0000     -0.0004     -0.0005      0.0008
     37.9921   -118.5262      1.0801      0.8387      0.8313      0.0000      0.0000      0.0000     91.5039     60.0414      0.0000     -0.0004     -0.0004      0.0008
     37.9884   -118.5261      1.8004      0.8386      0.8313      0.0000      0.0000      0.0000     91.4772     60.0608      0.0000     -0.0004     -0.0004      0.0008
     37.9846   -118.5261      2.5208      0.8384      0.8313      0.0000      0.0000      0.0000     91.4458     60.0802      0.0000     -0.0004     -0.0004      0.0007
     37.9809   -118.5261      3.2413      0.8383      0.8313      0.0000      0.0000      0.0000     91.4099     60.0995      0.0000     -0.0004     -0.0004      0.0007
     37.9772   -118.5261      3.9620      0.8382      0.8313      0.0000      0.0000      0.0000     91.3695     60.1188      0.0000     -0.0004     -0.0004      0.0007
     37.9735   -118.5261      4.6828      0.8380      0.8313      0.0000      0.0000      0.0000     91.3245     60.1380      0.0000     -0.0003     -0.0003      0.0007
     37.9697   -118.5260      5.4037      0.8379      0.8313      0.0000      0.0000      0.0000     91.2749     60.1571      0.0000     -0.0003     -0.0003      0.0006
     37.9660   -118.5260      6.1248      0.8377      0.8313      0.0000      0.0000      0.0000     91.2208     60.1762      0.0000     -0.0003     -0.0003      0.0006
     37.9623   -118.5260      6.8461      0.8376      0.8313      0.0000      0.0000      0.0000     91.1620     60.1952      0.0000     -0.0003     -0.0003      0.0006
     37.9586   -118.5260      7.5675      0.8374      0.8313      0.0000      0.0000      0.0000     91.0987     60.2142      0.0000     -0.0003     -0.0003      0.0006
     37.9549   -118.5260      8.2890      0.8373      0.8313      0.0000      0.0000      0.0000     91.0308     60.2331      0.0000     -0.0002     -0.0003      0.0006
     37.9512   -118.5259      9.0107      0.8371      0.8313      0.0000      0.0000      0.0000     90.9583     60.2521      0.0000     -0.0002     -0.0003      0.0005
     37.9474   -118.5259      9.7325      0.8370      0.8313      0.0000      0.0000      0.0000     90.8811     60.2710      0.0000     -0.0002     -0.0003      0.0005
     37.9437   -118.5259     10.4544      0.8368      0.8313      0.0000      0.0000      0.0000     90.7994     60.2899      0.0000     -0.0002     -0.0003      0.0005
     37.9400   -118.5259     11.1765      0.8367      0.8313      0.0000      0.0000      0.0000     90.7130     60.3088      0.0000     -0.0001     -0.0003      0.0005
     37.9363   -118.5259     11.8988      0.8366      0.8313      0.0000      0.0000      0.0000     90.6221     60.3278      0.0000     -0.0001     -0.0003      0.0005
     37.9326   -118.5258     12.6211      0.8364      0.8313      0.0000      0.0000      0.0000     90.5264     60.3467      0.0000     -0.0001     -0.0003      0.0005
     37.9289   -118.5258     13.3437      0.8363      0.8313      0.0000      0.0000      0.0000     90.4262     60.3658      0.0000     -0.0001     -0.0003      0.0004
     37.9252   -118.5258     14.0663      0.8361      0.8313      0.0000      0.0000      0.0000     90.3213     60.3849      0.0000     -0.0000     -0.0003      0.0004
     37.9215   -118.5258     14.7891      0.8360      0.8313      0.0000      0.0000      0.0000     90.2118     60.4040      0.0000     -0.0000     -0.0003      0.0004
     37.9179   -118.5258     15.5120      0.8359      0.8313      0.0000      0.0000      0.0000     90.0976     60.4233      0.0000     -0.0000     -0.0003      0.0004
     37.9142   -118.5257     16.2351      0.8357      0.8313      0.0000      0.0000      0.0000     89.9787     60.4427      0.0000      0.0000     -0.0003      0.0004
     37.9105   -118.5257     16.9584      0.8356      0.8313      0.0000      0.0000      0.0000     89.8552     60.4622      0.0000      0.0000     -0.0003      0.0004
     37.9956   -118.5166      0.3599      0.8389      0.8307      0.0000      0.0000      0.0000     91.5262     60.0242      0.0000     -0.0004     -0.0005      0.0008
     37.9919   -118.5166      1.0795      0.8387      0.8307      0.0000      0.0000      0.0000     91.5041     60.0490      0.0000     -0.0004     -0.0005      0.0008
     37.9882   -118.5166      1.7994      0.8386      0.8307      0.0000      0.0000      0.0000     91.4775     60.0737      0.0000     -0.0004     -0.0004      0.0008
     37.9845   -118.5166      2.5194      0.8384      0.8307      0.0000      0.0000      0.0000     91.4463     60.0984      0.0000     -0.0004     -0.0004      0.0008
     37.9807   -118.5165      3.2396      0.8383      0.8308      0.0000      0.0000      0.0000     91.4106     60.1230      0.0000     -0.0004     -0.0004      0.0008
     37.9770   -118.5165      3.9601      0.8382      0.8308      0.0000      0.0000      0.0000     91.3703     60.1476      0.0000     -0.0004     -0.0004      0.0007
     37.9733   -118.5165      4.6806      0.8380      0.8308      0.0000      0.0000      0.0000     91.3255     60.1721      0.0000     -0.0004     -0.0004      0.0007
     37.9696   -118.5165      5.4014      0.8379      0.8308      0.0000      0.0000      0.0000     91.2761     60.1965      0.0000     -0.0003     -0.0004      0.0007
     37.9659   -118.5165      6.1224      0.8377      0.8308      0.0000      0.0000      0.0000     91.2222     60.2209      0.0000     -0.0003     -0.0003      0.0007
     37.9621   -118.5164      6.8435      0.8376      0.8308      0.0000      0.0000      0.0000     91.1637     60.2452      0.0000     -0.0003     -0.0003      0.0006
     37.9584   -118.5164      7.5648      0.8374      0.8308      0.0000      0.0000      0.0000     91.1006     60.2695      0.0000     -0.0003     -0.0003      0.0006
     37.9547   -118.5164      8.2863      0.8373      0.8308      0.0000      0.0000      0.0000     91.0329     60.2938      0.0000     -0.0002     -0.0003      0.0006
     37.9510   -118.5164      9.0080      0.8371      0.8308      0.0000      0.0000      0.0000     90.9607     60.3180      0.0000     -0.0002     -0.0003      0.0006
     37.9473   -118.5164      9.7298      0.8370      0.8308      0.0000      0.0000      0.0000     90.8838     60.3423      0.0000     -0.0002     -0.0003      0.0006
     37.9436   -118.5164     10.4518      0.8368      0.8308      0.0000      0.0000      0.0000     90.8024     60.3665      0.0000     -0.0002     -0.0003      0.0005
     37.9399   -118.5163     11.1740      0.8367      0.8308      0.0000      0.0000      0.0000     90.7163     60.3908      0.0000     -0.0001     -0.0003      0.0005
     37.9363   -118.5163     11.8964      0.8366      0.8308      0.0000      0.0000      0.0000     90.6256     60.4150      0.0000     -0.0001     -0.0003      0.0005
     37.9326   -118.5163     12.6190      0.8364      0.8308      0.0000      0.0000      0.0000     90.5302     60.4394      0.0000     -0.0001     -0.0003      0.0005
     37.9289   -118.5163     13.3417      0.8363      0.8308      0.0000      0.0000      0.0000     90.4303     60.4637      0.0000     -0.0001     -0.0003      0.0005
     37.9252   -118.5163     14.0647      0.8361      0.8308      0.0000      0.0000      0.0000     90.3257     60.4882      0.0000     -0.0000     -0.0003      0.0004
     37.9215   -118.5162     14.7878      0.8360      0.8308      0.0000      0.0000      0.0000     90.2164     60.5127      0.0000     -0.0000     -0.0003      0.0004
     37.9178   -118.5162     15.5110      0.8359      0.8308      0.0000      0.0000      0.0000     90.1025     60.5373      0.0000      0.0000     -0.0003      0.0004
     37.9142   -118.5162     16.2345      0.8357      0.8308      0.0000      0.0000      0.0000     89.9839     60.5621      0.0000      0.0000     -0.0003      0.0004
     37.9105   -118.5162     16.9581      0.8356      0.8308      0.0000      0.0000      0.0000     89.8607     60.5869      0.0000      0.0000     -0.0003      0.0004
     37.9954   -118.5070      0.3597      0.8389      0.8302      0.0000      0.0000      0.0000     91.5269     60.0264      0.0000     -0.0005     -0.0005      0.0009
     37.9917   -118.5070      1.0789      0.8387      0.8302      0.0000      0.0000      0.0000     91.5061     60.0564      0.0000     -0.0005     -0.0005      0.0009
     37.9880   -118.5070      1.7984      0.8386      0.8302      0.0000      0.0000      0.0000     91.4811     60.0862      0.0000     -0.0004     -0.0005      0.0009
     37.9843   -118.5070      2.5181      0.8384      0.8302      0.0000      0.0000      0.0000     91.4519     60.1161      0.0000     -0.0004     -0.0004      0.0008
     37.9805   -118.5070      3.2380      0.8383      0.8302      0.0000      0.0000      0.0000     91.4184     60.1458      0.0000     -0.0004     -0.0004      0.0008
     37.9768   -118.5070      3.9582      0.8382      0.8303      0.0000      0.0000      0.0000     91.3806     60.1755      0.0000     -0.0004     -0.0004      0.0008
     37.9731   -118.5069      4.6786      0.8380      0.8303      0.0000      0.0000      0.0000     91.3385     60.2052      0.0000     -0.0004     -0.0004      0.0007
     37.9694   -118.5069      5.3992      0.8379      0.8303      0.0000      0.0000      0.0000     91.2922     60.2348      0.0000     -0.0004     -0.0004      0.0007
     37.9657   -118.5069      6.1200      0.8377      0.8303      0.0000      0.0000      0.0000     91.2415     60.2643      0.0000     -0.0003     -0.0004      0.0007
     37.9620   -118.5069      6.8410      0.8376      0.8303      0.0000      0.0000      0.0000     91.1866     60.2938      0.0000     -0.0003     -0.0003      0.0007
     37.9583   -118.5069      7.5622      0.8374      0.8303      0.0000      0.0000      0.0000     91.1273     60.3233      0.0000     -0.0003     -0.0003      0.0006
     37.9546   -118.5069      8.2837      0.8373      0.8303      0.0000      0.0000      0.0000     91.0637     60.3528      0.0000     -0.0003     -0.0003      0.0006
     37.9509   -118.5068      9.0053      0.8371      0.8303      0.0000      0.0000      0.0000     90.9958     60.3822      0.0000     -0.0002     -0.0003      0.0006
     37.9472   -118.5068      9.7272      0.8370      0.8303      0.0000      0.0000      0.0000     90.9236     60.4117      0.0000     -0.0002     -0.0003      0.0006
     37.9435   -118.5068     10.4493      0.8369      0.8303      0.0000      0.0000      0.0000     90.8470     60.4411      0.0000     -0.0002     -0.0003      0.0006
     37.9398   -118.5068     11.1716      0.8367      0.8303      0.0000      0.0000      0.0000     90.7661     60.4705      0.0000     -0.0001     -0.0003      0.0005
     37.9362   -118.5068     11.8942      0.8366      0.8303      0.0000      0.0000      0.0000     90.6809     60.5000      0.0000     -0.0001     -0.0003      0.0005
     37.9325   -118.5068     12.6169      0.8364      0.8303      0.0000      0.0000      0.0000     90.5912     60.5295      0.0000     -0.0001     -0.0003      0.0005
     37.9288   -118.5067     13.3399      0.8363      0.8303      0.0000      0.0000      0.0000     90.4972     60.5591      0.0000     -0.0001     -0.0003      0.0005
     37.9251   -118.5067     14.0631      0.8361      0.8303      0.0000      0.0000      0.0000     90.3988     60.5887      0.0000     -0.0000     -0.0003      0.0005
     37.9215   -118.5067     14.7865      0.8360      0.8303      0.0000      0.0000      0.0000     90.2961     60.6184      0.0000     -0.0000     -0.0003      0.0004
     37.9178   -118.5067     15.5101      0.8359      0.8303      0.0000      0.0000      0.0000     90.1889     60.6481      0.0000      0.0000     -0.0003      0.0004
     37.9142   -118.5067     16.2339      0.8357      0.8303      0.0000      0.0000      0.0000     90.0774     60.6780      0.0000      0.0000     -0.0003      0.0004
     37.9105   -118.5067     16.9579      0.8356      0.8303      0.0000      0.0000      0.0000     89.9615     60.7080      0.0000      0.0001     -0.0003      0.0004
     37.9952   -118.4975      0.3595      0.8389      0.8297      0.0000      0.0000      0.0000     91.5263     60.0286      0.0000     -0.0005     -0.0005      0.0010
     37.9915   -118.4975      1.0783      0.8387      0.8297      0.0000      0.0000      0.0000     91.5045     60.0637      0.0000     -0.0005     -0.0005      0.0009
     37.9878   -118.4974      1.7974      0.8386      0.8297      0.0000      0.0000      0.0000     91.4781     60.0987      0.0000     -0.0005     -0.0005      0.0009
     37.9841   -118.4974      2.5168      0.8384      0.8297      0.0000      0.0000      0.0000     91.4472     60.1336      0.0000     -0.0005     -0.0005      0.0009
     37.9804   -118.4974      3.2365      0.8383      0.8297      0.0000      0.0000      0.0000     91.4118     60.1685      0.0000     -0.0005     -0.0004      0.0008
     37.9766   -118.4974      3.9564      0.8382      0.8298      0.0000      0.0000      0.0000     91.3719     60.2033      0.0000     -0.0004     -0.0004      0.0008
     37.9729   -118.4974      4.6765      0.8380      0.8298      0.0000      0.0000      0.0000     91.3274     60.2380      0.0000     -0.0004     -0.0004      0.0008
     37.9692   -118.4974      5.3969      0.8379      0.8298      0.0000      0.0000      0.0000     91.2785     60.2727      0.0000     -0.0004     -0.0004      0.0008
     37.9655   -118.4974      6.1176      0.8377      0.8298      0.0000      0.0000      0.0000     91.2250     60.3074      0.0000     -0.0004     -0.0004      0.0007
     37.9618   -118.4973      6.8385      0.8376      0.8298      0.0000      0.0000      0.0000     91.1669     60.3420      0.0000     -0.0003     -0.0004      0.0007
     37.9581   -118.4973      7.5597      0.8374      0.8298      0.0000      0.0000      0.0000     91.1043     60.3766      0.0000     -0.0003     -0.0004      0.0007
     37.9545   -118.4973      8.2811      0.8373      0.8298      0.0000      0.0000      0.0000     91.0371     60.4112      0.0000     -0.0003     -0.0004      0.0007
     37.9508   -118.4973      9.0027      0.8371      0.8298      0.0000      0.0000      0.0000     90.9653     60.4458      0.0000     -0.0002     -0.0003      0.0006
     37.9471   -118.4973      9.7247      0.8370      0.8298      0.0000      0.0000      0.0000     90.8890     60.4803      0.0000     -0.0002     -0.0003      0.0006
     37.9434   -118.4973     10.4468      0.8368      0.8298      0.0000      0.0000      0.0000     90.8080     60.5149      0.0000     -0.0002     -0.0003      0.0006
     37.9397   -118.4973     11.1693      0.8367      0.8298      0.0000      0.0000      0.0000     90.7225     60.5495      0.0000     -0.0001     -0.0003      0.0006
     37.9361   -118.4972     11.8920      0.8365      0.8298      0.0000      0.0000      0.0000     90.6323     60.5841      0.0000     -0.0001     -0.0003      0.0005
     37.9324   -118.4972     12.6149      0.8364      0.8298      0.0000      0.0000      0.0000     90.5375     60.6188      0.0000     -0.0001     -0.0003      0.0005
     37.9288   -118.4972     13.3381      0.8363      0.8298      0.0000      0.0000      0.0000     90.4381     60.6536      0.0000     -0.0001     -0.0003      0.0005
     37.9251   -118.4972     14.0615      0.8361      0.8298      0.0000      0.0000      0.0000     90.3340     60.6884      0.0000     -0.0000     -0.0003      0.0005
     37.9214   -118.4972     14.7852      0.8360      0.8298      0.0000      0.0000      0.0000     90.2253     60.7233      0.0000      0.0000     -0.0003      0.0005
     37.9178   -118.4972     15.5091      0.8358      0.8298      0.0000      0.0000      0.0000     90.1120     60.7583      0.0000      0.0000     -0.0003      0.0004
     37.9142   -118.4972     16.2333      0.8357      0.8298      0.0000      0.0000      0.0000     89.9939     60.7934      0.0000      0.0001     -0.0003      0.0004
     37.9105   -118.4971     16.9577      0.8356      0.8298      0.0000      0.0000      0.0000     89.8712     60.8287      0.0000      0.0001     -0.0003      0.0004
     37.9950   -118.4879      0.3592      0.8389      0.8292      0.0000      0.0000      0.0000     91.5264     60.0310      0.0000     -0.0005     -0.0006      0.0010
     37.9913   -118.4879      1.0776      0.8387      0.8292      0.0000      0.0000      0.0000     91.5046     60.0713      0.0000     -0.0005     -0.0006      0.0010
     37.9876   -118.4879      1.7964      0.8386      0.8292      0.0000      0.0000      0.0000     91.4784     60.1115      0.0000     -0.0005     -0.0005      0.0010
     37.9839   -118.4879      2.5155      0.8384      0.8292      0.0000      0.0000      0.0000     91.4476     60.1517      0.0000     -0.0005     -0.0005      0.0009
     37.9802   -118.4878      3.2348      0.8383      0.8292      0.0000      0.0000      0.0000     91.4124     60.1918      0.0000     -0.0005     -0.0005      0.0009
     37.9765   -118.4878      3.9545      0.8382      0.8292      0.0000      0.0000      0.0000     91.3727     60.2318      0.0000     -0.0005     -0.0005      0.0009
     37.9728   -118.4878      4.6744      0.8380      0.8292      0.0000      0.0000      0.0000     91.3284     60.2719      0.0000     -0.0004     -0.0004      0.0008
     37.9691   -118.4878      5.3946      0.8379      0.8293      0.0000      0.0000      0.0000     91.2797     60.3118      0.0000     -0.0004     -0.0004      0.0008
     37.9654   -118.4878      6.1151      0.8377      0.8293      0.0000      0.0000      0.0000     91.2264     60.3518      0.0000     -0.0004     -0.0004      0.0008
     37.9617   -118.4878      6.8359      0.8376      0.8293      0.0000      0.0000      0.0000     91.1686     60.3917      0.0000     -0.0003     -0.0004      0.0007
     37.9580   -118.4878      7.5570      0.8374      0.8293      0.0000      0.0000      0.0000     91.1062     60.4316      0.0000     -0.0003     -0.0004      0.0007
     37.9543   -118.4878      8.2784      0.8373      0.8293      0.0000      0.0000      0.0000     91.0392     60.4714      0.0000     -0.0003     -0.0004      0.0007
     37.9506   -118.4877      9.0001      0.8371      0.8293      0.0000      0.0000      0.0000     90.9677     60.5113      0.0000     -0.0002     -0.0004      0.0007
     37.9470   -118.4877      9.7221      0.8370      0.8293      0.0000      0.0000      0.0000     90.8916     60.5512      0.0000     -0.0002     -0.0004      0.0006
     37.9433   -118.4877     10.4443      0.8368      0.8293      0.0000      0.0000      0.0000     90.8109     60.5911      0.0000     -0.0002     -0.0004      0.0006
     37.9397   -118.4877     11.1668      0.8367      0.8293      0.0000      0.0000      0.0000     90.7256     60.6310      0.0000     -0.0001     -0.0004      0.0006
     37.9360   -118.4877     11.8897      0.8365      0.8293      0.0000      0.0000      0.0000     90.6357     60.6709      0.0000     -0.0001     -0.0004      0.0006
     37.9323   -118.4877     12.6128      0.8364      0.8293      0.0000      0.0000      0.0000     90.5412     60.7109      0.0000     -0.0001     -0.0004      0.0005
     37.9287   -118.4877     13.3362      0.8363      0.8293      0.0000      0.0000      0.0000     90.4421     60.7510      0.0000     -0.0000     -0.0004      0.0005
     37.9251   -118.4877     14.0599      0.8361      0.8293      0.0000      0.0000      0.0000     90.3383     60.7912      0.0000     -0.0000     -0.0004      0.0005
     37.9214   -118.4877     14.7839      0.8360      0.8293      0.0000      0.0000      0.0000     90.2299     60.8314      0.0000      0.0000     -0.0004      0.0005
     37.9178   -118.4876     15.5081      0.8358      0.8293      0.0000      0.0000      0.0000     90.1168     60.8717      0.0000      0.0000     -0.0004      0.0005
     37.9142   -118.4876     16.2327      0.8357      0.8293      0.0000      0.0000      0.0000     89.9991     60.9122      0.0000      0.0001     -0.0004      0.0004
     37.9105   -118.4876     16.9575      0.8356      0.8293      0.0000      0.0000      0.0000     89.8767     60.9528      0.0000      0.0001     -0.0004      0.0004
     37.9948   -118.4783      0.3590      0.8389      0.8287      0.0000      0.0000      0.0000     91.5265     60.0333      0.0000     -0.0006     -0.0006      0.0011
     37.9911   -118.4783      1.0770      0.8387      0.8287      0.0000      0.0000      0.0000     91.5048     60.0788      0.0000     -0.0006     -0.0006      0.0011
     37.9874   -118.4783      1.7954      0.8386      0.8287      0.0000      0.0000      0.0000     91.4787     60.1242      0.0000     -0.0006     -0.0006      0.0010
     37.9837   -118.4783      2.5142      0.8384      0.8287      0.0000      0.0000      0.0000     91.4481     60.1697      0.0000     -0.0005     -0.0005      0.0010
     37.9800   -118.4783      3.2332      0.8383      0.8287      0.0000      0.0000      0.0000     91.4130     60.2150      0.0000     -0.0005     -0.0005      0.0010
     37.9763   -118.4783      3.9526      0.8382      0.8287      0.0000      0.0000      0.0000     91.3735     60.2603      0.0000     -0.0005     -0.0005      0.0009
     37.9726   -118.4783      4.6723      0.8380      0.8287      0.0000      0.0000      0.0000     91.3294     60.3056      0.0000     -0.0005     -0.0005      0.0009
     37.9689   -118.4783      5.3923      0.8379      0.8287      0.0000      0.0000      0.0000     91.2809     60.3508      0.0000     -0.0004     -0.0004      0.0009
     37.9652   -118.4782      6.1127      0.8377      0.8287      0.0000      0.0000      0.0000     91.2278     60.3961      0.0000     -0.0004     -0.0004      0.0008
     37.9615   -118.4782      6.8334      0.8376      0.8287      0.0000      0.0000      0.0000     91.1702     60.4412      0.0000     -0.0004     -0.0004      0.0008
     37.9579   -118.4782      7.5544      0.8374      0.8288      0.0000      0.0000      0.0000     91.1080     60.4864      0.0000     -0.0003     -0.0004      0.0008
     37.9542   -118.4782      8.2758      0.8373      0.8288      0.0000      0.0000      0.0000     91.0413     60.5316      0.0000     -0.0003     -0.0004      0.0007
     37.9505   -118.4782      8.9975      0.8371      0.8288      0.0000      0.0000      0.0000     90.9701     60.5767      0.0000     -0.0003     -0.0004      0.0007
     37.9469   -118.4782      9.7195      0.8370      0.8288      0.0000      0.0000      0.0000     90.8942     60.6219      0.0000     -0.0002     -0.0004      0.0007
     37.9432   -118.4782     10.4418      0.8368      0.8288      0.0000      0.0000      0.0000     90.8138     60.6671      0.0000     -0.0002     -0.0004      0.0006
     37.9396   -118.4782     11.1644      0.8367      0.8288      0.0000      0.0000      0.0000     90.7288     60.7123      0.0000     -0.0001     -0.0004      0.0006
     37.9359   -118.4782     11.8874      0.8365      0.8288      0.0000      0.0000      0.0000     90.6392     60.7576      0.0000     -0.0001     -0.0004      0.0006
     37.9323   -118.4782     12.6107      0.8364      0.8288      0.0000      0.0000      0.0000     90.5449     60.8029      0.0000     -0.0001     -0.0004      0.0006
     37.9286   -118.4781     13.3343      0.8363      0.8288      0.0000      0.0000      0.0000     90.4461     60.8483      0.0000     -0.0000     -0.0004      0.0005
     37.9250   -118.4781     14.0583      0.8361      0.8288      0.0000      0.0000      0.0000     90.3426     60.8937      0.0000     -0.0000     -0.0004      0.0005
     37.9214   -118.4781     14.7825      0.8360      0.8288      0.0000      0.0000      0.0000     90.2344     60.9393      0.0000      0.0000     -0.0004      0.0005
     37.9178   -118.4781     15.5071      0.8358      0.8288      0.0000      0.0000      0.0000     90.1216     60.9850      0.0000      0.0001     -0.0004      0.0005
     37.9142   -118.4781     16.2321      0.8357      0.8288      0.0000      0.0000      0.0000     90.0042     61.0308      0.0000      0.0001     -0.0004      0.0005
     37.9105   -118.4781     16.9573      0.8356      0.8288      0.0000      0.0000      0.0000     89.8821     61.0768      0.0000      0.0001     -0.0004      0.0004
     37.9946   -118.4688      0.3588      0.8389      0.8282      0.0000      0.0000      0.0000     91.5265     60.0356      0.0000     -0.0006     -0.0007      0.0012
     37.9909   -118.4688      1.0764      0.8387      0.8282      0.0000      0.0000      0.0000     91.5050     60.0863      0.0000     -0.0006     -0.0006      0.0011
     37.9872   -118.4687      1.7944      0.8386      0.8282      0.0000      0.0000      0.0000     91.4790     60.1370      0.0000     -0.0006     -0.0006      0.0011
     37.9835   -118.4687      2.5128      0.8384      0.8282      0.0000      0.0000      0.0000     91.4485     60.1876      0.0000     -0.0006     -0.0006      0.0010
     37.9798   -118.4687      3.2316      0.8383      0.8282      0.0000      0.0000      0.0000     91.4136     60.2382      0.0000     -0.0006     -0.0005      0.0010
     37.9761   -118.4687      3.9507      0.8382      0.8282      0.0000      0.0000      0.0000     91.3743     60.2888      0.0000     -0.0005     -0.0005      0.0010
     37.9724   -118.4687      4.6702      0.8380      0.8282      0.0000      0.0000      0.0000     91.3304     60.3393      0.0000     -0.0005     -0.0005      0.0009
     37.9687   -118.4687      5.3901      0.8379      0.8282      0.0000      0.0000      0.0000     91.2821     60.3898      0.0000     -0.0005     -0.0005      0.0009
     37.9650   -118.4687      6.1103      0.8377      0.8282      0.0000      0.0000      0.0000     91.2292     60.4402      0.0000     -0.0004     -0.0005      0.0009
     37.9614   -118.4687      6.8309      0.8376      0.8282      0.0000      0.0000      0.0000     91.1718     60.4907      0.0000     -0.0004     -0.0004      0.0008
     37.9577   -118.4687      7.5518      0.8374      0.8282      0.0000      0.0000      0.0000     91.1099     60.5411      0.0000     -0.0004     -0.0004      0.0008
     37.9540   -118.4687      8.2732      0.8373      0.8282      0.0000      0.0000      0.0000     91.0434     60.5915      0.0000     -0.0003     -0.0004      0.0008
     37.9504   -118.4687      8.9948      0.8371      0.8283      0.0000      0.0000      0.0000     90.9724     60.6420      0.0000     -0.0003     -0.0004      0.0007
     37.9467   -118.4686      9.7169      0.8370      0.8283      0.0000      0.0000      0.0000     90.8968     60.6924      0.0000     -0.0002     -0.0004      0.0007
     37.9431   -118.4686     10.4393      0.8368      0.8283      0.0000      0.0000      0.0000     90.8167     60.7429      0.0000     -0.0002     -0.0004      0.0007
     37.9395   -118.4686     11.1620      0.8367      0.8283      0.0000      0.0000      0.0000     90.7319     60.7934      0.0000     -0.0001     -0.0004      0.0006
     37.9358   -118.4686     11.8852      0.8365      0.8283      0.0000      0.0000      0.0000     90.6426     60.8440      0.0000     -0.0001     -0.0004      0.0006
     37.9322   -118.4686     12.6086      0.8364      0.8283      0.0000      0.0000      0.0000     90.5486     60.8946      0.0000     -0.0001     -0.0004      0.0006
     37.9286   -118.4686     13.3325      0.8363      0.8283      0.0000      0.0000      0.0000     90.4501     60.9453      0.0000     -0.0000     -0.0004      0.0006
     37.9250   -118.4686     14.0567      0.8361      0.8283      0.0000      0.0000      0.0000     90.3468     60.9961      0.0000      0.0000     -0.0004      0.0005
     37.9214   -118.4686     14.7813      0.8360      0.8283      0.0000      0.0000      0.0000     90.2390     61.0470      0.0000      0.0000     -0.0004      0.0005
     37.9178   -118.4686     15.5062      0.8358      0.8283      0.0000      0.0000      0.0000     90.1265     61.0980      0.0000      0.0001     -0.0004      0.0005
     37.9142   -118.4686     16.2315      0.8357      0.8283      0.0000      0.0000      0.0000     90.0093     61.1492      0.0000      0.0001     -0.0004      0.0005
     37.9106   -118.4686     16.9571      0.8356      0.8283      0.0000      0.0000      0.0000     89.8874     61.2005      0.0000      0.0001     -0.0004      0.0005
     37.9944   -118.4592      0.3586      0.8389      0.8277      0.0000      0.0000      0.0000     91.5263     60.0379      0.0000     -0.0007     -0.0007      0.0012
     37.9907   -118.4592      1.0758      0.8387      0.8277      0.0000      0.0000      0.0000     91.5042     60.0939      0.0000     -0.0007     -0.0007      0.0012
     37.9870   -118.4592      1.7934      0.8386      0.8277      0.0000      0.0000      0.0000     91.4776     60.1499      0.0000     -0.0007     -0.0006      0.0012
     37.9833   -118.4592      2.5115      0.8384      0.8277      0.0000      0.0000      0.0000     91.4465     60.2058      0.0000     -0.0006     -0.0006      0.0011
     37.9796   -118.4592      3.2300      0.8383      0.8277      0.0000      0.0000      0.0000     91.4108     60.2617      0.0000     -0.0006     -0.0006      0.0011
     37.9759   -118.4592      3.9489      0.8382      0.8277      0.0000      0.0000      0.0000     91.3705     60.3175      0.0000     -0.0006     -0.0005      0.0010
     37.9722   -118.4592      4.6681      0.8380      0.8277      0.0000      0.0000      0.0000     91.3256     60.3733      0.0000     -0.0005     -0.0005      0.0010
     37.9686   -118.4591      5.3878      0.8379      0.8277      0.0000      0.0000      0.0000     91.2760     60.4291      0.0000     -0.0005     -0.0005      0.0010
     37.9649   -118.4591      6.1079      0.8377      0.8277      0.0000      0.0000      0.0000     91.2219     60.4849      0.0000     -0.0005     -0.0005      0.0009
     37.9612   -118.4591      6.8284      0.8376      0.8277      0.0000      0.0000      0.0000     91.1631     60.5406      0.0000     -0.0004     -0.0005      0.0009
     37.9576   -118.4591      7.5492      0.8374      0.8277      0.0000      0.0000      0.0000     91.0997     60.5964      0.0000     -0.0004     -0.0005      0.0008
     37.9539   -118.4591      8.2705      0.8373      0.8277      0.0000      0.0000      0.0000     91.0316     60.6521      0.0000     -0.0003     -0.0005      0.0008
     37.9503   -118.4591      8.9922      0.8371      0.8277      0.0000      0.0000      0.0000     90.9588     60.7079      0.0000     -0.0003     -0.0005      0.0008
     37.9466   -118.4591      9.7143      0.8370      0.8277      0.0000      0.0000      0.0000     90.8813     60.7637      0.0000     -0.0002     -0.0004      0.0007
     37.9430   -118.4591     10.4367      0.8368      0.8277      0.0000      0.0000      0.0000     90.7991     60.8196      0.0000     -0.0002     -0.0004      0.0007
     37.9394   -118.4591     11.1596      0.8367      0.8277      0.0000      0.0000      0.0000     90.7123     60.8754      0.0000     -0.0001     -0.0004      0.0007
     37.9357   -118.4591     11.8829      0.8365      0.8277      0.0000      0.0000      0.0000     90.6207     60.9314      0.0000     -0.0001     -0.0005      0.0006
     37.9321   -118.4591     12.6066      0.8364      0.8277      0.0000      0.0000      0.0000     90.5243     60.9874      0.0000     -0.0000     -0.0005      0.0006
     37.9285   -118.4591     13.3306      0.8363      0.8278      0.0000      0.0000      0.0000     90.4232     61.0435      0.0000     -0.0000     -0.0005      0.0006
     37.9249   -118.4591     14.0551      0.8361      0.8278      0.0000      0.0000      0.0000     90.3173     61.0997      0.0000      0.0000     -0.0005      0.0006
     37.9213   -118.4591     14.7799      0.8360      0.8278      0.0000      0.0000      0.0000     90.2067     61.1560      0.0000      0.0001     -0.0005      0.0005
     37.9177   -118.4591     15.5052      0.8358      0.8278      0.0000      0.0000      0.0000     90.0913     61.2124      0.0000      0.0001     -0.0005      0.0005
     37.9142   -118.4590     16.2308      0.8357      0.8278      0.0000      0.0000      0.0000     89.9711     61.2690      0.0000      0.0001     -0.0005      0.0005
     37.9106   -118.4590     16.9569      0.8356      0.8277      0.0000      0.0000      0.0000     89.8460     61.3258      0.0000      0.0002     -0.0005      0.0005
     37.9942   -118.4496      0.3584      0.8389      0.8272      0.0000      0.0000      0.0000     91.5266     60.0403      0.0000     -0.0008     -0.0008      0.0013
     37.9905   -118.4496      1.0752      0.8387      0.8272      0.0000      0.0000      0.0000     91.5053     60.1015      0.0000     -0.0007     -0.0007      0.0013
     37.9868   -118.4496      1.7925      0.8386      0.8272      0.0000      0.0000      0.0000     91.4796     60.1627      0.0000     -0.0007     -0.0007      0.0012
     37.9831   -118.4496      2.5102      0.8384      0.8272      0.0000      0.0000      0.0000     91.4494     60.2239      0.0000     -0.0007     -0.0006      0.0012
     37.9794   -118.4496      3.2284      0.8383      0.8272      0.0000      0.0000      0.0000     91.4149     60.2851      0.0000     -0.0007     -0.0006      0.0011
     37.9757   -118.4496      3.9470      0.8382      0.8272      0.0000      0.0000      0.0000     91.3759     60.3462      0.0000     -0.0006     -0.0006      0.0011
     37.9721   -118.4496      4.6660      0.8380      0.8272      0.0000      0.0000      0.0000     91.3324     60.4073      0.0000     -0.0006     -0.0006      0.0011
     37.9684   -118.4496      5.3855      0.8379      0.8272      0.0000      0.0000      0.0000     91.2845     60.4684      0.0000     -0.0005     -0.0005      0.0010
     37.9647   -118.4496      6.1055      0.8377      0.8272      0.0000      0.0000      0.0000     91.2320     60.5295      0.0000     -0.0005     -0.0005      0.0010
     37.9611   -118.4496      6.8258      0.8376      0.8272      0.0000      0.0000      0.0000     91.1751     60.5906      0.0000     -0.0004     -0.0005      0.0009
     37.9574   -118.4496      7.5467      0.8374      0.8272      0.0000      0.0000      0.0000     91.1136     60.6517      0.0000     -0.0004     -0.0005      0.0009
     37.9538   -118.4496      8.2679      0.8373      0.8272      0.0000      0.0000      0.0000     91.0477     60.7128      0.0000     -0.0003     -0.0005      0.0008
     37.9501   -118.4496      8.9896      0.8371      0.8272      0.0000      0.0000      0.0000     90.9772     60.7739      0.0000     -0.0003     -0.0005      0.0008
     37.9465   -118.4496      9.7117      0.8370      0.8272      0.0000      0.0000      0.0000     90.9021     60.8351      0.0000     -0.0002     -0.0005      0.0008
     37.9429   -118.4496     10.4342      0.8368      0.8272      0.0000      0.0000      0.0000     90.8225     60.8963      0.0000     -0.0002     -0.0005      0.0007
     37.9393   -118.4496     11.1572      0.8367      0.8272      0.0000      0.0000      0.0000     90.7383     60.9575      0.0000     -0.0001     -0.0005      0.0007
     37.9357   -118.4495     11.8806      0.8365      0.8272      0.0000      0.0000      0.0000     90.6495     61.0188      0.0000     -0.0001     -0.0005      0.0007
     37.9321   -118.4495     12.6045      0.8364      0.8272      0.0000      0.0000      0.0000     90.5561     61.0802      0.0000     -0.0000     -0.0005      0.0006
     37.9285   -118.4495     13.3288      0.8363      0.8272      0.0000      0.0000      0.0000     90.4581     61.1417      0.0000      0.0000     -0.0005      0.0006
     37.9249   -118.4495     14.0535      0.8361      0.8272      0.0000      0.0000      0.0000     90.3554     61.2033      0.0000      0.0001     -0.0005      0.0006
     37.9213   -118.4495     14.7786      0.8360      0.8272      0.0000      0.0000      0.0000     90.2481     61.2649      0.0000      0.0001     -0.0005      0.0006
     37.9177   -118.4495     15.5042      0.8358      0.8272      0.0000      0.0000      0.0000     90.1362     61.3268      0.0000      0.0001     -0.0005      0.0005
     37.9142   -118.4495     16.2302      0.8357      0.8272      0.0000      0.0000      0.0000     90.0196     61.3887      0.0000      0.0002     -0.0005      0.0005
     37.9106   -118.4495     16.9567      0.8356      0.8272      0.0000      0.0000      0.0000     89.8983     61.4508      0.0000      0.0002     -0.0005      0.0005
     37.9940   -118.4401      0.3582      0.8389      0.8267      0.0000      0.0000      0.0000     91.5265     60.0426      0.0000     -0.0008     -0.0008      0.0014
     37.9903   -118.4400      1.0746      0.8387      0.8267      0.0000      0.0000      0.0000     91.5050     60.1090      0.0000     -0.0008     -0.0008      0.0014
     37.9866   -118.4400      1.7915      0.8386      0.8267      0.0000      0.0000      0.0000     91.4791     60.1755      0.0000     -0.0008     -0.0007      0.0013
     37.9829   -118.4400      2.5089      0.8384      0.8267      0.0000      0.0000      0.0000     91.4487     60.2419      0.0000     -0.0008     -0.0007      0.0013
     37.9792   -118.4400      3.2268      0.8383      0.8267      0.0000      0.0000      0.0000     91.4138     60.3083      0.0000     -0.0007     -0.0006      0.0012
     37.9756   -118.4400      3.9452      0.8382      0.8267      0.0000      0.0000      0.0000     91.3744     60.3746      0.0000     -0.0007     -0.0006      0.0012
     37.9719   -118.4400      4.6640      0.8380      0.8267      0.0000      0.0000      0.0000     91.3305     60.4410      0.0000     -0.0006     -0.0006      0.0011
     37.9682   -118.4400      5.3833      0.8379      0.8267      0.0000      0.0000      0.0000     91.2820     60.5073      0.0000     -0.0006     -0.0006      0.0011
     37.9646   -118.4400      6.1031      0.8377      0.8267      0.0000      0.0000      0.0000     91.2291     60.5737      0.0000     -0.0005     -0.0006      0.0010
     37.9609   -118.4400      6.8234      0.8376      0.8267      0.0000      0.0000      0.0000     91.1716     60.6400      0.0000     -0.0005     -0.0005      0.0010
     37.9573   -118.4400      7.5441      0.8374      0.8267      0.0000      0.0000      0.0000     91.1095     60.7064      0.0000     -0.0004     -0.0005      0.0009
     37.9536   -118.4400      8.2653      0.8373      0.8267      0.0000      0.0000      0.0000     91.0428     60.7728      0.0000     -0.0003     -0.0005      0.0009
     37.9500   -118.4400      8.9870      0.8371      0.8267      0.0000      0.0000      0.0000     90.9716     60.8392      0.0000     -0.0003     -0.0005      0.0009
     37.9464   -118.4400      9.7091      0.8370      0.8267      0.0000      0.0000      0.0000     90.8957     60.9056      0.0000     -0.0002     -0.0005      0.0008
     37.9428   -118.4400     10.4318      0.8368      0.8267      0.0000      0.0000      0.0000     90.8152     60.9721      0.0000     -0.0002     -0.0005      0.0008
     37.9392   -118.4400     11.1549      0.8367      0.8267      0.0000      0.0000      0.0000     90.7301     61.0387      0.0000     -0.0001     -0.0005      0.0007
     37.9356   -118.4400     11.8784      0.8365      0.8267      0.0000      0.0000      0.0000     90.6403     61.1053      0.0000     -0.0001     -0.0005      0.0007
     37.9320   -118.4400     12.6025      0.8364      0.8267      0.0000      0.0000      0.0000     90.5458     61.1720      0.0000     -0.0000     -0.0005      0.0007
     37.9284   -118.4400     13.3270      0.8362      0.8267      0.0000      0.0000      0.0000     90.4467     61.2388      0.0000      0.0000     -0.0006      0.0006
     37.9248   -118.4400     14.0519      0.8361      0.8267      0.0000      0.0000      0.0000     90.3429     61.3058      0.0000      0.0001     -0.0006      0.0006
     37.9213   -118.4400     14.7774      0.8360      0.8267      0.0000      0.0000      0.0000     90.2343     61.3728      0.0000      0.0001     -0.0006      0.0006
     37.9177   -118.4400     15.5033      0.8358      0.8267      0.0000      0.0000      0.0000     90.1211     61.4400      0.0000      0.0002     -0.0006      0.0006
     37.9142   -118.4400     16.2296      0.8357      0.8267      0.0000      0.0000      0.0000     90.0031     61.5073      0.0000      0.0002     -0.0006      0.0005
     37.9106   -118.4400     16.9565      0.8356      0.8267      0.0000      0.0000      0.0000     89.8804     61.5748      0.0000      0.0002     -0.0006      0.0005
     37.9938   -118.4305      0.3580      0.8389      0.8262      0.0000      0.0000      0.0000     91.5266     60.0449      0.0000     -0.0009     -0.0009      0.0015
     37.9901   -118.4305      1.0739      0.8387      0.8262      0.0000      0.0000      0.0000     91.5052     60.1166      0.0000     -0.0009     -0.0008      0.0015
     37.9864   -118.4305      1.7905      0.8386      0.8262      0.0000      0.0000      0.0000     91.4794     60.1882      0.0000     -0.0009     -0.0008      0.0014
     37.9827   -118.4305      2.5076      0.8384      0.8262      0.0000      0.0000      0.0000     91.4491     60.2599      0.0000     -0.0008     -0.0007      0.0014
     37.9790   -118.4305      3.2252      0.8383      0.8262      0.0000      0.0000      0.0000     91.4144     60.3315      0.0000     -0.0008     -0.0007      0.0013
     37.9754   -118.4305      3.9433      0.8382      0.8262      0.0000      0.0000      0.0000     91.3752     60.4032      0.0000     -0.0007     -0.0007      0.0012
     37.9717   -118.4305      4.6619      0.8380      0.8262      0.0000      0.0000      0.0000     91.3315     60.4748      0.0000     -0.0007     -0.0006      0.0012
     37.9680   -118.4305      5.3811      0.8379      0.8262      0.0000      0.0000      0.0000     91.2832     60.5464      0.0000     -0.0006     -0.0006      0.0011
     37.9644   -118.4305      6.1007      0.8377      0.8262      0.0000      0.0000      0.0000     91.2305     60.6181      0.0000     -0.0006     -0.0006      0.0011
     37.9608   -118.4305      6.8209      0.8376      0.8262      0.0000      0.0000      0.0000     91.1732     60.6897      0.0000     -0.0005     -0.0006      0.0010
     37.9571   -118.4305      7.5415      0.8374      0.8262      0.0000      0.0000      0.0000     91.1114     60.7614      0.0000     -0.0004     -0.0006      0.0010
     37.9535   -118.4305      8.2627      0.8373      0.8262      0.0000      0.0000      0.0000     91.0449     60.8331      0.0000     -0.0004     -0.0006      0.0009
     37.9499   -118.4305      8.9844      0.8371      0.8262      0.0000      0.0000      0.0000     90.9739     60.9048      0.0000     -0.0003     -0.0006      0.0009
     37.9463   -118.4305      9.7066      0.8370      0.8262      0.0000      0.0000      0.0000     90.8983     60.9766      0.0000     -0.0002     -0.0006      0.0009
     37.9427   -118.4305     10.4293      0.8368      0.8262      0.0000      0.0000      0.0000     90.8181     61.0484      0.0000     -0.0002     -0.0006      0.0008
     37.9391   -118.4305     11.1525      0.8367      0.8262      0.0000      0.0000      0.0000     90.7332     61.1203      0.0000     -0.0001     -0.0006      0.0008
     37.9355   -118.4305     11.8762      0.8365      0.8262      0.0000      0.0000      0.0000     90.6437     61.1923      0.0000     -0.0001     -0.0006      0.0007
     37.9319   -118.4305     12.6004      0.8364      0.8262      0.0000      0.0000      0.0000     90.5496     61.2644      0.0000      0.0000     -0.0006      0.0007
     37.9283   -118.4305     13.3252      0.8362      0.8262      0.0000      0.0000      0.0000     90.4507     61.3366      0.0000      0.0001     -0.0006      0.0007
     37.9248   -118.4305     14.0504      0.8361      0.8262      0.0000      0.0000      0.0000     90.3472     61.4088      0.0000      0.0001     -0.0006      0.0006
     37.9212   -118.4305     14.7761      0.8360      0.8262      0.0000      0.0000      0.0000     90.2389     61.4813      0.0000      0.0002     -0.0006      0.0006
     37.9177   -118.4305     15.5023      0.8358      0.8262      0.0000      0.0000      0.0000     90.1260     61.5538      0.0000      0.0002     -0.0006      0.0006
     37.9142   -118.4305     16.2290      0.8357      0.8262      0.0000      0.0000      0.0000     90.0083     61.6266      0.0000      0.0002     -0.0006      0.0006
     37.9106   -118.4305     16.9563      0.8356      0.8262      0.0000      0.0000      0.0000     89.8858     61.6995      0.0000      0.0003     -0.0007      0.0005
     37.9936   -118.4209      0.3578      0.8389      0.8257      0.0000      0.0000      0.0000     91.5265     60.0472      0.0000     -0.0010     -0.0009      0.0017
     37.9899   -118.4209      1.0733      0.8387      0.8257      0.0000      0.0000      0.0000     91.5049     60.1242      0.0000     -0.0010     -0.0009      0.0016
     37.9862   -118.4209      1.7895      0.8386      0.8257      0.0000      0.0000      0.0000     91.4789     60.2011      0.0000     -0.0009     -0.0008      0.0015
     37.9825   -118.4209      2.5063      0.8384      0.8257      0.0000      0.0000      0.0000     91.4483     60.2780      0.0000     -0.0009     -0.0008      0.0015
     37.9789   -118.4209      3.2236      0.8383      0.8257      0.0000      0.0000      0.0000     91.4133     60.3549      0.0000     -0.0008     -0.0007      0.0014
     37.9752   -118.4209      3.9415      0.8382      0.8257      0.0000      0.0000      0.0000     91.3737     60.4318      0.0000     -0.0008     -0.0007      0.0013
     37.9715   -118.4209      4.6599      0.8380      0.8257      0.0000      0.0000      0.0000     91.3296     60.5088      0.0000     -0.0007     -0.0007      0.0013
     37.9679   -118.4209      5.3788      0.8379      0.8257      0.0000      0.0000      0.0000     91.2809     60.5857      0.0000     -0.0007     -0.0007      0.0012
     37.9642   -118.4209      6.0983      0.8377      0.8257      0.0000      0.0000      0.0000     91.2276     60.6626      0.0000     -0.0006     -0.0006      0.0011
     37.9606   -118.4209      6.8184      0.8376      0.8257      0.0000      0.0000      0.0000     91.1698     60.7396      0.0000     -0.0005     -0.0006      0.0011
     37.9570   -118.4209      7.5390      0.8374      0.8257      0.0000      0.0000      0.0000     91.1073     60.8166      0.0000     -0.0004     -0.0006      0.0010
     37.9534   -118.4209      8.2601      0.8373      0.8257      0.0000      0.0000      0.0000     91.0402     60.8936      0.0000     -0.0004     -0.0006      0.0010
     37.9497   -118.4209      8.9818      0.8371      0.8257      0.0000      0.0000      0.0000     90.9685     60.9707      0.0000     -0.0003     -0.0006      0.0009
     37.9462   -118.4209      9.7041      0.8370      0.8257      0.0000      0.0000      0.0000     90.8921     61.0478      0.0000     -0.0002     -0.0006      0.0009
     37.9426   -118.4209     10.4268      0.8368      0.8257      0.0000      0.0000      0.0000     90.8110     61.1250      0.0000     -0.0002     -0.0006      0.0009
     37.9390   -118.4209     11.1501      0.8367      0.8257      0.0000      0.0000      0.0000     90.7252     61.2023      0.0000     -0.0001     -0.0007      0.0008
     37.9354   -118.4209     11.8740      0.8365      0.8257      0.0000      0.0000      0.0000     90.6347     61.2797      0.0000     -0.0000     -0.0007      0.0008
     37.9318   -118.4209     12.5984      0.8364      0.8257      0.0000      0.0000      0.0000     90.5395     61.3571      0.0000      0.0000     -0.0007      0.0007
     37.9283   -118.4209     13.3233      0.8362      0.8257      0.0000      0.0000      0.0000     90.4396     61.4347      0.0000      0.0001     -0.0007      0.0007
     37.9247   -118.4209     14.0488      0.8361      0.8257      0.0000      0.0000      0.0000     90.3349     61.5124      0.0000      0.0001     -0.0007      0.0007
     37.9212   -118.4209     14.7748      0.8360      0.8257      0.0000      0.0000      0.0000     90.2254     61.5903      0.0000      0.0002     -0.0007      0.0006
     37.9177   -118.4209     15.5014      0.8358      0.8257      0.0000      0.0000      0.0000     90.1112     61.6683      0.0000      0.0002     -0.0007      0.0006
     37.9142   -118.4209     16.2284      0.8357      0.8257      0.0000      0.0000      0.0000     89.9921     61.7465      0.0000      0.0003     -0.0007      0.0006
     37.9106   -118.4209     16.9561      0.8356      0.8257     -0.0000      0.0000      0.0000     89.8683     61.8248    -95.0000      0.0003     -0.0007      0.0006
     37.9934   -118.4113      0.3576      0.8389      0.8252      0.0000      0.0000      0.0000     91.5267     60.0496      0.0000     -0.0011     -0.0010      0.0018
     37.9897   -118.4113      1.0727      0.8387      0.8252      0.0000      0.0000      0.0000     91.5055     60.1317      0.0000     -0.0011     -0.0010      0.0017
     37.9860   -118.4113      1.7886      0.8386      0.8252      0.0000      0.0000      0.0000     91.4800     60.2139      0.0000     -0.0010     -0.0009      0.0016
     37.9823   -118.4114      2.5050      0.8384      0.8252      0.0000      0.0000      0.0000     91.4500     60.2961      0.0000     -0.0010     -0.0008      0.0016
     37.9787   -118.4114      3.2220      0.8383      0.8252      0.0000      0.0000      0.0000     91.4156     60.3783      0.0000     -0.0009     -0.0008      0.0015
     37.9750   -118.4114      3.9396      0.8382      0.8252      0.0000      0.0000      0.0000     91.3768     60.4605      0.0000     -0.0009     -0.0008      0.0014
     37.9714   -118.4114      4.6578      0.8380      0.8252      0.0000      0.0000      0.0000     91.3334     60.5427      0.0000     -0.0008     -0.0007      0.0013
     37.9677   -118.4114      5.3766      0.8379      0.8252      0.0000      0.0000      0.0000     91.2856     60.6249      0.0000     -0.0007     -0.0007      0.0013
     37.9641   -118.4114      6.0960      0.8377      0.8252      0.0000      0.0000      0.0000     91.2333     60.7072      0.0000     -0.0006     -0.0007      0.0012
     37.9604   -118.4114      6.8159      0.8376      0.8252      0.0000      0.0000      0.0000     91.1765     60.7894      0.0000     -0.0005     -0.0007      0.0012
     37.9568   -118.4114      7.5365      0.8374      0.8252      0.0000      0.0000      0.0000     91.1151     60.8718      0.0000     -0.0005     -0.0007      0.0011
     37.9532   -118.4114      8.2576      0.8373      0.8252      0.0000      0.0000      0.0000     91.0492     60.9541      0.0000     -0.0004     -0.0007      0.0010
     37.9496   -118.4114      8.9793      0.8371      0.8252      0.0000      0.0000      0.0000     90.9787     61.0365      0.0000     -0.0003     -0.0007      0.0010
     37.9460   -118.4114      9.7015      0.8370      0.8252      0.0000      0.0000      0.0000     90.9036     61.1190      0.0000     -0.0002     -0.0007      0.0009
     37.9425   -118.4114     10.4244      0.8368      0.8252      0.0000      0.0000      0.0000     90.8239     61.2016      0.0000     -0.0001     -0.0007      0.0009
     37.9389   -118.4114     11.1478      0.8367      0.8252      0.0000      0.0000      0.0000     90.7396     61.2842      0.0000     -0.0001     -0.0007      0.0009
     37.9353   -118.4114     11.8718      0.8365      0.8252      0.0000      0.0000      0.0000     90.6506     61.3670      0.0000     -0.0000     -0.0007      0.0008
     37.9318   -118.4114     12.5964      0.8364      0.8252      0.0000      0.0000      0.0000     90.5570     61.4498      0.0000      0.0001     -0.0008      0.0008
     37.9282   -118.4114     13.3215      0.8362      0.8252      0.0000      0.0000      0.0000     90.4588     61.5328      0.0000      0.0001     -0.0008      0.0007
     37.9247   -118.4114     14.0473      0.8361      0.8252      0.0000      0.0000      0.0000     90.3558     61.6159      0.0000      0.0002     -0.0008      0.0007
     37.9212   -118.4114     14.7736      0.8360      0.8252      0.0000      0.0000      0.0000     90.2481     61.6991      0.0000      0.0002     -0.0008      0.0007
     37.9177   -118.4114     15.5004      0.8358      0.8252      0.0000      0.0000      0.0000     90.1357     61.7825      0.0000      0.0003     -0.0008      0.0006
     37.9142   -118.4114     16.2279      0.8357      0.8252      0.0000      0.0000      0.0000     90.0186     61.8661      0.0000      0.0003     -0.0008      0.0006
     37.9107   -118.4114     16.9559      0.8356      0.8252     -0.0000      0.0000      0.0000     89.8968     61.9499    -95.0000      0.0004     -0.0008      0.0006
     37.9932   -118.4018      0.3573      0.8389      0.8247      0.0000      0.0000      0.0000     91.5267     60.0519      0.0000     -0.0012     -0.0011      0.0019
     37.9895   -118.4018      1.0721      0.8387      0.8247      0.0000      0.0000      0.0000     91.5057     60.1392      0.0000     -0.0012     -0.0010      0.0018
     37.9858   -118.4018      1.7876      0.8386      0.8247      0.0000      0.0000      0.0000     91.4803     60.2266      0.0000     -0.0011     -0.0010      0.0018
     37.9822   -118.4018      2.5037      0.8384      0.8247      0.0000      0.0000      0.0000     91.4505     60.3140      0.0000     -0.0011     -0.0009      0.0017
     37.9785   -118.4018      3.2205      0.8383      0.8247      0.0000      0.0000      0.0000     91.4162     60.4014      0.0000     -0.0010     -0.0009      0.0016
     37.9748   -118.4018      3.9378      0.8382      0.8247      0.0000      0.0000      0.0000     91.3776     60.4888      0.0000     -0.0009     -0.0008      0.0015
     37.9712   -118.4018      4.6558      0.8380      0.8247      0.0000      0.0000      0.0000     91.3344     60.5762      0.0000     -0.0008     -0.0008      0.0014
     37.9675   -118.4018      5.3744      0.8379      0.8247      0.0000      0.0000      0.0000     91.2868     60.6637      0.0000     -0.0008     -0.0008      0.0014
     37.9639   -118.4018      6.0936      0.8377      0.8247      0.0000      0.0000      0.0000     91.2347     60.7512      0.0000     -0.0007     -0.0008      0.0013
     37.9603   -118.4018      6.8135      0.8376      0.8247      0.0000      0.0000      0.0000     91.1781     60.8388      0.0000     -0.0006     -0.0008      0.0012
     37.9567   -118.4018      7.5340      0.8374      0.8247      0.0000      0.0000      0.0000     91.1170     60.9264      0.0000     -0.0005     -0.0008      0.0012
     37.9531   -118.4018      8.2550      0.8373      0.8247      0.0000      0.0000      0.0000     91.0513     61.0140      0.0000     -0.0004     -0.0008      0.0011
     37.9495   -118.4018      8.9767      0.8371      0.8247      0.0000      0.0000      0.0000     90.9810     61.1017      0.0000     -0.0003     -0.0008      0.0010
     37.9459   -118.4018      9.6990      0.8370      0.8247      0.0000      0.0000      0.0000     90.9062     61.1895      0.0000     -0.0002     -0.0008      0.0010
     37.9423   -118.4018     10.4220      0.8368      0.8247      0.0000      0.0000      0.0000     90.8268     61.2774      0.0000     -0.0001     -0.0008      0.0009
     37.9388   -118.4019     11.1455      0.8367      0.8247      0.0000      0.0000      0.0000     90.7427     61.3654      0.0000     -0.0001     -0.0008      0.0009
     37.9352   -118.4019     11.8696      0.8365      0.8247      0.0000      0.0000      0.0000     90.6540     61.4534      0.0000      0.0000     -0.0008      0.0009
     37.9317   -118.4019     12.5944      0.8364      0.8247      0.0000      0.0000      0.0000     90.5607     61.5416      0.0000      0.0001     -0.0009      0.0008
     37.9282   -118.4019     13.3198      0.8362      0.8247      0.0000      0.0000      0.0000     90.4627     61.6299      0.0000      0.0002     -0.0009      0.0008
     37.9246   -118.4019     14.0457      0.8361      0.8247      0.0000      0.0000      0.0000     90.3600     61.7184      0.0000      0.0002     -0.0009      0.0007
     37.9211   -118.4019     14.7723      0.8360      0.8247      0.0000      0.0000      0.0000     90.2527     61.8070      0.0000      0.0003     -0.0009      0.0007
     37.9176   -118.4019     15.4995      0.8358      0.8247      0.0000      0.0000      0.0000     90.1406     61.8958      0.0000      0.0003     -0.0010      0.0007
     37.9141   -118.4019     16.2273      0.8357      0.8247     -0.0000      0.0000      0.0000     90.0237     61.9848    -95.0000      0.0004     -0.0009      0.0006
     37.9107   -118.4019     16.9557      0.8356      0.8247     -0.0000      0.0000      0.0000     89.9022     62.0739    -95.0000      0.0005     -0.0010      0.0006
     37.9930   -118.3922      0.3571      0.8389      0.8242      0.0000      0.0000      0.0000     91.5265     60.0542      0.0000     -0.0013     -0.0012      0.0021
     37.9893   -118.3922      1.0715      0.8387      0.8242      0.0000      0.0000      0.0000     91.5050     60.1468      0.0000     -0.0013     -0.0011      0.0020
     37.9856   -118.3922      1.7867      0.8386      0.8242      0.0000      0.0000      0.0000     91.4790     60.2394      0.0000     -0.0012     -0.0010      0.0019
     37.9820   -118.3922      2.5024      0.8384      0.8242      0.0000      0.0000      0.0000     91.4485     60.3321      0.0000     -0.0012     -0.0010      0.0018
     37.9783   -118.3922      3.2189      0.8383      0.8242      0.0000      0.0000      0.0000     91.4135     60.4247      0.0000     -0.0011     -0.0009      0.0017
     37.9746   -118.3922      3.9360      0.8382      0.8242      0.0000      0.0000      0.0000     91.3739     60.5174      0.0000     -0.0010     -0.0009      0.0016
     37.9710   -118.3922      4.6538      0.8380      0.8242      0.0000      0.0000      0.0000     91.3298     60.6102      0.0000     -0.0009     -0.0009      0.0015
     37.9674   -118.3923      5.3722      0.8379      0.8242      0.0000      0.0000      0.0000     91.2810     60.7029      0.0000     -0.0008     -0.0009      0.0014
     37.9637   -118.3923      6.0913      0.8377      0.8242      0.0000      0.0000      0.0000     91.2277     60.7957      0.0000     -0.0007     -0.0008      0.0014
     37.9601   -118.3923      6.8110      0.8376      0.8242      0.0000      0.0000      0.0000     91.1697     60.8886      0.0000     -0.0006     -0.0008      0.0013
     37.9565   -118.3923      7.5314      0.8374      0.8242      0.0000      0.0000      0.0000     91.1071     60.9815      0.0000     -0.0005     -0.0008      0.0012
     37.9529   -118.3923      8.2525      0.8373      0.8242      0.0000      0.0000      0.0000     91.0398     61.0745      0.0000     -0.0004     -0.0008      0.0012
     37.9494   -118.3923      8.9742      0.8371      0.8242      0.0000      0.0000      0.0000     90.9679     61.1676      0.0000     -0.0003     -0.0009      0.0011
     37.9458   -118.3923      9.6965      0.8370      0.8242      0.0000      0.0000      0.0000     90.8912     61.2607      0.0000     -0.0002     -0.0009      0.0010
     37.9422   -118.3923     10.4195      0.8368      0.8242      0.0000      0.0000      0.0000     90.8098     61.3540      0.0000     -0.0001     -0.0009      0.0010
     37.9387   -118.3923     11.1432      0.8367      0.8242      0.0000      0.0000      0.0000     90.7237     61.4473      0.0000     -0.0000     -0.0009      0.0009
     37.9351   -118.3923     11.8675      0.8365      0.8242      0.0000      0.0000      0.0000     90.6329     61.5408      0.0000      0.0001     -0.0010      0.0009
     37.9316   -118.3923     12.5924      0.8364      0.8242      0.0000      0.0000      0.0000     90.5372     61.6344      0.0000      0.0001     -0.0010      0.0009
     37.9281   -118.3923     13.3180      0.8362      0.8242      0.0000      0.0000      0.0000     90.4368     61.7282      0.0000      0.0002     -0.0010      0.0008
     37.9246   -118.3923     14.0442      0.8361      0.8242      0.0000      0.0000      0.0000     90.3315     61.8221      0.0000      0.0003     -0.0011      0.0008
     37.9211   -118.3923     14.7711      0.8360      0.8242      0.0000      0.0000      0.0000     90.2214     61.9161      0.0000      0.0003     -0.0012      0.0007
     37.9176   -118.3924     15.4986      0.8358      0.8242     -0.0000      0.0000      0.0000     90.1065     62.0104    -95.0000      0.0004     -0.0012      0.0007
     37.9141   -118.3924     16.2267      0.8357      0.8242     -0.0000      0.0000      0.0000     89.9867     62.1048    -95.0000      0.0005     -0.0010      0.0007
     37.9107   -118.3924     16.9555      0.8356      0.8242     -0.0000      0.0000      0.0000     89.8620     62.1995    -95.0000      0.0006     -0.0010      0.0006
     37.9928   -118.3831      0.3569      0.7550      0.8237      0.0000      0.0000      0.0000     91.5270     60.0565      0.0000     -0.0015     -0.0013      0.0023
     37.9891   -118.3831      1.0710      0.7549      0.8237      0.0000      0.0000      0.0000     91.5060     60.1540      0.0000     -0.0014     -0.0012      0.0022
     37.9855   -118.3831      1.7857      0.7547      0.8237      0.0000      0.0000      0.0000     91.4806     60.2517      0.0000     -0.0014     -0.0011      0.0020
     37.9818   -118.3831      2.5012      0.7546      0.8237      0.0000      0.0000      0.0000     91.4507     60.3493      0.0000     -0.0013     -0.0011      0.0019
     37.9781   -118.3831      3.2174      0.7545      0.8237      0.0000      0.0000      0.0000     91.4164     60.4470      0.0000     -0.0012     -0.0010      0.0018
     37.9745   -118.3832      3.9343      0.7543      0.8237      0.0000      0.0000      0.0000     91.3777     60.5448      0.0000     -0.0011     -0.0010      0.0017
     37.9708   -118.3832      4.6519      0.7542      0.8237      0.0000      0.0000      0.0000     91.3344     60.6426      0.0000     -0.0010     -0.0009      0.0016
     37.9672   -118.3832      5.3701      0.7541      0.8237      0.0000      0.0000      0.0000     91.2867     60.7404      0.0000     -0.0009     -0.0009      0.0015
     37.9636   -118.3832      6.0891      0.7539      0.8237      0.0000      0.0000      0.0000     91.2345     60.8383      0.0000     -0.0008     -0.0009      0.0014
     37.9600   -118.3832      6.8087      0.7538      0.8237      0.0000      0.0000      0.0000     91.1777     60.9362      0.0000     -0.0006     -0.0009      0.0014
     37.9564   -118.3832      7.5291      0.7537      0.8237      0.0000      0.0000      0.0000     91.1164     61.0343      0.0000     -0.0005     -0.0009      0.0013
     37.9528   -118.3832      8.2501      0.7535      0.8237      0.0000      0.0000      0.0000     91.0504     61.1324      0.0000     -0.0004     -0.0009      0.0012
     37.9492   -118.3832      8.9718      0.7534      0.8237      0.0000      0.0000      0.0000     90.9799     61.2305      0.0000     -0.0003     -0.0010      0.0012
     37.9457   -118.3832      9.6942      0.7533      0.8237      0.0000      0.0000      0.0000     90.9048     61.3288      0.0000     -0.0002     -0.0010      0.0011
     37.9421   -118.3832     10.4172      0.7531      0.8237      0.0000      0.0000      0.0000     90.8250     61.4272      0.0000     -0.0001     -0.0010      0.0010
     37.9386   -118.3832     11.1410      0.7530      0.8237      0.0000      0.0000      0.0000     90.7406     61.5257      0.0000      0.0000     -0.0010      0.0010
     37.9351   -118.3833     11.8654      0.7529      0.8237      0.0000      0.0000      0.0000     90.6515     61.6243      0.0000      0.0001     -0.0011      0.0009
     37.9316   -118.3833     12.5905      0.7527      0.8237      0.0000      0.0000      0.0000     90.5577     61.7231      0.0000      0.0002     -0.0011      0.0009
     37.9280   -118.3833     13.3163      0.7526      0.8237      0.0000      0.0000      0.0000     90.4592     61.8220      0.0000      0.0002     -0.0012      0.0008
     37.9246   -118.3833     14.0427      0.7525      0.8237      0.0000      0.0000      0.0000     90.3560     61.9210      0.0000      0.0003     -0.0014      0.0008
     37.9211   -118.3833     14.7699      0.7524      0.8237     -0.0000      0.0000      0.0000     90.2480     62.0203    -95.0000      0.0004     -0.0014      0.0008
     37.9176   -118.3833     15.4977      0.7522      0.8237     -0.0000      0.0000      0.0000     90.1353     62.1197    -95.0000      0.0004     -0.0011      0.0007
     37.9141   -118.3833     16.2261      0.7521      0.8237     -0.0000      0.0000      0.0000     90.0177     62.2194    -95.0000      0.0005     -0.0008      0.0007
     37.9107   -118.3833     16.9553      0.7520      0.8237     -0.0000      0.0000      0.0000     89.8954     62.3192    -95.0000      0.0007     -0.0006      0.0007
     37.9926   -118.3740      0.3567      0.8389      0.8232      0.0000      0.0000      0.0000     91.5266     60.0587      0.0000     -0.0016     -0.0014      0.0025
     37.9889   -118.3740      1.0704      0.8387      0.8232      0.0000      0.0000      0.0000     91.5053     60.1613      0.0000     -0.0016     -0.0013      0.0023
     37.9853   -118.3740      1.7848      0.8386      0.8232      0.0000      0.0000      0.0000     91.4796     60.2639      0.0000     -0.0015     -0.0012      0.0022
     37.9816   -118.3741      2.5000      0.8384      0.8232      0.0000      0.0000      0.0000     91.4494     60.3665      0.0000     -0.0014     -0.0011      0.0021
     37.9779   -118.3741      3.2159      0.8383      0.8232      0.0000      0.0000      0.0000     91.4147     60.4692      0.0000     -0.0013     -0.0011      0.0020
     37.9743   -118.3741      3.9326      0.8381      0.8232      0.0000      0.0000      0.0000     91.3755     60.5720      0.0000     -0.0012     -0.0011      0.0018
     37.9707   -118.3741      4.6499      0.8380      0.8233      0.0000      0.0000      0.0000     91.3317     60.6748      0.0000     -0.0011     -0.0010      0.0017
     37.9670   -118.3741      5.3680      0.8378      0.8233      0.0000      0.0000      0.0000     91.2833     60.7777      0.0000     -0.0009     -0.0010      0.0016
     37.9634   -118.3741      6.0869      0.8377      0.8233      0.0000      0.0000      0.0000     91.2304     60.8806      0.0000     -0.0008     -0.0010      0.0015
     37.9598   -118.3741      6.8064      0.8375      0.8233      0.0000      0.0000      0.0000     91.1729     60.9837      0.0000     -0.0007     -0.0010      0.0014
     37.9563   -118.3741      7.5267      0.8374      0.8233      0.0000      0.0000      0.0000     91.1107     61.0868      0.0000     -0.0005     -0.0010      0.0014
     37.9527   -118.3741      8.2477      0.8372      0.8233      0.0000      0.0000      0.0000     91.0440     61.1899      0.0000     -0.0004     -0.0011      0.0013
     37.9491   -118.3742      8.9694      0.8371      0.8233      0.0000      0.0000      0.0000     90.9725     61.2932      0.0000     -0.0003     -0.0011      0.0012
     37.9456   -118.3742      9.6918      0.8370      0.8233      0.0000      0.0000      0.0000     90.8963     61.3966      0.0000     -0.0002     -0.0011      0.0011
     37.9420   -118.3742     10.4149      0.8368      0.8233      0.0000      0.0000      0.0000     90.8155     61.5001      0.0000     -0.0001     -0.0012      0.0011
     37.9385   -118.3742     11.1388      0.8367      0.8233      0.0000      0.0000      0.0000     90.7299     61.6037      0.0000      0.0000     -0.0012      0.0010
     37.9350   -118.3742     11.8633      0.8365      0.8233      0.0000      0.0000      0.0000     90.6396     61.7075      0.0000      0.0001     -0.0013      0.0010
     37.9315   -118.3742     12.5886      0.8364      0.8233      0.0000      0.0000      0.0000     90.5445     61.8114      0.0000      0.0002     -0.0013      0.0009
     37.9280   -118.3742     13.3146      0.8362      0.8233      0.0000      0.0000      0.0000     90.4446     61.9155      0.0000      0.0003     -0.0015      0.0009
     37.9245   -118.3742     14.0413      0.8361      0.8233     -0.0000      0.0000      0.0000     90.3399     62.0198    -95.0000      0.0004     -0.0017      0.0008
     37.9210   -118.3742     14.7687      0.8360      0.8233     -0.0000      0.0000      0.0000     90.2304     62.1242    -95.0000      0.0004     -0.0016      0.0008
     37.9176   -118.3743     15.4968      0.8358      0.8233     -0.0000      0.0001      0.0001     90.1160     62.2288    -95.0000      0.0005     -0.0011      0.0008
     37.9141   -118.3743     16.2256      0.8357      0.8233     -0.0000      0.0001      0.0001     89.9968     62.3337    -95.0000      0.0006     -0.0004      0.0007
     37.9107   -118.3743     16.9551      0.8356      0.8233     -0.0000      0.0001      0.0001     89.8727     62.4388    -95.0000      0.0007      0.0001      0.0007
     37.9924   -118.3645      0.3565      0.8389      0.8227      0.0000      0.0000      0.0000     91.5268     60.0610      0.0000     -0.0018     -0.0015      0.0027
     37.9888   -118.3645      1.0698      0.8387      0.8227      0.0000      0.0000      0.0000     91.5059     60.1688      0.0000     -0.0017     -0.0014      0.0025
     37.9851   -118.3645      1.7839      0.8386      0.8227      0.0000      0.0000      0.0000     91.4807     60.2767      0.0000     -0.0016     -0.0013      0.0024
     37.9814   -118.3645      2.4987      0.8384      0.8227      0.0000      0.0000      0.0000     91.4510     60.3846      0.0000     -0.0015     -0.0013      0.0022
     37.9778   -118.3645      3.2144      0.8383      0.8227      0.0000      0.0000      0.0000     91.4170     60.4926      0.0000     -0.0014     -0.0012      0.0021
     37.9741   -118.3645      3.9308      0.8381      0.8228      0.0000      0.0000      0.0000     91.3784     60.6007      0.0000     -0.0013     -0.0012      0.0020
     37.9705   -118.3645      4.6479      0.8380      0.8228      0.0000      0.0000      0.0000     91.3355     60.7088      0.0000     -0.0011     -0.0011      0.0018
     37.9669   -118.3645      5.3659      0.8378      0.8228      0.0000      0.0000      0.0000     91.2880     60.8170      0.0000     -0.0010     -0.0011      0.0017
     37.9633   -118.3646      6.0845      0.8377      0.8228      0.0000      0.0000      0.0000     91.2360     60.9252      0.0000     -0.0008     -0.0011      0.0016
     37.9597   -118.3646      6.8040      0.8375      0.8228      0.0000      0.0000      0.0000     91.1795     61.0336      0.0000     -0.0007     -0.0011      0.0015
     37.9561   -118.3646      7.5242      0.8374      0.8228      0.0000      0.0000      0.0000     91.1184     61.1420      0.0000     -0.0005     -0.0012      0.0014
     37.9525   -118.3646      8.2452      0.8372      0.8228      0.0000      0.0000      0.0000     91.0528     61.2506      0.0000     -0.0004     -0.0012      0.0013
     37.9490   -118.3646      8.9669      0.8371      0.8228      0.0000      0.0000      0.0000     90.9826     61.3592      0.0000     -0.0003     -0.0012      0.0013
     37.9455   -118.3646      9.6893      0.8370      0.8228      0.0000      0.0000      0.0000     90.9077     61.4680      0.0000     -0.0001     -0.0013      0.0012
     37.9419   -118.3646     10.4125      0.8368      0.8228      0.0000      0.0000      0.0000     90.8282     61.5769      0.0000     -0.0000     -0.0013      0.0011
     37.9384   -118.3646     11.1365      0.8367      0.8228      0.0000      0.0000      0.0000     90.7441     61.6859      0.0000      0.0001     -0.0014      0.0011
     37.9349   -118.3647     11.8612      0.8365      0.8228      0.0000      0.0000      0.0000     90.6553     61.7951      0.0000      0.0002     -0.0015      0.0010
     37.9314   -118.3647     12.5867      0.8364      0.8228      0.0000      0.0000      0.0000     90.5617     61.9044      0.0000      0.0003     -0.0016      0.0010
     37.9279   -118.3647     13.3128      0.8362      0.8228      0.0000      0.0000      0.0000     90.4635     62.0140      0.0000      0.0004     -0.0019      0.0009
     37.9245   -118.3647     14.0398      0.8361      0.8228     -0.0000      0.0000      0.0000     90.3605     62.1237    -95.0000      0.0004     -0.0020      0.0009
     37.9210   -118.3647     14.7675      0.8360      0.8228     -0.0000      0.0001      0.0001     90.2528     62.2335    -95.0000      0.0005     -0.0016      0.0008
     37.9176   -118.3647     15.4959      0.8358      0.8228     -0.0000      0.0001      0.0001     90.1403     62.3436    -95.0000      0.0006     -0.0009      0.0008
     37.9141   -118.3647     16.2250      0.8357      0.8228     -0.0000      0.0001      0.0001     90.0230     62.4540    -95.0000      0.0007     -0.0000      0.0008
     37.9107   -118.3647     16.9549      0.8356      0.8228     -0.0000      0.0001      0.0001     89.9008     62.5645    -95.0000      0.0008      0.0010      0.0007
     37.9922   -118.3549      0.3563      0.8389      0.8222      0.0000      0.0000      0.0000     91.5267     60.0634      0.0000     -0.0020     -0.0017      0.0030
     37.9886   -118.3549      1.0692      0.8387      0.8222      0.0000      0.0000      0.0000     91.5057     60.1764      0.0000     -0.0019     -0.0016      0.0028
     37.9849   -118.3549      1.7829      0.8386      0.8222      0.0000      0.0000      0.0000     91.4802     60.2895      0.0000     -0.0018     -0.0015      0.0026
     37.9812   -118.3549      2.4975      0.8384      0.8223      0.0000      0.0000      0.0000     91.4503     60.4027      0.0000     -0.0017     -0.0014      0.0024
     37.9776   -118.3549      3.2128      0.8383      0.8223      0.0000      0.0000      0.0000     91.4159     60.5159      0.0000     -0.0016     -0.0013      0.0023
     37.9739   -118.3550      3.9290      0.8381      0.8223      0.0000      0.0000      0.0000     91.3771     60.6292      0.0000     -0.0014     -0.0013      0.0021
     37.9703   -118.3550      4.6459      0.8380      0.8223      0.0000      0.0000      0.0000     91.3337     60.7426      0.0000     -0.0012     -0.0012      0.0020
     37.9667   -118.3550      5.3637      0.8378      0.8223      0.0000      0.0000      0.0000     91.2858     60.8561      0.0000     -0.0011     -0.0012      0.0018
     37.9631   -118.3550      6.0822      0.8377      0.8223      0.0000      0.0000      0.0000     91.2333     60.9697      0.0000     -0.0009     -0.0013      0.0017
     37.9595   -118.3550      6.8016      0.8375      0.8223      0.0000      0.0000      0.0000     91.1762     61.0834      0.0000     -0.0007     -0.0013      0.0016
     37.9560   -118.3550      7.5217      0.8374      0.8223      0.0000      0.0000      0.0000     91.1145     61.1971      0.0000     -0.0006     -0.0013      0.0015
     37.9524   -118.3550      8.2427      0.8372      0.8223      0.0000      0.0000      0.0000     91.0482     61.3110      0.0000     -0.0004     -0.0014      0.0014
     37.9489   -118.3551      8.9644      0.8371      0.8223      0.0000      0.0000      0.0000     90.9773     61.4250      0.0000     -0.0002     -0.0014      0.0013
     37.9453   -118.3551      9.6869      0.8369      0.8223      0.0000      0.0000      0.0000     90.9017     61.5392      0.0000     -0.0001     -0.0015      0.0013
     37.9418   -118.3551     10.4102      0.8368      0.8223      0.0000      0.0000      0.0000     90.8214     61.6534      0.0000      0.0000     -0.0016      0.0012
     37.9383   -118.3551     11.1342      0.8367      0.8223      0.0000      0.0000      0.0000     90.7364     61.7679      0.0000      0.0001     -0.0016      0.0011
     37.9348   -118.3551     11.8591      0.8365      0.8223      0.0000      0.0000      0.0000     90.6466     61.8824      0.0000      0.0002     -0.0018      0.0011
     37.9313   -118.3551     12.5847      0.8364      0.8223      0.0000      0.0000      0.0000     90.5521     61.9972      0.0000      0.0003     -0.0020      0.0010
     37.9279   -118.3552     13.3111      0.8362      0.8223     -0.0000      0.0000      0.0000     90.4528     62.1121    -95.0000      0.0004     -0.0024      0.0010
     37.9244   -118.3552     14.0383      0.8361      0.8223     -0.0000      0.0000      0.0000     90.3487     62.2273    -95.0000      0.0005     -0.0023      0.0009
     37.9210   -118.3552     14.7662      0.8360      0.8223     -0.0000      0.0001      0.0001     90.2398     62.3426    -95.0000      0.0006     -0.0016      0.0009
     37.9176   -118.3552     15.4949      0.8358      0.8223     -0.0000      0.0002      0.0002     90.1260     62.4582    -95.0000      0.0007     -0.0006      0.0008
     37.9141   -118.3552     16.2244      0.8357      0.8223     -0.0000      0.0002      0.0002     90.0074     62.5740    -95.0000      0.0008      0.0005      0.0008
     37.9107   -118.3552     16.9547      0.8356      0.8223     -0.0000      0.0002      0.0002     89.8839     62.6901    -95.0000      0.0009      0.0020      0.0008
     37.9920   -118.3453      0.3561      0.8389      0.8217      0.0000      0.0000      0.0000     91.5268     60.0657      0.0000     -0.0022     -0.0019      0.0033
     37.9884   -118.3453      1.0686      0.8387      0.8218      0.0000      0.0000      0.0000     91.5058     60.1840      0.0000     -0.0021     -0.0017      0.0030
     37.9847   -118.3453      1.7820      0.8386      0.8218      0.0000      0.0000      0.0000     91.4805     60.3024      0.0000     -0.0020     -0.0016      0.0028
     37.9810   -118.3454      2.4962      0.8384      0.8218      0.0000      0.0000      0.0000     91.4508     60.4208      0.0000     -0.0019     -0.0015      0.0026
     37.9774   -118.3454      3.2113      0.8383      0.8218      0.0000      0.0000      0.0000     91.4166     60.5393      0.0000     -0.0017     -0.0014      0.0024
     37.9738   -118.3454      3.9272      0.8381      0.8218      0.0000      0.0000      0.0000     91.3779     60.6579      0.0000     -0.0015     -0.0014      0.0023
     37.9701   -118.3454      4.6440      0.8380      0.8218      0.0000      0.0000      0.0000     91.3347     60.7766      0.0000     -0.0013     -0.0014      0.0021
     37.9665   -118.3454      5.3615      0.8378      0.8218      0.0000      0.0000      0.0000     91.2870     60.8954      0.0000     -0.0011     -0.0014      0.0019
     37.9630   -118.3455      6.0799      0.8377      0.8218      0.0000      0.0000      0.0000     91.2347     61.0143      0.0000     -0.0009     -0.0014      0.0018
     37.9594   -118.3455      6.7992      0.8375      0.8218      0.0000      0.0000      0.0000     91.1779     61.1334      0.0000     -0.0007     -0.0015      0.0017
     37.9558   -118.3455      7.5193      0.8374      0.8218      0.0000      0.0000      0.0000     91.1164     61.2525      0.0000     -0.0006     -0.0015      0.0016
     37.9523   -118.3455      8.2402      0.8372      0.8218      0.0000      0.0000      0.0000     91.0504     61.3718      0.0000     -0.0004     -0.0016      0.0015
     37.9487   -118.3455      8.9619      0.8371      0.8218      0.0000      0.0000      0.0000     90.9797     61.4912      0.0000     -0.0002     -0.0016      0.0014
     37.9452   -118.3455      9.6844      0.8369      0.8218      0.0000      0.0000      0.0000     90.9044     61.6107      0.0000     -0.0001     -0.0017      0.0013
     37.9417   -118.3456     10.4078      0.8368      0.8218      0.0000      0.0000      0.0000     90.8243     61.7304      0.0000      0.0001     -0.0018      0.0012
     37.9382   -118.3456     11.1320      0.8367      0.8218      0.0000      0.0000      0.0000     90.7396     61.8502      0.0000      0.0002     -0.0020      0.0012
     37.9347   -118.3456     11.8569      0.8365      0.8218      0.0000      0.0000      0.0000     90.6501     61.9702      0.0000      0.0003     -0.0022      0.0011
     37.9313   -118.3456     12.5827      0.8364      0.8218     -0.0000      0.0000      0.0000     90.5559     62.0904    -95.0000      0.0004     -0.0027      0.0011
     37.9278   -118.3456     13.3094      0.8362      0.8218     -0.0000      0.0000      0.0000     90.4569     62.2108    -95.0000      0.0005     -0.0028      0.0010
     37.9244   -118.3456     14.0368      0.8361      0.8218     -0.0000      0.0001      0.0001     90.3531     62.3315    -95.0000      0.0006     -0.0024      0.0010
     37.9209   -118.3457     14.7650      0.8360      0.8218     -0.0000      0.0002      0.0002     90.2445     62.4523    -95.0000      0.0007     -0.0015      0.0009
     37.9175   -118.3457     15.4940      0.8358      0.8218     -0.0000      0.0002      0.0002     90.1310     62.5734    -95.0000      0.0008     -0.0002      0.0009
     37.9141   -118.3457     16.2239      0.8357      0.8218     -0.0000      0.0003      0.0003     90.0127     62.6947    -95.0000      0.0009      0.0010      0.0008
     37.9108   -118.3457     16.9545      0.8356      0.8218     -0.0000      0.0003      0.0003     89.8895     62.8163    -95.0000      0.0010      0.0032      0.0008
     37.9918   -118.3357      0.3559      0.8389      0.8213      0.0000      0.0000      0.0000     91.5267     60.0681      0.0000     -0.0025     -0.0020      0.0036
     37.9882   -118.3358      1.0680      0.8387      0.8213      0.0000      0.0000      0.0000     91.5056     60.1916      0.0000     -0.0024     -0.0019      0.0033
     37.9845   -118.3358      1.7810      0.8386      0.8213      0.0000      0.0000      0.0000     91.4801     60.3153      0.0000     -0.0022     -0.0017      0.0031
     37.9808   -118.3358      2.4950      0.8384      0.8213      0.0000      0.0000      0.0000     91.4501     60.4390      0.0000     -0.0021     -0.0017      0.0028
     37.9772   -118.3358      3.2098      0.8383      0.8213      0.0000      0.0000      0.0000     91.4156     60.5628      0.0000     -0.0019     -0.0016      0.0026
     37.9736   -118.3358      3.9254      0.8381      0.8213      0.0000      0.0000      0.0000     91.3765     60.6867      0.0000     -0.0016     -0.0016      0.0024
     37.9700   -118.3359      4.6420      0.8380      0.8213      0.0000      0.0000      0.0000     91.3329     60.8108      0.0000     -0.0014     -0.0016      0.0022
     37.9664   -118.3359      5.3594      0.8378      0.8213      0.0000      0.0000      0.0000     91.2848     60.9349      0.0000     -0.0012     -0.0016      0.0021
     37.9628   -118.3359      6.0777      0.8377      0.8213      0.0000      0.0000      0.0000     91.2320     61.0592      0.0000     -0.0010     -0.0016      0.0019
     37.9592   -118.3359      6.7968      0.8375      0.8213      0.0000      0.0000      0.0000     91.1747     61.1836      0.0000     -0.0008     -0.0017      0.0018
     37.9557   -118.3359      7.5168      0.8374      0.8213      0.0000      0.0000      0.0000     91.1126     61.3081      0.0000     -0.0006     -0.0017      0.0017
     37.9521   -118.3360      8.2377      0.8372      0.8213      0.0000      0.0000      0.0000     91.0460     61.4327      0.0000     -0.0004     -0.0018      0.0016
     37.9486   -118.3360      8.9594      0.8371      0.8213      0.0000      0.0000      0.0000     90.9746     61.5575      0.0000     -0.0002     -0.0019      0.0015
     37.9451   -118.3360      9.6820      0.8369      0.8213      0.0000      0.0000      0.0000     90.8985     61.6825      0.0000     -0.0000     -0.0020      0.0014
     37.9416   -118.3360     10.4054      0.8368      0.8213      0.0000      0.0000      0.0000     90.8176     61.8076      0.0000      0.0001     -0.0022      0.0013
     37.9381   -118.3360     11.1297      0.8366      0.8213      0.0000      0.0000      0.0000     90.7320     61.9329      0.0000      0.0003     -0.0024      0.0012
     37.9346   -118.3360     11.8548      0.8365      0.8213      0.0000      0.0000      0.0000     90.6416     62.0584      0.0000      0.0004     -0.0029      0.0012
     37.9312   -118.3361     12.5808      0.8364      0.8213     -0.0000      0.0000      0.0000     90.5464     62.1841    -95.0000      0.0005     -0.0033      0.0011
     37.9278   -118.3361     13.3076      0.8362      0.8213     -0.0000      0.0001      0.0001     90.4464     62.3100    -95.0000      0.0006     -0.0031      0.0010
     37.9243   -118.3361     14.0353      0.8361      0.8213     -0.0000      0.0001      0.0001     90.3415     62.4361    -95.0000      0.0007     -0.0024      0.0010
     37.9209   -118.3361     14.7638      0.8360      0.8213     -0.0000      0.0002      0.0002     90.2317     62.5625    -95.0000      0.0008     -0.0013      0.0010
     37.9175   -118.3361     15.4931      0.8358      0.8213     -0.0000      0.0003      0.0003     90.1170     62.6891    -95.0000      0.0009      0.0002      0.0009
     37.9141   -118.3362     16.2233      0.8357      0.8213     -0.0000      0.0004      0.0004     89.9974     62.8159    -95.0000      0.0010      0.0016      0.0009
     37.9108   -118.3362     16.9543      0.8356      0.8213     -0.0000      0.0004      0.0004     89.8728     62.9431    -95.0000      0.0011      0.0045      0.0008
     37.9916   -118.3262      0.3557      0.8389      0.8208      0.0000      0.0000      0.0000     91.5267     60.0705      0.0000     -0.0028     -0.0023      0.0040
     37.9880   -118.3262      1.0674      0.8387      0.8208      0.0000      0.0000      0.0000     91.5058     60.1993      0.0000     -0.0027     -0.0021      0.0037
     37.9843   -118.3262      1.7801      0.8386      0.8208      0.0000      0.0000      0.0000     91.4804     60.3282      0.0000     -0.0025     -0.0019      0.0034
     37.9806   -118.3262      2.4937      0.8384      0.8208      0.0000      0.0000      0.0000     91.4505     60.4573      0.0000     -0.0023     -0.0018      0.0031
     37.9770   -118.3263      3.2082      0.8383      0.8208      0.0000      0.0000      0.0000     91.4162     60.5864      0.0000     -0.0020     -0.0018      0.0028
     37.9734   -118.3263      3.9236      0.8381      0.8208      0.0000      0.0000      0.0000     91.3773     60.7157      0.0000     -0.0018     -0.0017      0.0026
     37.9698   -118.3263      4.6400      0.8380      0.8208      0.0000      0.0000      0.0000     91.3340     60.8451      0.0000     -0.0015     -0.0017      0.0024
     37.9662   -118.3263      5.3572      0.8378      0.8208      0.0000      0.0000      0.0000     91.2860     60.9746      0.0000     -0.0013     -0.0018      0.0022
     37.9626   -118.3263      6.0754      0.8377      0.8208      0.0000      0.0000      0.0000     91.2335     61.1042      0.0000     -0.0010     -0.0018      0.0020
     37.9591   -118.3264      6.7944      0.8375      0.8208      0.0000      0.0000      0.0000     91.1763     61.2340      0.0000     -0.0008     -0.0019      0.0019
     37.9555   -118.3264      7.5143      0.8374      0.8208      0.0000      0.0000      0.0000     91.1146     61.3639      0.0000     -0.0005     -0.0020      0.0017
     37.9520   -118.3264      8.2352      0.8372      0.8208      0.0000      0.0000      0.0000     91.0481     61.4940      0.0000     -0.0003     -0.0021      0.0016
     37.9485   -118.3264      8.9569      0.8371      0.8208      0.0000      0.0000      0.0000     90.9770     61.6242      0.0000     -0.0001     -0.0023      0.0015
     37.9450   -118.3264      9.6795      0.8369      0.8208      0.0000      0.0000      0.0000     90.9012     61.7547      0.0000      0.0001     -0.0024      0.0014
     37.9415   -118.3265     10.4030      0.8368      0.8208      0.0000      0.0000      0.0000     90.8206     61.8852      0.0000      0.0002     -0.0027      0.0014
     37.9380   -118.3265     11.1274      0.8366      0.8208      0.0000      0.0000      0.0000     90.7353     62.0160      0.0000      0.0004     -0.0031      0.0013
     37.9346   -118.3265     11.8527      0.8365      0.8208     -0.0000      0.0000      0.0000     90.6452     62.1470    -95.0000      0.0005     -0.0036      0.0012
     37.9311   -118.3265     12.5789      0.8364      0.8208     -0.0000      0.0000      0.0000     90.5503     62.2782    -95.0000      0.0006     -0.0038      0.0012
     37.9277   -118.3266     13.3059      0.8362      0.8208     -0.0000      0.0001      0.0001     90.4505     62.4096    -95.0000      0.0008     -0.0033      0.0011
     37.9243   -118.3266     14.0338      0.8361      0.8208     -0.0000      0.0002      0.0002     90.3459     62.5413    -95.0000      0.0009     -0.0023      0.0010
     37.9209   -118.3266     14.7626      0.8360      0.8208     -0.0000      0.0003      0.0003     90.2365     62.6732    -95.0000      0.0010     -0.0010      0.0010
     37.9175   -118.3266     15.4922      0.8358      0.8208     -0.0000      0.0004      0.0004     90.1221     62.8053    -95.0000      0.0011      0.0006      0.0010
     37.9141   -118.3266     16.2227      0.8357      0.8208     -0.0000      0.0005      0.0005     90.0028     62.9378    -95.0000      0.0012      0.0023      0.0009
     37.9108   -118.3266     16.9541      0.8356      0.8208     -0.0000      0.0005      0.0005     89.8785     63.0705    -95.0000      0.0012      0.0060      0.0009
     37.9914   -118.3166      0.3555      0.8389      0.8203      0.0000      0.0000      0.0000     91.5268     60.0729      0.0000     -0.0031     -0.0025      0.0044
     37.9878   -118.3166      1.0668      0.8387      0.8203      0.0000      0.0000      0.0000     91.5059     60.2070      0.0000     -0.0030     -0.0023      0.0040
     37.9841   -118.3167      1.7792      0.8386      0.8203      0.0000      0.0000      0.0000     91.4807     60.3412      0.0000     -0.0028     -0.0021      0.0037
     37.9805   -118.3167      2.4924      0.8384      0.8203      0.0000      0.0000      0.0000     91.4510     60.4755      0.0000     -0.0025     -0.0020      0.0034
     37.9768   -118.3167      3.2067      0.8383      0.8203      0.0000      0.0000      0.0000     91.4168     60.6099      0.0000     -0.0022     -0.0020      0.0030
     37.9732   -118.3167      3.9219      0.8381      0.8203      0.0000      0.0000      0.0000     91.3782     60.7445      0.0000     -0.0020     -0.0020      0.0028
     37.9696   -118.3167      4.6380      0.8380      0.8203      0.0000      0.0000      0.0000     91.3350     60.8793      0.0000     -0.0016     -0.0020      0.0025
     37.9660   -118.3168      5.3551      0.8378      0.8203      0.0000      0.0000      0.0000     91.2872     61.0141      0.0000     -0.0013     -0.0020      0.0023
     37.9625   -118.3168      6.0731      0.8377      0.8203      0.0000      0.0000      0.0000     91.2349     61.1491      0.0000     -0.0011     -0.0021      0.0021
     37.9589   -118.3168      6.7920      0.8375      0.8203      0.0000      0.0000      0.0000     91.1780     61.2843      0.0000     -0.0008     -0.0022      0.0020
     37.9554   -118.3168      7.5119      0.8374      0.8203      0.0000      0.0000      0.0000     91.1165     61.4196      0.0000     -0.0005     -0.0024      0.0018
     37.9519   -118.3169      8.2327      0.8372      0.8203      0.0000      0.0000      0.0000     91.0503     61.5551      0.0000     -0.0003     -0.0025      0.0017
     37.9483   -118.3169      8.9544      0.8371      0.8203      0.0000      0.0000      0.0000     90.9795     61.6908      0.0000     -0.0001     -0.0027      0.0016
     37.9449   -118.3169      9.6771      0.8369      0.8203      0.0000      0.0000      0.0000     90.9039     61.8267      0.0000      0.0001     -0.0029      0.0015
     37.9414   -118.3169     10.4007      0.8368      0.8203      0.0000      0.0000      0.0000     90.8236     61.9627      0.0000      0.0003     -0.0033      0.0014
     37.9379   -118.3170     11.1252      0.8366      0.8203     -0.0000      0.0000      0.0000     90.7386     62.0989    -95.0000      0.0005     -0.0040      0.0013
     37.9345   -118.3170     11.8506      0.8365      0.8203     -0.0000      0.0000      0.0000     90.6488     62.2354    -95.0000      0.0006     -0.0043      0.0013
     37.9310   -118.3170     12.5769      0.8364      0.8203     -0.0000      0.0001      0.0001     90.5541     62.3721    -95.0000      0.0008     -0.0041      0.0012
     37.9276   -118.3170     13.3042      0.8362      0.8203     -0.0000      0.0002      0.0002     90.4547     62.5090    -95.0000      0.0009     -0.0033      0.0011
     37.9242   -118.3170     14.0323      0.8361      0.8203     -0.0000      0.0003      0.0003     90.3504     62.6462    -95.0000      0.0011     -0.0021      0.0011
     37.9209   -118.3171     14.7614      0.8360      0.8203     -0.0000      0.0004      0.0004     90.2412     62.7836    -95.0000      0.0012     -0.0007      0.0010
     37.9175   -118.3171     15.4913      0.8358      0.8203     -0.0000      0.0006      0.0006     90.1272     62.9213    -95.0000      0.0013      0.0011      0.0010
     37.9141   -118.3171     16.2222      0.8357      0.8203     -0.0001      0.0006      0.0006     90.0082     63.0593    -95.0000      0.0014      0.0029      0.0010
     37.9108   -118.3171     16.9539      0.8356      0.8203     -0.0001      0.0006      0.0006     89.8842     63.1977    -95.0000      0.0014      0.0077      0.0009
     37.9912   -118.3070      0.3553      0.8389      0.8198      0.0000      0.0000      0.0000     91.5268     60.0752      0.0000     -0.0035     -0.0028      0.0049
     37.9876   -118.3071      1.0662      0.8387      0.8198      0.0000      0.0000      0.0000     91.5061     60.2146      0.0000     -0.0034     -0.0026      0.0045
     37.9839   -118.3071      1.7782      0.8386      0.8198      0.0000      0.0000      0.0000     91.4810     60.3540      0.0000     -0.0031     -0.0024      0.0040
     37.9803   -118.3071      2.4912      0.8384      0.8198      0.0000      0.0000      0.0000     91.4514     60.4937      0.0000     -0.0028     -0.0023      0.0036
     37.9766   -118.3071      3.2052      0.8383      0.8198      0.0000      0.0000      0.0000     91.4174     60.6334      0.0000     -0.0025     -0.0022      0.0033
     37.9730   -118.3072      3.9201      0.8381      0.8198      0.0000      0.0000      0.0000     91.3790     60.7733      0.0000     -0.0021     -0.0022      0.0030
     37.9694   -118.3072      4.6360      0.8380      0.8198      0.0000      0.0000      0.0000     91.3360     60.9134      0.0000     -0.0018     -0.0023      0.0027
     37.9659   -118.3072      5.3529      0.8378      0.8198      0.0000      0.0000      0.0000     91.2884     61.0536      0.0000     -0.0014     -0.0024      0.0025
     37.9623   -118.3072      6.0708      0.8377      0.8198      0.0000      0.0000      0.0000     91.2364     61.1940      0.0000     -0.0011     -0.0025      0.0022
     37.9588   -118.3073      6.7897      0.8375      0.8198      0.0000      0.0000      0.0000     91.1797     61.3345      0.0000     -0.0008     -0.0026      0.0021
     37.9552   -118.3073      7.5095      0.8374      0.8198      0.0000      0.0000      0.0000     91.1184     61.4752      0.0000     -0.0005     -0.0028      0.0019
     37.9517   -118.3073      8.2302      0.8372      0.8198      0.0000      0.0000      0.0000     91.0525     61.6161      0.0000     -0.0002     -0.0030      0.0018
     37.9482   -118.3073      8.9520      0.8371      0.8198      0.0000      0.0000      0.0000     90.9819     61.7572      0.0000      0.0000     -0.0033      0.0017
     37.9447   -118.3074      9.6747      0.8369      0.8198      0.0000      0.0000      0.0000     90.9066     61.8985      0.0000      0.0002     -0.0037      0.0016
     37.9413   -118.3074     10.3983      0.8368      0.8198      0.0000      0.0000      0.0000     90.8266     62.0400      0.0000      0.0004     -0.0044      0.0015
     37.9378   -118.3074     11.1229      0.8366      0.8198     -0.0000      0.0000      0.0000     90.7418     62.1817    -95.0000      0.0006     -0.0049      0.0014
     37.9344   -118.3074     11.8485      0.8365      0.8198     -0.0000      0.0001      0.0001     90.6523     62.3236    -95.0000      0.0008     -0.0048      0.0013
     37.9310   -118.3075     12.5750      0.8364      0.8198     -0.0000      0.0002      0.0002     90.5580     62.4658    -95.0000      0.0010     -0.0042      0.0012
     37.9276   -118.3075     13.3025      0.8362      0.8198     -0.0000      0.0003      0.0003     90.4588     62.6082    -95.0000      0.0011     -0.0032      0.0012
     37.9242   -118.3075     14.0308      0.8361      0.8198     -0.0000      0.0004      0.0004     90.3548     62.7509    -95.0000      0.0013     -0.0019      0.0011
     37.9208   -118.3075     14.7602      0.8359      0.8198     -0.0001      0.0006      0.0006     90.2460     62.8939    -95.0000      0.0014     -0.0003      0.0011
     37.9175   -118.3076     15.4904      0.8358      0.8198     -0.0001      0.0007      0.0007     90.1322     63.0371    -95.0000      0.0015      0.0015      0.0010
     37.9141   -118.3076     16.2216      0.8357      0.8198     -0.0001      0.0008      0.0008     90.0135     63.1807    -95.0000      0.0016      0.0036      0.0010
     37.9108   -118.3076     16.9537      0.8356      0.8198     -0.0001      0.0007      0.0007     89.8899     63.3246    -95.0000      0.0015      0.0094      0.0010
     37.9910   -118.2975      0.3551      0.8389      0.8193      0.0000      0.0000      0.0000     91.5269     60.0776      0.0000     -0.0040     -0.0032      0.0055
     37.9874   -118.2975      1.0657      0.8388      0.8193      0.0000      0.0000      0.0000     91.5063     60.2222      0.0000     -0.0038     -0.0029      0.0050
     37.9837   -118.2975      1.7773      0.8386      0.8193      0.0000      0.0000      0.0000     91.4813     60.3669      0.0000     -0.0035     -0.0027      0.0045
     37.9801   -118.2975      2.4900      0.8384      0.8193      0.0000      0.0000      0.0000     91.4519     60.5118      0.0000     -0.0031     -0.0025      0.0040
     37.9765   -118.2976      3.2037      0.8383      0.8193      0.0000      0.0000      0.0000     91.4181     60.6568      0.0000     -0.0027     -0.0025      0.0036
     37.9729   -118.2976      3.9184      0.8381      0.8193      0.0000      0.0000      0.0000     91.3798     60.8020      0.0000     -0.0023     -0.0025      0.0032
     37.9693   -118.2976      4.6341      0.8380      0.8193      0.0000      0.0000      0.0000     91.3370     60.9474      0.0000     -0.0019     -0.0026      0.0029
     37.9657   -118.2977      5.3508      0.8378      0.8193      0.0000      0.0000      0.0000     91.2896     61.0929      0.0000     -0.0015     -0.0027      0.0026
     37.9621   -118.2977      6.0686      0.8377      0.8193      0.0000      0.0000      0.0000     91.2378     61.2387      0.0000     -0.0011     -0.0029      0.0024
     37.9586   -118.2977      6.7873      0.8375      0.8193      0.0000      0.0000      0.0000     91.1813     61.3846      0.0000     -0.0008     -0.0031      0.0022
     37.9551   -118.2977      7.5071      0.8374      0.8194      0.0000      0.0000      0.0000     91.1203     61.5307      0.0000     -0.0004     -0.0033      0.0020
     37.9516   -118.2978      8.2278      0.8372      0.8194      0.0000      0.0000      0.0000     91.0546     61.6770      0.0000     -0.0001     -0.0036      0.0019
     37.9481   -118.2978      8.9496      0.8371      0.8194      0.0000      0.0000      0.0000     90.9843     61.8235      0.0000      0.0001     -0.0040      0.0017
     37.9446   -118.2978      9.6723      0.8369      0.8194      0.0000      0.0000      0.0000     90.9093     61.9702      0.0000      0.0003     -0.0048      0.0016
     37.9412   -118.2978     10.3960      0.8368      0.8194     -0.0000      0.0000      0.0000     90.8295     62.1171    -95.0000      0.0006     -0.0055      0.0015
     37.9377   -118.2979     11.1207      0.8366      0.8194     -0.0000      0.0001      0.0001     90.7451     62.2643    -95.0000      0.0008     -0.0056      0.0014
     37.9343   -118.2979     11.8464      0.8365      0.8194     -0.0000      0.0002      0.0002     90.6558     62.4117    -95.0000      0.0010     -0.0051      0.0014
     37.9309   -118.2979     12.5731      0.8364      0.8194     -0.0000      0.0003      0.0003     90.5618     62.5593    -95.0000      0.0012     -0.0042      0.0013
     37.9275   -118.2979     13.3008      0.8362      0.8194     -0.0000      0.0004      0.0004     90.4629     62.7072    -95.0000      0.0013     -0.0030      0.0012
     37.9241   -118.2980     14.0294      0.8361      0.8194     -0.0001      0.0006      0.0006     90.3592     62.8554    -95.0000      0.0015     -0.0016      0.0012
     37.9208   -118.2980     14.7590      0.8359      0.8194     -0.0001      0.0007      0.0007     90.2507     63.0039    -95.0000      0.0016      0.0001      0.0011
     37.9175   -118.2980     15.4895      0.8358      0.8194     -0.0001      0.0009      0.0009     90.1372     63.1527    -95.0000      0.0017      0.0020      0.0011
     37.9141   -118.2981     16.2211      0.8357      0.8193     -0.0001      0.0009      0.0009     90.0189     63.3018    -95.0000      0.0018      0.0042      0.0011
     37.9108   -118.2981     16.9535      0.8356      0.8193     -0.0001      0.0009      0.0009     89.8955     63.4513    -95.0000      0.0017      0.0114      0.0010
     37.9908   -118.2879      0.3549      0.8389      0.8188      0.0000      0.0000      0.0000     91.5268     60.0800      0.0000     -0.0045     -0.0035      0.0062
     37.9872   -118.2879      1.0651      0.8388      0.8188      0.0000      0.0000      0.0000     91.5060     60.2298      0.0000     -0.0043     -0.0032      0.0055
     37.9835   -118.2880      1.7764      0.8386      0.8188      0.0000      0.0000      0.0000     91.4809     60.3798      0.0000     -0.0039     -0.0030      0.0049
     37.9799   -118.2880      2.4887      0.8384      0.8188      0.0000      0.0000      0.0000     91.4512     60.5300      0.0000     -0.0035     -0.0029      0.0043
     37.9763   -118.2880      3.2021      0.8383      0.8188      0.0000      0.0000      0.0000     91.4171     60.6803      0.0000     -0.0030     -0.0028      0.0038
     37.9727   -118.2880      3.9166      0.8381      0.8189      0.0000      0.0000      0.0000     91.3785     60.8309      0.0000     -0.0025     -0.0029      0.0034
     37.9691   -118.2881      4.6321      0.8380      0.8189      0.0000      0.0000      0.0000     91.3353     60.9816      0.0000     -0.0020     -0.0030      0.0030
     37.9655   -118.2881      5.3487      0.8378      0.8189      0.0000      0.0000      0.0000     91.2876     61.1325      0.0000     -0.0016     -0.0032      0.0027
     37.9620   -118.2881      6.0663      0.8377      0.8189      0.0000      0.0000      0.0000     91.2352     61.2835      0.0000     -0.0011     -0.0034      0.0025
     37.9584   -118.2882      6.7850      0.8375      0.8189      0.0000      0.0000      0.0000     91.1783     61.4348      0.0000     -0.0007     -0.0037      0.0023
     37.9549   -118.2882      7.5046      0.8374      0.8189      0.0000      0.0000      0.0000     91.1166     61.5863      0.0000     -0.0004     -0.0041      0.0021
     37.9514   -118.2882      8.2254      0.8372      0.8189      0.0000      0.0000      0.0000     91.0503     61.7380      0.0000     -0.0000     -0.0045      0.0019
     37.9480   -118.2882      8.9471      0.8371      0.8189      0.0000      0.0000      0.0000     90.9793     61.8900      0.0000      0.0002     -0.0052      0.0018
     37.9445   -118.2883      9.6699      0.8369      0.8189     -0.0000      0.0000      0.0000     90.9036     62.0421    -95.0000      0.0005     -0.0062      0.0017
     37.9411   -118.2883     10.3937      0.8368      0.8189     -0.0000      0.0001      0.0001     90.8231     62.1945    -95.0000      0.0007     -0.0065      0.0016
     37.9376   -118.2883     11.1185      0.8366      0.8189     -0.0000      0.0002      0.0002     90.7377     62.3471    -95.0000      0.0010     -0.0061      0.0015
     37.9342   -118.2884     11.8444      0.8365      0.8189     -0.0000      0.0003      0.0003     90.6476     62.5000    -95.0000      0.0012     -0.0052      0.0014
     37.9308   -118.2884     12.5712      0.8363      0.8189     -0.0000      0.0005      0.0005     90.5526     62.6532    -95.0000      0.0014     -0.0041      0.0013
     37.9275   -118.2884     13.2991      0.8362      0.8189     -0.0001      0.0006      0.0006     90.4528     62.8067    -95.0000      0.0016     -0.0028      0.0013
     37.9241   -118.2884     14.0279      0.8361      0.8189     -0.0001      0.0008      0.0008     90.3480     62.9604    -95.0000      0.0018     -0.0013      0.0012
     37.9208   -118.2885     14.7578      0.8359      0.8189     -0.0001      0.0009      0.0009     90.2383     63.1145    -95.0000      0.0019      0.0005      0.0012
     37.9174   -118.2885     15.4886      0.8358      0.8189     -0.0001      0.0010      0.0011     90.1236     63.2688    -95.0000      0.0020      0.0024      0.0012
     37.9141   -118.2885     16.2205      0.8357      0.8189     -0.0001      0.0011      0.0011     90.0040     63.4236    -95.0000      0.0021      0.0050      0.0011
     37.9108   -118.2886     16.9533      0.8356      0.8189     -0.0001      0.0011      0.0011     89.8794     63.5786    -95.0000      0.0018      0.0135      0.0011
     37.9906   -118.2783      0.3547      0.8389      0.8183      0.0000      0.0000      0.0000     91.5269     60.0824      0.0000     -0.0052     -0.0040      0.0070
     37.9870   -118.2784      1.0645      0.8388      0.8184      0.0000      0.0000      0.0000     91.5062     60.2375      0.0000     -0.0049     -0.0036      0.0062
     37.9833   -118.2784      1.7754      0.8386      0.8184      0.0000      0.0000      0.0000     91.4812     60.3928      0.0000     -0.0044     -0.0034      0.0054
     37.9797   -118.2784      2.4875      0.8384      0.8184      0.0000      0.0000      0.0000     91.4517     60.5483      0.0000     -0.0039     -0.0033      0.0047
     37.9761   -118.2785      3.2006      0.8383      0.8184      0.0000      0.0000      0.0000     91.4177     60.7039      0.0000     -0.0033     -0.0033      0.0041
     37.9725   -118.2785      3.9149      0.8381      0.8184      0.0000      0.0000      0.0000     91.3793     60.8598      0.0000     -0.0027     -0.0034      0.0036
     37.9689   -118.2785      4.6302      0.8380      0.8184      0.0000      0.0000      0.0000     91.3363     61.0159      0.0000     -0.0021     -0.0036      0.0032
     37.9654   -118.2785      5.3466      0.8378      0.8184      0.0000      0.0000      0.0000     91.2888     61.1721      0.0000     -0.0016     -0.0038      0.0029
     37.9618   -118.2786      6.0641      0.8377      0.8184      0.0000      0.0000      0.0000     91.2367     61.3286      0.0000     -0.0011     -0.0041      0.0026
     37.9583   -118.2786      6.7826      0.8375      0.8184      0.0000      0.0000      0.0000     91.1799     61.4853      0.0000     -0.0007     -0.0045      0.0024
     37.9548   -118.2786      7.5022      0.8374      0.8184      0.0000      0.0000      0.0000     91.1186     61.6422      0.0000     -0.0003     -0.0050      0.0022
     37.9513   -118.2787      8.2229      0.8372      0.8184      0.0000      0.0000      0.0000     91.0525     61.7994      0.0000      0.0001     -0.0057      0.0020
     37.9478   -118.2787      8.9447      0.8371      0.8184     -0.0000      0.0000      0.0000     90.9818     61.9568    -95.0000      0.0004     -0.0070      0.0019
     37.9444   -118.2787      9.6675      0.8369      0.8184     -0.0000      0.0001      0.0001     90.9063     62.1144    -95.0000      0.0007     -0.0075      0.0017
     37.9409   -118.2788     10.3914      0.8368      0.8184     -0.0000      0.0002      0.0002     90.8261     62.2723    -95.0000      0.0010     -0.0072      0.0016
     37.9375   -118.2788     11.1163      0.8366      0.8184     -0.0000      0.0003      0.0003     90.7410     62.4304    -95.0000      0.0012     -0.0063      0.0015
     37.9341   -118.2788     11.8423      0.8365      0.8184     -0.0000      0.0005      0.0005     90.6512     62.5889    -95.0000      0.0015     -0.0051      0.0015
     37.9308   -118.2789     12.5693      0.8363      0.8184     -0.0001      0.0007      0.0007     90.5565     62.7476    -95.0000      0.0018     -0.0038      0.0014
     37.9274   -118.2789     13.2974      0.8362      0.8184     -0.0001      0.0008      0.0008     90.4570     62.9066    -95.0000      0.0020     -0.0025      0.0013
     37.9240   -118.2789     14.0265      0.8361      0.8184     -0.0001      0.0010      0.0010     90.3525     63.0659    -95.0000      0.0021     -0.0010      0.0013
     37.9207   -118.2789     14.7566      0.8359      0.8184     -0.0001      0.0012      0.0012     90.2431     63.2255    -95.0000      0.0022      0.0008      0.0012
     37.9174   -118.2790     15.4878      0.8358      0.8184     -0.0001      0.0013      0.0013     90.1288     63.3855    -95.0000      0.0023      0.0029      0.0012
     37.9141   -118.2790     16.2199      0.8357      0.8184     -0.0001      0.0013      0.0013     90.0095     63.5458    -95.0000      0.0023      0.0057      0.0012
     37.9109   -118.2790     16.9531      0.8356      0.8184     -0.0001      0.0012      0.0012     89.8851     63.7065    -95.0000      0.0020      0.0159      0.0012
     37.9904   -118.2688      0.3545      0.8389      0.8179      0.0000      0.0000      0.0000     91.5269     60.0848      0.0000     -0.0059     -0.0046      0.0079
     37.9868   -118.2688      1.0639      0.8388      0.8179      0.0000      0.0000      0.0000     91.5064     60.2452      0.0000     -0.0055     -0.0041      0.0069
     37.9831   -118.2688      1.7745      0.8386      0.8179      0.0000      0.0000      0.0000     91.4815     60.4057      0.0000     -0.0050     -0.0038      0.0060
     37.9795   -118.2689      2.4863      0.8384      0.8179      0.0000      0.0000      0.0000     91.4521     60.5665      0.0000     -0.0043     -0.0037      0.0052
     37.9759   -118.2689      3.1991      0.8383      0.8179      0.0000      0.0000      0.0000     91.4184     60.7275      0.0000     -0.0036     -0.0038      0.0044
     37.9723   -118.2689      3.9131      0.8381      0.8179      0.0000      0.0000      0.0000     91.3801     60.8887      0.0000     -0.0029     -0.0040      0.0039
     37.9687   -118.2690      4.6282      0.8380      0.8179      0.0000      0.0000      0.0000     91.3373     61.0501      0.0000     -0.0023     -0.0042      0.0034
     37.9652   -118.2690      5.3445      0.8378      0.8179      0.0000      0.0000      0.0000     91.2900     61.2117      0.0000     -0.0016     -0.0046      0.0030
     37.9617   -118.2690      6.0618      0.8377      0.8179      0.0000      0.0000      0.0000     91.2381     61.3736      0.0000     -0.0011     -0.0050      0.0027
     37.9581   -118.2691      6.7803      0.8375      0.8179      0.0000      0.0000      0.0000     91.1816     61.5357      0.0000     -0.0006     -0.0056      0.0024
     37.9546   -118.2691      7.4999      0.8374      0.8179      0.0000      0.0000      0.0000     91.1205     61.6980      0.0000     -0.0002     -0.0063      0.0022
     37.9512   -118.2691      8.2205      0.8372      0.8179      0.0000      0.0000      0.0000     91.0547     61.8606      0.0000      0.0002     -0.0077      0.0021
     37.9477   -118.2692      8.9423      0.8371      0.8179     -0.0000      0.0000      0.0000     90.9842     62.0234    -95.0000      0.0006     -0.0087      0.0019
     37.9443   -118.2692      9.6652      0.8369      0.8179     -0.0000      0.0001      0.0001     90.9090     62.1865    -95.0000      0.0009     -0.0085      0.0018
     37.9408   -118.2692     10.3891      0.8368      0.8179     -0.0000      0.0003      0.0003     90.8290     62.3499    -95.0000      0.0013     -0.0077      0.0017
     37.9374   -118.2693     11.1141      0.8366      0.8179     -0.0000      0.0005      0.0005     90.7443     62.5135    -95.0000      0.0016     -0.0063      0.0016
     37.9340   -118.2693     11.8403      0.8365      0.8179     -0.0001      0.0007      0.0007     90.6548     62.6775    -95.0000      0.0019     -0.0049      0.0015
     37.9307   -118.2693     12.5674      0.8363      0.8179     -0.0001      0.0009      0.0009     90.5604     62.8417    -95.0000      0.0021     -0.0036      0.0015
     37.9273   -118.2693     13.2957      0.8362      0.8179     -0.0001      0.0011      0.0011     90.4611     63.0063    -95.0000      0.0023     -0.0022      0.0014
     37.9240   -118.2694     14.0250      0.8361      0.8179     -0.0001      0.0013      0.0013     90.3570     63.1711    -95.0000      0.0025     -0.0007      0.0013
     37.9207   -118.2694     14.7554      0.8359      0.8179     -0.0001      0.0014      0.0014     90.2479     63.3363    -95.0000      0.0026      0.0012      0.0013
     37.9174   -118.2694     15.4869      0.8358      0.8179     -0.0001      0.0015      0.0015     90.1339     63.5019    -95.0000      0.0026      0.0034      0.0013
     37.9141   -118.2695     16.2194      0.8357      0.8179     -0.0001      0.0015      0.0015     90.0149     63.6678    -95.0000      0.0026      0.0066      0.0013
     37.9109   -118.2695     16.9530      0.8356      0.8179     -0.0001      0.0015      0.0015     89.8909     63.8341    -95.0000      0.0022      0.0185      0.0013
     37.9902   -118.2592      0.3543      0.8389      0.8174      0.0000      0.0000      0.0000     91.5268     60.0872      0.0000     -0.0068     -0.0052      0.0090
     37.9866   -118.2592      1.0633      0.8388      0.8174      0.0000      0.0000      0.0000     91.5062     60.2528      0.0000     -0.0063     -0.0046      0.0078
     37.9829   -118.2593      1.7736      0.8386      0.8174      0.0000      0.0000      0.0000     91.4811     60.4187      0.0000     -0.0056     -0.0044      0.0066
     37.9793   -118.2593      2.4850      0.8384      0.8174      0.0000      0.0000      0.0000     91.4515     60.5848      0.0000     -0.0048     -0.0043      0.0056
     37.9757   -118.2593      3.1976      0.8383      0.8174      0.0000      0.0000      0.0000     91.4174     60.7511      0.0000     -0.0040     -0.0044      0.0048
     37.9721   -118.2594      3.9114      0.8381      0.8174      0.0000      0.0000      0.0000     91.3789     60.9176      0.0000     -0.0031     -0.0047      0.0041
     37.9686   -118.2594      4.6263      0.8380      0.8174      0.0000      0.0000      0.0000     91.3357     61.0844      0.0000     -0.0024     -0.0051      0.0035
     37.9650   -118.2594      5.3424      0.8378      0.8174      0.0000      0.0000      0.0000     91.2880     61.2514      0.0000     -0.0017     -0.0056      0.0031
     37.9615   -118.2595      6.0596      0.8377      0.8174      0.0000      0.0000      0.0000     91.2356     61.4187      0.0000     -0.0010     -0.0062      0.0028
     37.9580   -118.2595      6.7780      0.8375      0.8174      0.0000      0.0000      0.0000     91.1786     61.5862      0.0000     -0.0005     -0.0070      0.0025
     37.9545   -118.2595      7.4975      0.8374      0.8174      0.0000      0.0000      0.0000     91.1169     61.7540      0.0000      0.0000     -0.0084      0.0023
     37.9510   -118.2596      8.2181      0.8372      0.8174     -0.0000      0.0000      0.0000     91.0505     61.9220    -95.0000      0.0005     -0.0099      0.0021
     37.9476   -118.2596      8.9399      0.8371      0.8174     -0.0000      0.0001      0.0001     90.9794     62.0903    -95.0000      0.0008     -0.0100      0.0020
     37.9441   -118.2596      9.6628      0.8369      0.8174     -0.0000      0.0003      0.0003     90.9035     62.2589    -95.0000      0.0012     -0.0093      0.0018
     37.9407   -118.2597     10.3868      0.8368      0.8174     -0.0000      0.0005      0.0005     90.8227     62.4278    -95.0000      0.0016     -0.0077      0.0017
     37.9373   -118.2597     11.1120      0.8366      0.8174     -0.0001      0.0008      0.0008     90.7372     62.5970    -95.0000      0.0020     -0.0062      0.0016
     37.9340   -118.2597     11.8382      0.8365      0.8174     -0.0001      0.0010      0.0010     90.6468     62.7664    -95.0000      0.0023     -0.0046      0.0016
     37.9306   -118.2598     12.5656      0.8363      0.8174     -0.0001      0.0012      0.0012     90.5514     62.9362    -95.0000      0.0026     -0.0032      0.0015
     37.9273   -118.2598     13.2940      0.8362      0.8174     -0.0001      0.0014      0.0014     90.4512     63.1064    -95.0000      0.0028     -0.0019      0.0015
     37.9240   -118.2598     14.0236      0.8361      0.8174     -0.0001      0.0016      0.0016     90.3460     63.2769    -95.0000      0.0029     -0.0003      0.0014
     37.9207   -118.2599     14.7543      0.8359      0.8174     -0.0001      0.0017      0.0017     90.2358     63.4477    -95.0000      0.0030      0.0015      0.0014
     37.9174   -118.2599     15.4860      0.8358      0.8174     -0.0002      0.0018      0.0018     90.1206     63.6189    -95.0000      0.0030      0.0040      0.0014
     37.9141   -118.2599     16.2189      0.8357      0.8174     -0.0002      0.0018      0.0018     90.0003     63.7904    -95.0000      0.0030      0.0075      0.0013
     37.9109   -118.2600     16.9528      0.8356      0.8174     -0.0001      0.0017      0.0017     89.8750     63.9624    -95.0000      0.0024      0.0216      0.0013
     37.9900   -118.2496      0.3541      0.8389      0.8169      0.0000      0.0000      0.0000     91.5269     60.0896      0.0000     -0.0079     -0.0060      0.0104
     37.9864   -118.2497      1.0628      0.8388      0.8169      0.0000      0.0000      0.0000     91.5065     60.2605      0.0000     -0.0073     -0.0053      0.0088
     37.9827   -118.2497      1.7727      0.8386      0.8169      0.0000      0.0000      0.0000     91.4817     60.4317      0.0000     -0.0064     -0.0050      0.0073
     37.9791   -118.2497      2.4838      0.8384      0.8169      0.0000      0.0000      0.0000     91.4525     60.6031      0.0000     -0.0054     -0.0050      0.0061
     37.9755   -118.2498      3.1961      0.8383      0.8169      0.0000      0.0000      0.0000     91.4188     60.7747      0.0000     -0.0044     -0.0053      0.0051
     37.9719   -118.2498      3.9097      0.8381      0.8169      0.0000      0.0000      0.0000     91.3807     60.9466      0.0000     -0.0034     -0.0057      0.0043
     37.9684   -118.2498      4.6244      0.8380      0.8169      0.0000      0.0000      0.0000     91.3380     61.1188      0.0000     -0.0025     -0.0062      0.0037
     37.9648   -118.2499      5.3403      0.8378      0.8169      0.0000      0.0000      0.0000     91.2908     61.2912      0.0000     -0.0016     -0.0069      0.0032
     37.9613   -118.2499      6.0574      0.8377      0.8169      0.0000      0.0000      0.0000     91.2390     61.4639      0.0000     -0.0009     -0.0078      0.0028
     37.9578   -118.2500      6.7757      0.8375      0.8169      0.0000      0.0000      0.0000     91.1826     61.6368      0.0000     -0.0003     -0.0092      0.0026
     37.9543   -118.2500      7.4951      0.8374      0.8169     -0.0000      0.0000      0.0000     91.1216     61.8100    -91.2735      0.0003     -0.0113      0.0023
     37.9509   -118.2500      8.2157      0.8372      0.8169     -0.0000      0.0001      0.0001     91.0559     61.9835    -95.0000      0.0007     -0.0118      0.0021
     37.9474   -118.2501      8.9375      0.8371      0.8169     -0.0000      0.0003      0.0003     90.9855     62.1573    -95.0000      0.0012     -0.0113      0.0020
     37.9440   -118.2501      9.6604      0.8369      0.8169     -0.0000      0.0005      0.0005     90.9103     62.3314    -95.0000      0.0016     -0.0095      0.0019
     37.9406   -118.2501     10.3845      0.8368      0.8169     -0.0001      0.0008      0.0008     90.8304     62.5058    -95.0000      0.0021     -0.0077      0.0018
     37.9372   -118.2502     11.1098      0.8366      0.8169     -0.0001      0.0011      0.0011     90.7457     62.6805    -95.0000      0.0024     -0.0057      0.0017
     37.9339   -118.2502     11.8362      0.8365      0.8169     -0.0001      0.0013      0.0013     90.6561     62.8555    -95.0000      0.0028     -0.0042      0.0016
     37.9305   -118.2502     12.5637      0.8363      0.8169     -0.0001      0.0016      0.0016     90.5617     63.0309    -95.0000      0.0031     -0.0028      0.0016
     37.9272   -118.2503     13.2924      0.8362      0.8169     -0.0002      0.0017      0.0017     90.4624     63.2066    -95.0000      0.0033     -0.0016      0.0015
     37.9239   -118.2503     14.0222      0.8361      0.8169     -0.0002      0.0019      0.0019     90.3582     63.3827    -95.0000      0.0034     -0.0001      0.0015
     37.9206   -118.2504     14.7531      0.8359      0.8169     -0.0002      0.0020      0.0020     90.2491     63.5591    -95.0000      0.0034      0.0019      0.0015
     37.9174   -118.2504     15.4852      0.8358      0.8169     -0.0002      0.0021      0.0021     90.1349     63.7359    -95.0000      0.0034      0.0045      0.0014
     37.9141   -118.2504     16.2183      0.8357      0.8169     -0.0002      0.0021      0.0021     90.0158     63.9131    -95.0000      0.0033      0.0086      0.0014
     37.9109   -118.2505     16.9526      0.8356      0.8169     -0.0002      0.0019      0.0020     89.8916     64.0907    -95.0000      0.0026      0.0248      0.0014
     37.9898   -118.2400      0.3539      0.8389      0.8164      0.0000      0.0000      0.0000     91.5269     60.0920    -85.0000     -0.0092     -0.0069      0.0119
     37.9862   -118.2401      1.0622      0.8388      0.8164      0.0000      0.0000      0.0000     91.5065     60.2682      0.0000     -0.0084     -0.0062      0.0099
     37.9825   -118.2401      1.7718      0.8386      0.8164      0.0000      0.0000      0.0000     91.4817     60.4446      0.0000     -0.0073     -0.0059      0.0081
     37.9789   -118.2402      2.4826      0.8384      0.8165      0.0000      0.0000      0.0000     91.4524     60.6213      0.0000     -0.0060     -0.0060      0.0066
     37.9753   -118.2402      3.1947      0.8383      0.8165      0.0000      0.0000      0.0000     91.4187     60.7983      0.0000     -0.0048     -0.0063      0.0054
     37.9718   -118.2403      3.9079      0.8381      0.8165      0.0000      0.0000      0.0000     91.3805     60.9755      0.0000     -0.0036     -0.0070      0.0045
     37.9682   -118.2403      4.6225      0.8380      0.8165      0.0000      0.0000      0.0000     91.3377     61.1531      0.0000     -0.0025     -0.0077      0.0038
     37.9647   -118.2403      5.3382      0.8378      0.8165      0.0000      0.0000      0.0000     91.2904     61.3308      0.0000     -0.0016     -0.0087      0.0033
     37.9612   -118.2404      6.0552      0.8377      0.8165      0.0000      0.0000      0.0000     91.2385     61.5089      0.0000     -0.0008     -0.0101      0.0029
     37.9577   -118.2404      6.7734      0.8375      0.8165      0.0000      0.0000      0.0000     91.1820     61.6873    -85.0000     -0.0001     -0.0126      0.0026
     37.9542   -118.2404      7.4927      0.8374      0.8165     -0.0000      0.0001      0.0001     91.1208     61.8659    -95.0000      0.0005     -0.0139      0.0023
     37.9507   -118.2405      8.2133      0.8372      0.8165     -0.0000      0.0003      0.0003     91.0549     62.0449    -95.0000      0.0011     -0.0138      0.0022
     37.9473   -118.2405      8.9351      0.8371      0.8165     -0.0000      0.0005      0.0005     90.9843     62.2241    -95.0000      0.0016     -0.0118      0.0020
     37.9439   -118.2406      9.6581      0.8369      0.8165     -0.0001      0.0009      0.0009     90.9089     62.4037    -95.0000      0.0022     -0.0098      0.0019
     37.9405   -118.2406     10.3823      0.8368      0.8165     -0.0001      0.0012      0.0012     90.8288     62.5836    -95.0000      0.0026     -0.0072      0.0018
     37.9371   -118.2406     11.1076      0.8366      0.8165     -0.0001      0.0015      0.0015     90.7438     62.7638    -95.0000      0.0030     -0.0054      0.0018
     37.9338   -118.2407     11.8342      0.8365      0.8165     -0.0002      0.0018      0.0018     90.6540     62.9444    -95.0000      0.0034     -0.0036      0.0017
     37.9305   -118.2407     12.5619      0.8363      0.8165     -0.0002      0.0020      0.0020     90.5593     63.1253    -95.0000      0.0036     -0.0025      0.0016
     37.9271   -118.2407     13.2907      0.8362      0.8165     -0.0002      0.0021      0.0021     90.4596     63.3066    -95.0000      0.0038     -0.0012      0.0016
     37.9239   -118.2408     14.0208      0.8361      0.8165     -0.0002      0.0023      0.0023     90.3551     63.4883    -95.0000      0.0040      0.0002      0.0016
     37.9206   -118.2408     14.7520      0.8359      0.8165     -0.0002      0.0024      0.0024     90.2455     63.6703    -95.0000      0.0040      0.0021      0.0015
     37.9173   -118.2409     15.4843      0.8358      0.8165     -0.0002      0.0024      0.0024     90.1309     63.8528    -95.0000      0.0039      0.0049      0.0015
     37.9141   -118.2409     16.2178      0.8357      0.8165     -0.0002      0.0024      0.0024     90.0114     64.0356    -95.0000      0.0037      0.0093      0.0015
     37.9109   -118.2409     16.9524      0.8356      0.8165     -0.0002      0.0022      0.0022     89.8867     64.2189    -95.0000      0.0028      0.0281      0.0015
     37.9896   -118.2305      0.3537      0.8389      0.8160      0.0000      0.0000      0.0000     91.5269     60.0945    -85.0000     -0.0108     -0.0079      0.0139
     37.9860   -118.2305      1.0616      0.8388      0.8160      0.0000      0.0000      0.0000     91.5065     60.2759      0.0000     -0.0097     -0.0072      0.0113
     37.9823   -118.2306      1.7709      0.8386      0.8160      0.0000      0.0000      0.0000     91.4816     60.4576      0.0000     -0.0083     -0.0069      0.0090
     37.9787   -118.2306      2.4814      0.8384      0.8160      0.0000      0.0000      0.0000     91.4523     60.6397      0.0000     -0.0067     -0.0072      0.0071
     37.9751   -118.2307      3.1932      0.8383      0.8160      0.0000      0.0000      0.0000     91.4186     60.8220      0.0000     -0.0052     -0.0078      0.0057
     37.9716   -118.2307      3.9062      0.8381      0.8160      0.0000      0.0000      0.0000     91.3803     61.0046      0.0000     -0.0038     -0.0087      0.0046
     37.9680   -118.2307      4.6206      0.8380      0.8160      0.0000      0.0000      0.0000     91.3375     61.1875      0.0000     -0.0025     -0.0098      0.0039
     37.9645   -118.2308      5.3361      0.8378      0.8160      0.0000      0.0000      0.0000     91.2901     61.3707      0.0000     -0.0015     -0.0113      0.0033
     37.9610   -118.2308      6.0530      0.8377      0.8160      0.0000      0.0000      0.0000     91.2381     61.5541      0.0000     -0.0006     -0.0137      0.0029
     37.9575   -118.2309      6.7711      0.8375      0.8160     -0.0000      0.0000      0.0000     91.1814     61.7379    -93.3999      0.0003     -0.0163      0.0026
     37.9540   -118.2309      7.4904      0.8374      0.8160     -0.0000      0.0002      0.0002     91.1201     61.9220    -95.0000      0.0010     -0.0169      0.0023
     37.9506   -118.2309      8.2110      0.8372      0.8160     -0.0000      0.0005      0.0005     91.0540     62.1065    -95.0000      0.0016     -0.0149      0.0022
     37.9472   -118.2310      8.9328      0.8371      0.8160     -0.0001      0.0009      0.0009     90.9832     62.2912    -95.0000      0.0023     -0.0127      0.0020
     37.9438   -118.2310      9.6558      0.8369      0.8160     -0.0001      0.0013      0.0013     90.9076     62.4763    -95.0000      0.0028     -0.0093      0.0019
     37.9404   -118.2311     10.3800      0.8368      0.8160     -0.0001      0.0017      0.0017     90.8272     62.6617    -95.0000      0.0034     -0.0072      0.0019
     37.9370   -118.2311     11.1055      0.8366      0.8160     -0.0002      0.0020      0.0020     90.7420     62.8475    -95.0000      0.0037     -0.0048      0.0018
     37.9337   -118.2311     11.8321      0.8365      0.8160     -0.0002      0.0022      0.0022     90.6519     63.0337    -95.0000      0.0041     -0.0036      0.0018
     37.9304   -118.2312     12.5600      0.8363      0.8160     -0.0002      0.0024      0.0025     90.5568     63.2202    -95.0000      0.0043     -0.0022      0.0017
     37.9271   -118.2312     13.2891      0.8362      0.8160     -0.0002      0.0026      0.0026     90.4569     63.4071    -95.0000      0.0045     -0.0011      0.0017
     37.9238   -118.2313     14.0194      0.8361      0.8160     -0.0002      0.0027      0.0027     90.3519     63.5944    -95.0000      0.0046      0.0004      0.0017
     37.9206   -118.2313     14.7508      0.8359      0.8160     -0.0002      0.0027      0.0028     90.2420     63.7820    -95.0000      0.0046      0.0023      0.0016
     37.9173   -118.2313     15.4834      0.8358      0.8160     -0.0002      0.0027      0.0027     90.1270     63.9701    -95.0000      0.0046      0.0048      0.0016
     37.9141   -118.2314     16.2172      0.8357      0.8160     -0.0002      0.0026      0.0027     90.0070     64.1587    -95.0000      0.0043      0.0094      0.0016
     37.9109   -118.2314     16.9522      0.8356      0.8160     -0.0002      0.0025      0.0025     89.8819     64.3476    -95.0000      0.0030      0.0306      0.0016
     37.9894   -118.2209      0.3535      0.8389      0.8155      0.0000      0.0000      0.0000     91.5270     60.0969    -85.0000     -0.0128     -0.0092      0.0162
     37.9858   -118.2210      1.0610      0.8388      0.8155      0.0000      0.0000      0.0000     91.5067     60.2836    -85.0000     -0.0113     -0.0085      0.0128
     37.9821   -118.2210      1.7700      0.8386      0.8155      0.0000      0.0000      0.0000     91.4819     60.4707      0.0000     -0.0094     -0.0083      0.0099
     37.9785   -118.2210      2.4802      0.8384      0.8155      0.0000      0.0000      0.0000     91.4528     60.6580      0.0000     -0.0075     -0.0087      0.0077
     37.9750   -118.2211      3.1917      0.8383      0.8155      0.0000      0.0000      0.0000     91.4192     60.8457      0.0000     -0.0056     -0.0097      0.0059
     37.9714   -118.2211      3.9045      0.8381      0.8155      0.0000      0.0000      0.0000     91.3811     61.0336      0.0000     -0.0039     -0.0110      0.0047
     37.9679   -118.2212      4.6187      0.8380      0.8155      0.0000      0.0000      0.0000     91.3385     61.2219      0.0000     -0.0025     -0.0127      0.0038
     37.9643   -118.2212      5.3341      0.8378      0.8155      0.0000      0.0000      0.0000     91.2913     61.4105      0.0000     -0.0013     -0.0151      0.0032
     37.9608   -118.2213      6.0508      0.8377      0.8155      0.0000      0.0000      0.0000     91.2395     61.5994    -86.6551     -0.0001     -0.0188      0.0028
     37.9574   -118.2213      6.7688      0.8375      0.8155     -0.0000      0.0002      0.0002     91.1831     61.7886    -95.0000      0.0007     -0.0207      0.0025
     37.9539   -118.2213      7.4880      0.8374      0.8155     -0.0000      0.0005      0.0005     91.1220     61.9782    -95.0000      0.0015     -0.0188      0.0023
     37.9505   -118.2214      8.2086      0.8372      0.8155     -0.0001      0.0009      0.0009     91.0562     62.1681    -95.0000      0.0024     -0.0166      0.0021
     37.9471   -118.2214      8.9304      0.8370      0.8155     -0.0001      0.0014      0.0014     90.9857     62.3584    -95.0000      0.0030     -0.0123      0.0020
     37.9437   -118.2215      9.6535      0.8369      0.8155     -0.0002      0.0018      0.0018     90.9104     62.5490    -95.0000      0.0037     -0.0098      0.0020
     37.9403   -118.2215     10.3778      0.8368      0.8155     -0.0002      0.0022      0.0023     90.8303     62.7400    -95.0000      0.0042     -0.0065      0.0019
     37.9369   -118.2216     11.1033      0.8366      0.8155     -0.0002      0.0026      0.0026     90.7453     62.9313    -95.0000      0.0046     -0.0052      0.0019
     37.9336   -118.2216     11.8301      0.8365      0.8155     -0.0002      0.0028      0.0028     90.6555     63.1230    -95.0000      0.0049     -0.0034      0.0018
     37.9303   -118.2216     12.5582      0.8363      0.8155     -0.0003      0.0030      0.0030     90.5608     63.3151    -95.0000      0.0051     -0.0025      0.0018
     37.9270   -118.2217     13.2875      0.8362      0.8155     -0.0003      0.0031      0.0031     90.4611     63.5076    -95.0000      0.0051     -0.0010      0.0018
     37.9238   -118.2217     14.0180      0.8361      0.8155     -0.0003      0.0032      0.0032     90.3565     63.7005    -95.0000      0.0052      0.0006      0.0018
     37.9205   -118.2218     14.7497      0.8359      0.8155     -0.0003      0.0032      0.0032     90.2469     63.8939    -95.0000      0.0053      0.0025      0.0018
     37.9173   -118.2218     15.4826      0.8358      0.8155     -0.0003      0.0031      0.0031     90.1322     64.0876    -95.0000      0.0053      0.0045      0.0017
     37.9141   -118.2218     16.2167      0.8357      0.8155     -0.0003      0.0029      0.0029     90.0125     64.2818    -95.0000      0.0050      0.0084      0.0017
     37.9109   -118.2219     16.9520      0.8356      0.8155     -0.0002      0.0027      0.0027     89.8877     64.4765    -95.0000      0.0034      0.0320      0.0018
     37.9892   -118.2113      0.3533      0.8389      0.8150      0.0000      0.0000      0.0000     91.5270     60.0993    -85.0000     -0.0152     -0.0113      0.0191
     37.9856   -118.2114      1.0605      0.8388      0.8150      0.0000      0.0000      0.0000     91.5068     60.2913    -85.0000     -0.0133     -0.0099      0.0146
     37.9820   -118.2114      1.7690      0.8386      0.8150      0.0000      0.0000      0.0000     91.4823     60.4836      0.0000     -0.0108     -0.0101      0.0109
     37.9784   -118.2115      2.4790      0.8384      0.8150      0.0000      0.0000      0.0000     91.4533     60.6763      0.0000     -0.0083     -0.0109      0.0081
     37.9748   -118.2115      3.1902      0.8383      0.8150      0.0000      0.0000      0.0000     91.4198     60.8693      0.0000     -0.0060     -0.0124      0.0061
     37.9712   -118.2116      3.9028      0.8381      0.8150      0.0000      0.0000      0.0000     91.3819     61.0626      0.0000     -0.0041     -0.0144      0.0047
     37.9677   -118.2116      4.6168      0.8380      0.8150      0.0000      0.0000      0.0000     91.3395     61.2562      0.0000     -0.0025     -0.0170      0.0037
     37.9642   -118.2117      5.3320      0.8378      0.8150      0.0000      0.0000      0.0000     91.2925     61.4502    -85.0000     -0.0011     -0.0217      0.0031
     37.9607   -118.2117      6.0486      0.8377      0.8150     -0.0000      0.0001      0.0001     91.2410     61.6445    -94.5114      0.0003     -0.0250      0.0027
     37.9572   -118.2118      6.7665      0.8375      0.8150     -0.0000      0.0005      0.0005     91.1848     61.8392    -95.0000      0.0013     -0.0236      0.0024
     37.9538   -118.2118      7.4857      0.8373      0.8150     -0.0001      0.0009      0.0009     91.1239     62.0342    -95.0000      0.0024     -0.0217      0.0022
     37.9503   -118.2118      8.2062      0.8372      0.8151     -0.0001      0.0015      0.0015     91.0584     62.2296    -95.0000      0.0032     -0.0163      0.0021
     37.9469   -118.2119      8.9281      0.8370      0.8151     -0.0002      0.0020      0.0021     90.9881     62.4254    -95.0000      0.0042     -0.0134      0.0020
     37.9435   -118.2119      9.6512      0.8369      0.8151     -0.0002      0.0026      0.0026     90.9131     62.6215    -95.0000      0.0047     -0.0088      0.0020
     37.9402   -118.2120     10.3755      0.8367      0.8151     -0.0003      0.0029      0.0029     90.8333     62.8180    -95.0000      0.0054     -0.0074      0.0019
     37.9368   -118.2120     11.1012      0.8366      0.8151     -0.0003      0.0032      0.0033     90.7486     63.0149    -95.0000      0.0057     -0.0049      0.0019
     37.9335   -118.2121     11.8282      0.8365      0.8150     -0.0003      0.0034      0.0035     90.6591     63.2121    -95.0000      0.0059     -0.0044      0.0019
     37.9302   -118.2121     12.5564      0.8363      0.8150     -0.0003      0.0036      0.0036     90.5647     63.4098    -95.0000      0.0060     -0.0028      0.0019
     37.9270   -118.2121     13.2858      0.8362      0.8150     -0.0003      0.0037      0.0037     90.4654     63.6079    -95.0000      0.0059     -0.0015      0.0019
     37.9237   -118.2122     14.0166      0.8361      0.8150     -0.0003      0.0037      0.0037     90.3611     63.8065    -95.0000      0.0058      0.0009      0.0019
     37.9205   -118.2122     14.7485      0.8359      0.8150     -0.0003      0.0037      0.0037     90.2518     64.0054    -95.0000      0.0059      0.0031      0.0019
     37.9173   -118.2123     15.4817      0.8358      0.8150     -0.0003      0.0035      0.0035     90.1374     64.2049    -95.0000      0.0060      0.0046      0.0019
     37.9141   -118.2123     16.2162      0.8357      0.8150     -0.0003      0.0032      0.0032     90.0181     64.4047    -95.0000      0.0060      0.0069      0.0019
     37.9110   -118.2124     16.9519      0.8356      0.8150     -0.0003      0.0029      0.0029     89.8936     64.6051    -95.0000      0.0041      0.0309      0.0019
     37.9890   -118.2018      0.3531      0.8389      0.8146      0.0000      0.0000      0.0000     91.5270     60.1018    -85.0000     -0.0183     -0.0136      0.0227
     37.9854   -118.2018      1.0599      0.8388      0.8146      0.0000      0.0000      0.0000     91.5066     60.2990    -85.0000     -0.0156     -0.0117      0.0167
     37.9818   -118.2019      1.7681      0.8386      0.8146      0.0000      0.0000      0.0000     91.4819     60.4967      0.0000     -0.0123     -0.0126      0.0119
     37.9782   -118.2019      2.4778      0.8384      0.8146      0.0000      0.0000      0.0000     91.4527     60.6946      0.0000     -0.0092     -0.0141      0.0084
     37.9746   -118.2020      3.1888      0.8383      0.8146      0.0000      0.0000      0.0000     91.4190     60.8930      0.0000     -0.0065     -0.0164      0.0060
     37.9710   -118.2020      3.9011      0.8381      0.8146      0.0000      0.0000      0.0000     91.3808     61.0917      0.0000     -0.0042     -0.0195      0.0045
     37.9675   -118.2021      4.6149      0.8380      0.8146      0.0000      0.0000      0.0000     91.3380     61.2907      0.0000     -0.0025     -0.0246      0.0035
     37.9640   -118.2021      5.3300      0.8378      0.8146     -0.0000      0.0001      0.0001     91.2906     61.4901    -90.1245     -0.0004     -0.0299      0.0028
     37.9605   -118.2022      6.0464      0.8377      0.8146     -0.0000      0.0004      0.0004     91.2386     61.6898    -94.9609      0.0008     -0.0294      0.0025
     37.9570   -118.2022      6.7642      0.8375      0.8146     -0.0001      0.0010      0.0010     91.1819     61.8900    -95.0000      0.0023     -0.0281      0.0022
     37.9536   -118.2023      7.4834      0.8373      0.8146     -0.0001      0.0017      0.0017     91.1205     62.0905    -95.0000      0.0034     -0.0214      0.0021
     37.9502   -118.2023      8.2039      0.8372      0.8146     -0.0002      0.0023      0.0023     91.0544     62.2913    -95.0000      0.0046     -0.0182      0.0020
     37.9468   -118.2023      8.9257      0.8370      0.8146     -0.0003      0.0030      0.0030     90.9835     62.4926    -95.0000      0.0053     -0.0118      0.0020
     37.9434   -118.2024      9.6489      0.8369      0.8146     -0.0003      0.0034      0.0034     90.9078     62.6942    -95.0000      0.0062     -0.0102      0.0020
     37.9401   -118.2024     10.3733      0.8367      0.8146     -0.0003      0.0038      0.0038     90.8273     62.8963    -95.0000      0.0066     -0.0066      0.0020
     37.9367   -118.2025     11.0991      0.8366      0.8146     -0.0004      0.0040      0.0041     90.7418     63.0988    -95.0000      0.0070     -0.0065      0.0020
     37.9334   -118.2025     11.8262      0.8365      0.8146     -0.0004      0.0042      0.0042     90.6514     63.3016    -95.0000      0.0070     -0.0047      0.0020
     37.9302   -118.2026     12.5546      0.8363      0.8146     -0.0004      0.0043      0.0043     90.5561     63.5049    -95.0000      0.0071     -0.0043      0.0020
     37.9269   -118.2026     13.2842      0.8362      0.8146     -0.0004      0.0044      0.0044     90.4558     63.7087    -95.0000      0.0069     -0.0020      0.0020
     37.9237   -118.2027     14.0152      0.8361      0.8146     -0.0004      0.0044      0.0044     90.3505     63.9129    -95.0000      0.0066      0.0006      0.0020
     37.9205   -118.2027     14.7474      0.8359      0.8146     -0.0004      0.0043      0.0043     90.2401     64.1175    -95.0000      0.0064      0.0041      0.0020
     37.9173   -118.2027     15.4809      0.8358      0.8146     -0.0004      0.0041      0.0041     90.1247     64.3226    -95.0000      0.0064      0.0066      0.0020
     37.9141   -118.2028     16.2157      0.8357      0.8146     -0.0003      0.0036      0.0036     90.0041     64.5282    -95.0000      0.0069      0.0071      0.0020
     37.9110   -118.2028     16.9517      0.8356      0.8146     -0.0003      0.0030      0.0030     89.8784     64.7343    -95.0000      0.0052      0.0260      0.0021
     37.9888   -118.1927      0.3530      0.7550      0.8141      0.0000      0.0000      0.0000     91.5273     60.1041    -85.0000     -0.0219     -0.0163      0.0271
     37.9852   -118.1927      1.0594      0.7549      0.8141      0.0000      0.0000      0.0000     91.5071     60.3064      0.0000     -0.0182     -0.0149      0.0188
     37.9816   -118.1928      1.7673      0.7547      0.8141      0.0000      0.0000      0.0000     91.4826     60.5091    -85.0000     -0.0140     -0.0158      0.0126
     37.9780   -118.1928      2.4766      0.7546      0.8141      0.0000      0.0000      0.0000     91.4536     60.7121      0.0000     -0.0101     -0.0185      0.0084
     37.9744   -118.1929      3.1874      0.7545      0.8141      0.0000      0.0000      0.0000     91.4201     60.9156      0.0000     -0.0069     -0.0221      0.0057
     37.9709   -118.1929      3.8995      0.7543      0.8141      0.0000      0.0000      0.0000     91.3822     61.1194      0.0000     -0.0045     -0.0278      0.0040
     37.9673   -118.1930      4.6131      0.7542      0.8141      0.0000      0.0001      0.0001     91.3397     61.3235    -85.0000     -0.0018     -0.0348      0.0030
     37.9638   -118.1930      5.3280      0.7540      0.8141     -0.0000      0.0004      0.0004     91.2926     61.5281    -93.3632      0.0000     -0.0353      0.0025
     37.9604   -118.1931      6.0444      0.7539      0.8141     -0.0001      0.0010      0.0010     91.2409     61.7330    -95.0000      0.0016     -0.0342      0.0021
     37.9569   -118.1931      6.7621      0.7537      0.8141     -0.0002      0.0019      0.0019     91.1846     61.9383    -95.0000      0.0030     -0.0265      0.0020
     37.9535   -118.1932      7.4812      0.7536      0.8141     -0.0002      0.0027      0.0027     91.1236     62.1440    -95.0000      0.0047     -0.0224      0.0019
     37.9501   -118.1932      8.2017      0.7535      0.8141     -0.0003      0.0035      0.0035     91.0578     62.3502    -95.0000      0.0056     -0.0142      0.0019
     37.9467   -118.1933      8.9235      0.7533      0.8141     -0.0004      0.0041      0.0041     90.9874     62.5567    -95.0000      0.0068     -0.0120      0.0019
     37.9433   -118.1933      9.6467      0.7532      0.8141     -0.0004      0.0046      0.0046     90.9121     62.7636    -95.0000      0.0073     -0.0069      0.0020
     37.9400   -118.1934     10.3712      0.7531      0.8141     -0.0004      0.0049      0.0049     90.8320     62.9709    -95.0000      0.0079     -0.0071      0.0020
     37.9367   -118.1934     11.0971      0.7529      0.8141     -0.0004      0.0051      0.0051     90.7470     63.1787    -95.0000      0.0080     -0.0047      0.0021
     37.9334   -118.1935     11.8243      0.7528      0.8141     -0.0004      0.0051      0.0051     90.6571     63.3869    -95.0000      0.0082     -0.0053      0.0021
     37.9301   -118.1935     12.5528      0.7527      0.8141     -0.0005      0.0051      0.0052     90.5623     63.5956    -95.0000      0.0080     -0.0036      0.0021
     37.9268   -118.1936     13.2827      0.7526      0.8141     -0.0004      0.0051      0.0051     90.4625     63.8047    -95.0000      0.0078     -0.0024      0.0021
     37.9236   -118.1936     14.0139      0.7524      0.8141     -0.0004      0.0051      0.0051     90.3577     64.0143    -95.0000      0.0074      0.0010      0.0021
     37.9204   -118.1936     14.7463      0.7523      0.8141     -0.0004      0.0050      0.0050     90.2479     64.2243    -95.0000      0.0069      0.0051      0.0021
     37.9173   -118.1937     15.4801      0.7522      0.8141     -0.0004      0.0047      0.0047     90.1330     64.4349    -95.0000      0.0065      0.0100      0.0022
     37.9141   -118.1937     16.2152      0.7521      0.8141     -0.0004      0.0042      0.0042     90.0130     64.6459    -95.0000      0.0064      0.0146      0.0022
     37.9110   -118.1938     16.9515      0.7520      0.8141     -0.0003      0.0029      0.0029     89.8878     64.8574    -95.0000      0.0074      0.0101      0.0022
     37.9886   -118.1836      0.3528      0.8389      0.8137      0.0000      0.0000      0.0000     91.5271     60.1064    -85.0000     -0.0267     -0.0200      0.0326
     37.9850   -118.1836      1.0588      0.8388      0.8137      0.0000      0.0000      0.0000     91.5070     60.3137      0.0000     -0.0214     -0.0187      0.0210
     37.9814   -118.1837      1.7664      0.8386      0.8137      0.0000      0.0000      0.0000     91.4825     60.5215      0.0000     -0.0159     -0.0211      0.0130
     37.9778   -118.1838      2.4755      0.8384      0.8137      0.0000      0.0000      0.0000     91.4535     60.7296      0.0000     -0.0113     -0.0255      0.0080
     37.9742   -118.1838      3.1860      0.8383      0.8137      0.0000      0.0000      0.0000     91.4202     60.9381      0.0000     -0.0077     -0.0321      0.0050
     37.9707   -118.1839      3.8979      0.8381      0.8137      0.0000      0.0000      0.0000     91.3823     61.1470    -85.0000     -0.0046     -0.0419      0.0033
     37.9672   -118.1839      4.6113      0.8380      0.8137      0.0000      0.0004      0.0004     91.3399     61.3563    -89.6558     -0.0008     -0.0444      0.0024
     37.9637   -118.1840      5.3261      0.8378      0.8137     -0.0001      0.0010      0.0011     91.2930     61.5660    -94.2536      0.0011     -0.0437      0.0019
     37.9602   -118.1840      6.0423      0.8376      0.8137     -0.0002      0.0020      0.0020     91.2414     61.7761    -95.0000      0.0027     -0.0350      0.0017
     37.9567   -118.1841      6.7600      0.8375      0.8137     -0.0003      0.0030      0.0030     91.1852     61.9866    -95.0000      0.0048     -0.0292      0.0017
     37.9533   -118.1841      7.4790      0.8373      0.8137     -0.0004      0.0041      0.0041     91.1243     62.1975    -95.0000      0.0061     -0.0186      0.0017
     37.9499   -118.1842      8.1995      0.8372      0.8137     -0.0004      0.0049      0.0049     91.0586     62.4088    -95.0000      0.0075     -0.0149      0.0018
     37.9465   -118.1842      8.9213      0.8370      0.8137     -0.0005      0.0055      0.0056     90.9882     62.6206    -95.0000      0.0082     -0.0080      0.0019
     37.9432   -118.1843      9.6445      0.8369      0.8137     -0.0005      0.0059      0.0059     90.9131     62.8328    -95.0000      0.0090     -0.0077      0.0020
     37.9399   -118.1843     10.3691      0.8367      0.8137     -0.0005      0.0062      0.0062     90.8331     63.0454    -95.0000      0.0092     -0.0045      0.0021
     37.9366   -118.1844     11.0951      0.8366      0.8137     -0.0005      0.0062      0.0062     90.7482     63.2585    -95.0000      0.0094     -0.0056      0.0022
     37.9333   -118.1844     11.8224      0.8365      0.8137     -0.0005      0.0062      0.0062     90.6584     63.4720    -95.0000      0.0092     -0.0040      0.0022
     37.9300   -118.1845     12.5511      0.8363      0.8137     -0.0005      0.0061      0.0061     90.5637     63.6860    -95.0000      0.0091     -0.0041      0.0023
     37.9268   -118.1845     13.2812      0.8362      0.8137     -0.0005      0.0060      0.0060     90.4640     63.9005    -95.0000      0.0086     -0.0017      0.0023
     37.9236   -118.1845     14.0126      0.8360      0.8137     -0.0005      0.0059      0.0059     90.3593     64.1154    -95.0000      0.0081      0.0010      0.0023
     37.9204   -118.1846     14.7453      0.8359      0.8137     -0.0005      0.0057      0.0057     90.2495     64.3309    -95.0000      0.0075      0.0055      0.0023
     37.9172   -118.1846     15.4793      0.8358      0.8137     -0.0005      0.0053      0.0054     90.1347     64.5468    -95.0000      0.0069      0.0097      0.0023
     37.9141   -118.1847     16.2147      0.8357      0.8137     -0.0004      0.0047      0.0047     90.0147     64.7633    -95.0000      0.0064      0.0122      0.0023
     37.9110   -118.1847     16.9513      0.8356      0.8137     -0.0003      0.0037      0.0037     89.8897     64.9803    -95.0000      0.0061      0.0297      0.0024
     37.9884   -118.1740      0.3526      0.8389      0.8132      0.0000      0.0000      0.0000     91.5271     60.1089      0.0000     -0.0331     -0.0254      0.0399
     37.9848   -118.1741      1.0583      0.8388      0.8132      0.0000      0.0000      0.0000     91.5069     60.3215      0.0000     -0.0255     -0.0254      0.0230
     37.9812   -118.1741      1.7655      0.8386      0.8132      0.0000      0.0000      0.0000     91.4824     60.5345      0.0000     -0.0186     -0.0312      0.0127
     37.9776   -118.1742      2.4743      0.8384      0.8132      0.0000      0.0000      0.0000     91.4535     60.7480      0.0000     -0.0133     -0.0405      0.0069
     37.9740   -118.1742      3.1845      0.8383      0.8132      0.0000      0.0001      0.0001     91.4201     60.9618    -85.0000     -0.0089     -0.0507      0.0037
     37.9705   -118.1743      3.8963      0.8381      0.8132      0.0000      0.0005      0.0005     91.3822     61.1761    -85.0000     -0.0028     -0.0548      0.0021
     37.9670   -118.1744      4.6094      0.8380      0.8132     -0.0000      0.0012      0.0012     91.3397     61.3908    -91.7061      0.0005     -0.0551      0.0014
     37.9635   -118.1744      5.3241      0.8378      0.8132     -0.0002      0.0023      0.0023     91.2926     61.6059    -94.7105      0.0021     -0.0461      0.0011
     37.9600   -118.1745      6.0402      0.8376      0.8132     -0.0003      0.0036      0.0036     91.2410     61.8214    -95.0000      0.0047     -0.0384      0.0011
     37.9566   -118.1745      6.7577      0.8375      0.8132     -0.0004      0.0049      0.0049     91.1846     62.0374    -95.0000      0.0065     -0.0251      0.0013
     37.9532   -118.1746      7.4767      0.8373      0.8132     -0.0005      0.0059      0.0059     91.1236     62.2538    -95.0000      0.0084     -0.0190      0.0015
     37.9498   -118.1746      8.1972      0.8372      0.8132     -0.0006      0.0068      0.0068     91.0578     62.4707    -95.0000      0.0094     -0.0101      0.0017
     37.9464   -118.1747      8.9190      0.8370      0.8132     -0.0006      0.0073      0.0073     90.9872     62.6880    -95.0000      0.0104     -0.0087      0.0019
     37.9431   -118.1747      9.6423      0.8369      0.8132     -0.0007      0.0076      0.0077     90.9119     62.9057    -95.0000      0.0107     -0.0046      0.0020
     37.9398   -118.1748     10.3669      0.8367      0.8132     -0.0007      0.0077      0.0077     90.8316     63.1239    -95.0000      0.0110     -0.0058      0.0022
     37.9365   -118.1748     11.0930      0.8366      0.8132     -0.0007      0.0076      0.0077     90.7465     63.3426    -95.0000      0.0108     -0.0040      0.0023
     37.9332   -118.1749     11.8205      0.8364      0.8132     -0.0007      0.0075      0.0075     90.6565     63.5618    -95.0000      0.0106     -0.0050      0.0024
     37.9299   -118.1749     12.5494      0.8363      0.8132     -0.0006      0.0073      0.0073     90.5615     63.7814    -95.0000      0.0102     -0.0034      0.0024
     37.9267   -118.1750     13.2796      0.8362      0.8132     -0.0006      0.0070      0.0070     90.4614     64.0015    -95.0000      0.0097     -0.0025      0.0025
     37.9235   -118.1750     14.0112      0.8360      0.8132     -0.0006      0.0067      0.0068     90.3564     64.2222    -95.0000      0.0090      0.0006      0.0025
     37.9204   -118.1751     14.7442      0.8359      0.8132     -0.0006      0.0064      0.0065     90.2463     64.4433    -95.0000      0.0083      0.0041      0.0025
     37.9172   -118.1751     15.4785      0.8358      0.8132     -0.0005      0.0060      0.0060     90.1311     64.6650    -95.0000      0.0074      0.0082      0.0025
     37.9141   -118.1752     16.2142      0.8357      0.8132     -0.0005      0.0054      0.0054     90.0107     64.8872    -95.0000      0.0066      0.0139      0.0025
     37.9110   -118.1752     16.9512      0.8356      0.8132     -0.0004      0.0046      0.0047     89.8852     65.1099    -95.0000      0.0054      0.0471      0.0026
     37.9882   -118.1645      0.3524      0.8389      0.8127      0.0000      0.0000      0.0000     91.5271     60.1113      0.0000     -0.0416     -0.0339      0.0488
     37.9846   -118.1645      1.0577      0.8388      0.8127      0.0000      0.0000      0.0000     91.5071     60.3292      0.0000     -0.0308     -0.0395      0.0239
     37.9810   -118.1646      1.7647      0.8386      0.8127      0.0000      0.0001      0.0001     91.4827     60.5476    -85.0000     -0.0223     -0.0490      0.0110
     37.9774   -118.1646      2.4731      0.8384      0.8127      0.0000      0.0004      0.0004     91.4539     60.7663    -85.0000     -0.0153     -0.0584      0.0047
     37.9739   -118.1647      3.1831      0.8383      0.8127      0.0001      0.0009      0.0009     91.4207     60.9856    -85.0000     -0.0080     -0.0636      0.0017
     37.9703   -118.1647      3.8946      0.8381      0.8127      0.0001      0.0017      0.0017     91.3830     61.2052    -87.4222     -0.0005     -0.0666      0.0004
     37.9668   -118.1648      4.6076      0.8380      0.8128     -0.0001      0.0029      0.0029     91.3407     61.4253    -92.5300      0.0020     -0.0587      0.0001
     37.9633   -118.1648      5.3221      0.8378      0.8128     -0.0004      0.0043      0.0044     91.2939     61.6459    -94.9389      0.0034     -0.0502      0.0001
     37.9599   -118.1649      6.0381      0.8376      0.8128     -0.0005      0.0060      0.0060     91.2424     61.8669    -95.0000      0.0066     -0.0336      0.0004
     37.9564   -118.1650      6.7555      0.8375      0.8128     -0.0006      0.0073      0.0074     91.1863     62.0883    -95.0000      0.0091     -0.0240      0.0008
     37.9530   -118.1650      7.4744      0.8373      0.8128     -0.0007      0.0085      0.0085     91.1255     62.3102    -95.0000      0.0105     -0.0118      0.0012
     37.9496   -118.1651      8.1948      0.8372      0.8128     -0.0008      0.0092      0.0092     91.0600     62.5326    -95.0000      0.0119     -0.0090      0.0015
     37.9463   -118.1651      8.9167      0.8370      0.8128     -0.0008      0.0096      0.0096     90.9897     62.7554    -95.0000      0.0123     -0.0038      0.0018
     37.9430   -118.1652      9.6400      0.8369      0.8128     -0.0008      0.0096      0.0097     90.9146     62.9787    -95.0000      0.0128     -0.0051      0.0021
     37.9396   -118.1652     10.3648      0.8367      0.8128     -0.0008      0.0096      0.0096     90.8347     63.2025    -95.0000      0.0125     -0.0031      0.0023
     37.9364   -118.1653     11.0909      0.8366      0.8128     -0.0008      0.0093      0.0093     90.7499     63.4268    -95.0000      0.0124     -0.0048      0.0024
     37.9331   -118.1653     11.8186      0.8364      0.8128     -0.0008      0.0089      0.0090     90.6601     63.6516    -95.0000      0.0118     -0.0036      0.0026
     37.9299   -118.1654     12.5476      0.8363      0.8128     -0.0007      0.0085      0.0086     90.5654     63.8769    -95.0000      0.0113     -0.0040      0.0026
     37.9267   -118.1654     13.2780      0.8362      0.8127     -0.0007      0.0081      0.0082     90.4657     64.1027    -95.0000      0.0106     -0.0022      0.0027
     37.9235   -118.1655     14.0098      0.8360      0.8127     -0.0007      0.0077      0.0077     90.3610     64.3290    -95.0000      0.0099     -0.0005      0.0027
     37.9203   -118.1655     14.7431      0.8359      0.8127     -0.0006      0.0073      0.0073     90.2512     64.5558    -95.0000      0.0089      0.0029      0.0027
     37.9172   -118.1656     15.4777      0.8358      0.8127     -0.0006      0.0068      0.0068     90.1364     64.7832    -95.0000      0.0080      0.0073      0.0027
     37.9141   -118.1656     16.2136      0.8357      0.8127     -0.0005      0.0062      0.0062     90.0163     65.0111    -95.0000      0.0070      0.0160      0.0028
     37.9110   -118.1657     16.9510      0.8356      0.8127     -0.0005      0.0055      0.0055     89.8911     65.2396    -95.0000      0.0049      0.0604      0.0028
     37.9880   -118.1549      0.3522      0.8389      0.8123      0.0000      0.0000      0.0000     91.5271     60.1138      0.0000     -0.0524     -0.0496      0.0585
     37.9844   -118.1549      1.0572      0.8388      0.8123      0.0000      0.0003      0.0003     91.5069     60.3370    -85.0000     -0.0369     -0.0582      0.0223
     37.9808   -118.1550      1.7638      0.8386      0.8123      0.0001      0.0010      0.0010     91.4824     60.5607    -85.0000     -0.0254     -0.0629      0.0074
     37.9772   -118.1551      2.4719      0.8384      0.8123      0.0002      0.0020      0.0020     91.4534     60.7848    -85.0000     -0.0153     -0.0650      0.0011
     37.9737   -118.1551      3.1817      0.8383      0.8123      0.0003      0.0029      0.0029     91.4199     61.0094    -85.0000     -0.0043     -0.0710     -0.0013
     37.9701   -118.1552      3.8929      0.8381      0.8123      0.0001      0.0042      0.0042     91.3819     61.2345    -88.5998      0.0024     -0.0681     -0.0019
     37.9666   -118.1552      4.6057      0.8380      0.8123     -0.0003      0.0057      0.0057     91.3393     61.4600    -92.9562      0.0035     -0.0625     -0.0017
     37.9632   -118.1553      5.3201      0.8378      0.8123     -0.0007      0.0075      0.0075     91.2921     61.6860    -94.9974      0.0044     -0.0447     -0.0011
     37.9597   -118.1554      6.0359      0.8376      0.8123     -0.0008      0.0092      0.0092     91.2402     61.9124    -95.0000      0.0093     -0.0313     -0.0004
     37.9563   -118.1554      6.7533      0.8375      0.8123     -0.0009      0.0107      0.0108     91.1836     62.1394    -95.0000      0.0114     -0.0141      0.0002
     37.9529   -118.1555      7.4722      0.8373      0.8123     -0.0010      0.0116      0.0117     91.1223     62.3668    -95.0000      0.0133     -0.0086      0.0008
     37.9495   -118.1555      8.1926      0.8372      0.8123     -0.0011      0.0122      0.0122     91.0562     62.5947    -95.0000      0.0141     -0.0014      0.0014
     37.9462   -118.1556      8.9144      0.8370      0.8123     -0.0011      0.0122      0.0123     90.9853     62.8231    -95.0000      0.0148     -0.0031      0.0018
     37.9428   -118.1556      9.6378      0.8369      0.8123     -0.0011      0.0121      0.0121     90.9096     63.0520    -95.0000      0.0146     -0.0011      0.0022
     37.9395   -118.1557     10.3626      0.8367      0.8123     -0.0010      0.0116      0.0117     90.8289     63.2814    -95.0000      0.0144     -0.0039      0.0024
     37.9363   -118.1557     11.0889      0.8366      0.8123     -0.0010      0.0111      0.0112     90.7433     63.5113    -95.0000      0.0137     -0.0029      0.0026
     37.9330   -118.1558     11.8166      0.8364      0.8123     -0.0009      0.0105      0.0106     90.6528     63.7417    -95.0000      0.0132     -0.0044      0.0028
     37.9298   -118.1559     12.5458      0.8363      0.8123     -0.0009      0.0100      0.0100     90.5572     63.9727    -95.0000      0.0123     -0.0032      0.0028
     37.9266   -118.1559     13.2764      0.8362      0.8123     -0.0008      0.0093      0.0094     90.4566     64.2042    -95.0000      0.0116     -0.0031      0.0029
     37.9234   -118.1560     14.0085      0.8360      0.8123     -0.0008      0.0088      0.0088     90.3509     64.4362    -95.0000      0.0106     -0.0009      0.0029
     37.9203   -118.1560     14.7420      0.8359      0.8123     -0.0007      0.0082      0.0082     90.2400     64.6688    -95.0000      0.0097      0.0017      0.0030
     37.9172   -118.1561     15.4769      0.8358      0.8123     -0.0007      0.0076      0.0076     90.1240     64.9020    -95.0000      0.0086      0.0067      0.0030
     37.9141   -118.1561     16.2131      0.8357      0.8123     -0.0006      0.0069      0.0069     90.0029     65.1357    -95.0000      0.0075      0.0171      0.0030
     37.9110   -118.1562     16.9508      0.8356      0.8123     -0.0005      0.0062      0.0062     89.8764     65.3700    -95.0000      0.0045      0.0706      0.0031
     37.9878   -118.1453      0.3520      0.8389      0.8118      0.0000      0.0000      0.0000     91.5272     60.1163      0.0000     -0.0660     -0.0773      0.0682
     37.9842   -118.1454      1.0566      0.8388      0.8118      0.0001      0.0011      0.0011     91.5073     60.3448    -85.0000     -0.0427     -0.0811      0.0173
     37.9806   -118.1454      1.7629      0.8386      0.8118      0.0003      0.0031      0.0031     91.4830     60.5738    -85.0000     -0.0262     -0.0654      0.0013
     37.9770   -118.1455      2.4708      0.8384      0.8118      0.0004      0.0049      0.0049     91.4544     60.8033    -85.0000     -0.0132     -0.0634     -0.0041
     37.9735   -118.1456      3.1802      0.8383      0.8118      0.0005      0.0065      0.0065     91.4212     61.0332    -85.5008      0.0015     -0.0643     -0.0054
     37.9700   -118.1456      3.8913      0.8381      0.8118      0.0001      0.0081      0.0081     91.3837     61.2637    -89.3108      0.0054     -0.0658     -0.0049
     37.9665   -118.1457      4.6039      0.8380      0.8118     -0.0006      0.0100      0.0100     91.3415     61.4947    -93.1951      0.0043     -0.0521     -0.0038
     37.9630   -118.1457      5.3181      0.8378      0.8118     -0.0010      0.0119      0.0119     91.2948     61.7261    -95.0000      0.0057     -0.0391     -0.0026
     37.9595   -118.1458      6.0338      0.8376      0.8118     -0.0012      0.0137      0.0138     91.2435     61.9580    -95.0000      0.0115     -0.0175     -0.0014
     37.9561   -118.1459      6.7511      0.8375      0.8118     -0.0013      0.0149      0.0150     91.1875     62.1905    -95.0000      0.0145     -0.0080     -0.0004
     37.9527   -118.1459      7.4699      0.8373      0.8118     -0.0014      0.0156      0.0157     91.1269     62.4234    -95.0000      0.0157      0.0028      0.0005
     37.9494   -118.1460      8.1903      0.8372      0.8118     -0.0014      0.0157      0.0157     91.0615     62.6569    -95.0000      0.0167      0.0014      0.0013
     37.9460   -118.1460      8.9121      0.8370      0.8118     -0.0013      0.0154      0.0155     90.9913     62.8908    -95.0000      0.0167      0.0034      0.0018
     37.9427   -118.1461      9.6355      0.8369      0.8118     -0.0013      0.0148      0.0148     90.9163     63.1253    -95.0000      0.0166     -0.0013      0.0023
     37.9394   -118.1461     10.3604      0.8367      0.8118     -0.0012      0.0140      0.0141     90.8364     63.3603    -95.0000      0.0158     -0.0010      0.0026
     37.9362   -118.1462     11.0868      0.8366      0.8118     -0.0012      0.0132      0.0132     90.7517     63.5959    -95.0000      0.0152     -0.0041      0.0029
     37.9329   -118.1463     11.8147      0.8364      0.8118     -0.0011      0.0124      0.0124     90.6620     63.8320    -95.0000      0.0141     -0.0033      0.0030
     37.9297   -118.1463     12.5441      0.8363      0.8118     -0.0010      0.0115      0.0115     90.5673     64.0686    -95.0000      0.0133     -0.0043      0.0031
     37.9265   -118.1464     13.2749      0.8362      0.8118     -0.0009      0.0107      0.0107     90.4676     64.3058    -95.0000      0.0122     -0.0030      0.0032
     37.9234   -118.1464     14.0071      0.8360      0.8118     -0.0009      0.0099      0.0099     90.3629     64.5435    -95.0000      0.0112     -0.0021      0.0032
     37.9203   -118.1465     14.7409      0.8359      0.8118     -0.0008      0.0091      0.0091     90.2531     64.7818    -95.0000      0.0102      0.0009      0.0032
     37.9172   -118.1465     15.4760      0.8358      0.8118     -0.0007      0.0084      0.0084     90.1382     65.0207    -95.0000      0.0091      0.0058      0.0032
     37.9141   -118.1466     16.2126      0.8357      0.8118     -0.0007      0.0076      0.0077     90.0181     65.2602    -95.0000      0.0078      0.0175      0.0033
     37.9111   -118.1466     16.9506      0.8356      0.8118     -0.0006      0.0069      0.0069     89.8928     65.5003    -95.0000      0.0040      0.0792      0.0033
     37.9876   -118.1357      0.3518      0.8389      0.8114      0.0000      0.0000      0.0000     91.5272     60.1187      0.0000     -0.0804     -0.1350      0.0774
     37.9840   -118.1358      1.0561      0.8388      0.8114      0.0003      0.0030      0.0030     91.5073     60.3525    -85.0000     -0.0439     -0.0960      0.0088
     37.9804   -118.1359      1.7620      0.8386      0.8114      0.0006      0.0063      0.0064     91.4830     60.5868    -85.0000     -0.0250     -0.0647     -0.0074
     37.9768   -118.1359      2.4696      0.8384      0.8114      0.0008      0.0092      0.0093     91.4543     60.8217    -85.0000     -0.0092     -0.0527     -0.0111
     37.9733   -118.1360      3.1788      0.8383      0.8114      0.0007      0.0117      0.0117     91.4212     61.0570    -86.3467      0.0050     -0.0526     -0.0105
     37.9698   -118.1361      3.8896      0.8381      0.8114      0.0000      0.0141      0.0141     91.3835     61.2929    -89.9985      0.0067     -0.0426     -0.0085
     37.9663   -118.1361      4.6020      0.8380      0.8114     -0.0010      0.0161      0.0162     91.3413     61.5292    -93.4033      0.0041     -0.0349     -0.0063
     37.9628   -118.1362      5.3161      0.8378      0.8114     -0.0016      0.0181      0.0181     91.2945     61.7661    -95.0000      0.0055     -0.0158     -0.0043
     37.9594   -118.1362      6.0317      0.8376      0.8114     -0.0017      0.0194      0.0195     91.2431     62.0035    -95.0000      0.0141     -0.0051     -0.0025
     37.9560   -118.1363      6.7489      0.8375      0.8114     -0.0018      0.0202      0.0203     91.1870     62.2414    -95.0000      0.0167      0.0089     -0.0010
     37.9526   -118.1364      7.4677      0.8373      0.8114     -0.0018      0.0203      0.0203     91.1262     62.4799    -95.0000      0.0184      0.0088      0.0002
     37.9492   -118.1364      8.1880      0.8372      0.8114     -0.0017      0.0199      0.0200     91.0607     62.7189    -95.0000      0.0186      0.0115      0.0011
     37.9459   -118.1365      8.9099      0.8370      0.8114     -0.0017      0.0189      0.0190     90.9903     62.9584    -95.0000      0.0188      0.0046      0.0019
     37.9426   -118.1365      9.6333      0.8369      0.8114     -0.0016      0.0179      0.0180     90.9152     63.1985    -95.0000      0.0180      0.0035      0.0024
     37.9393   -118.1366     10.3583      0.8367      0.8114     -0.0015      0.0167      0.0167     90.8351     63.4391    -95.0000      0.0174     -0.0020      0.0028
     37.9361   -118.1367     11.0848      0.8366      0.8114     -0.0014      0.0155      0.0155     90.7501     63.6802    -95.0000      0.0162     -0.0022      0.0031
     37.9328   -118.1367     11.8128      0.8364      0.8114     -0.0012      0.0143      0.0143     90.6602     63.9220    -95.0000      0.0152     -0.0047      0.0033
     37.9297   -118.1368     12.5423      0.8363      0.8114     -0.0012      0.0132      0.0132     90.5652     64.1643    -95.0000      0.0139     -0.0039      0.0034
     37.9265   -118.1368     13.2733      0.8362      0.8114     -0.0011      0.0121      0.0121     90.4653     64.4072    -95.0000      0.0129     -0.0043      0.0035
     37.9233   -118.1369     14.0058      0.8360      0.8114     -0.0010      0.0111      0.0111     90.3602     64.6506    -95.0000      0.0117     -0.0025      0.0035
     37.9202   -118.1369     14.7398      0.8359      0.8114     -0.0009      0.0101      0.0101     90.2501     64.8947    -95.0000      0.0106     -0.0004      0.0035
     37.9172   -118.1370     15.4752      0.8358      0.8114     -0.0008      0.0092      0.0092     90.1348     65.1393    -95.0000      0.0094      0.0048      0.0035
     37.9141   -118.1371     16.2121      0.8357      0.8113     -0.0007      0.0084      0.0084     90.0143     65.3846    -95.0000      0.0079      0.0174      0.0035
     37.9111   -118.1371     16.9505      0.8356      0.8113     -0.0007      0.0076      0.0076     89.8886     65.6305    -95.0000      0.0036      0.0866      0.0036
     37.9874   -118.1262      0.3516      0.8389      0.8109      0.0004      0.0044      0.0044     91.5272     60.1212    -85.0000     -0.0806     -0.0946      0.0673
     37.9838   -118.1262      1.0555      0.8388      0.8109      0.0006      0.0064      0.0064     91.5073     60.3603    -85.0000     -0.0446     -0.0962     -0.0022
     37.9802   -118.1263      1.7611      0.8386      0.8109      0.0009      0.0102      0.0103     91.4830     60.6000    -85.0000     -0.0265     -0.0761     -0.0186
     37.9766   -118.1264      2.4684      0.8384      0.8109      0.0013      0.0147      0.0148     91.4543     60.8401    -85.0000     -0.0053     -0.0496     -0.0199
     37.9731   -118.1264      3.1774      0.8383      0.8109      0.0010      0.0190      0.0190     91.4211     61.0809    -87.0379      0.0082     -0.0193     -0.0167
     37.9696   -118.1265      3.8880      0.8381      0.8109     -0.0002      0.0222      0.0222     91.3834     61.3221    -90.5518      0.0062     -0.0049     -0.0128
     37.9661   -118.1266      4.6002      0.8380      0.8109     -0.0015      0.0246      0.0247     91.3411     61.5639    -93.5762      0.0012      0.0101     -0.0092
     37.9626   -118.1266      5.3141      0.8378      0.8109     -0.0023      0.0259      0.0260     91.2943     61.8063    -95.0000      0.0041      0.0127     -0.0061
     37.9592   -118.1267      6.0296      0.8376      0.8109     -0.0023      0.0266      0.0267     91.2428     62.0491    -95.0000      0.0147      0.0232     -0.0036
     37.9558   -118.1268      6.7467      0.8375      0.8109     -0.0023      0.0264      0.0265     91.1866     62.2926    -95.0000      0.0188      0.0210     -0.0016
     37.9524   -118.1268      7.4654      0.8373      0.8109     -0.0023      0.0258      0.0259     91.1257     62.5366    -95.0000      0.0198      0.0237     -0.0001
     37.9491   -118.1269      8.1857      0.8372      0.8109     -0.0021      0.0245      0.0246     91.0600     62.7811    -95.0000      0.0204      0.0151      0.0011
     37.9458   -118.1269      8.9076      0.8370      0.8109     -0.0020      0.0230      0.0231     90.9895     63.0262    -95.0000      0.0198      0.0123      0.0020
     37.9425   -118.1270      9.6311      0.8369      0.8109     -0.0019      0.0213      0.0213     90.9141     63.2719    -95.0000      0.0193      0.0034      0.0026
     37.9392   -118.1271     10.3562      0.8367      0.8109     -0.0017      0.0196      0.0197     90.8338     63.5181    -95.0000      0.0181      0.0013      0.0031
     37.9360   -118.1271     11.0827      0.8366      0.8109     -0.0016      0.0179      0.0180     90.7486     63.7649    -95.0000      0.0171     -0.0036      0.0034
     37.9328   -118.1272     11.8109      0.8364      0.8109     -0.0014      0.0164      0.0164     90.6584     64.0123    -95.0000      0.0157     -0.0037      0.0036
     37.9296   -118.1272     12.5406      0.8363      0.8109     -0.0013      0.0149      0.0149     90.5632     64.2603    -95.0000      0.0145     -0.0055      0.0038
     37.9264   -118.1273     13.2718      0.8362      0.8109     -0.0012      0.0136      0.0136     90.4630     64.5089    -95.0000      0.0131     -0.0045      0.0038
     37.9233   -118.1274     14.0045      0.8360      0.8109     -0.0011      0.0123      0.0123     90.3576     64.7581    -95.0000      0.0120     -0.0040      0.0039
     37.9202   -118.1274     14.7387      0.8359      0.8109     -0.0010      0.0111      0.0112     90.2471     65.0079    -95.0000      0.0108     -0.0013      0.0039
     37.9171   -118.1275     15.4744      0.8358      0.8109     -0.0009      0.0100      0.0101     90.1314     65.2584    -95.0000      0.0095      0.0036      0.0038
     37.9141   -118.1275     16.2116      0.8357      0.8109     -0.0008      0.0091      0.0091     90.0105     65.5094    -95.0000      0.0080      0.0173      0.0038
     37.9111   -118.1276     16.9503      0.8356      0.8109     -0.0007      0.0082      0.0083     89.8844     65.7611    -95.0000      0.0031      0.0937      0.0039
     37.9872   -118.1166      0.3514      0.8389      0.8104      0.0006      0.0070      0.0070     91.5272     60.1237    -85.0000     -0.0925     -0.0739      0.0733
     37.9836   -118.1167      1.0550      0.8388      0.8104      0.0007      0.0082      0.0082     91.5074     60.3681    -85.0000     -0.0611     -0.1447     -0.0151
     37.9800   -118.1167      1.7603      0.8386      0.8104      0.0012      0.0140      0.0141     91.4833     60.6131    -85.0000     -0.0330     -0.1115     -0.0324
     37.9765   -118.1168      2.4673      0.8384      0.8104      0.0019      0.0217      0.0218     91.4547     60.8586    -85.0000      0.0034     -0.0298     -0.0302
     37.9729   -118.1169      3.1760      0.8383      0.8104      0.0012      0.0284      0.0284     91.4217     61.1047    -87.5234      0.0130      0.0318     -0.0239
     37.9694   -118.1169      3.8863      0.8381      0.8104     -0.0005      0.0330      0.0330     91.3842     61.3514    -90.9269      0.0039      0.0677     -0.0176
     37.9659   -118.1170      4.5984      0.8379      0.8104     -0.0023      0.0351      0.0352     91.3422     61.5986    -93.6951     -0.0049      0.0674     -0.0123
     37.9625   -118.1171      5.3121      0.8378      0.8104     -0.0031      0.0357      0.0359     91.2955     61.8464    -95.0000     -0.0014      0.0643     -0.0081
     37.9591   -118.1171      6.0275      0.8376      0.8105     -0.0031      0.0350      0.0351     91.2442     62.0948    -95.0000      0.0139      0.0497     -0.0048
     37.9557   -118.1172      6.7445      0.8375      0.8105     -0.0030      0.0337      0.0339     91.1883     62.3437    -95.0000      0.0186      0.0448     -0.0022
     37.9523   -118.1173      7.4632      0.8373      0.8105     -0.0028      0.0318      0.0319     91.1276     62.5932    -95.0000      0.0208      0.0312     -0.0003
     37.9489   -118.1173      8.1835      0.8372      0.8105     -0.0026      0.0297      0.0298     91.0622     62.8433    -95.0000      0.0207      0.0262      0.0011
     37.9456   -118.1174      8.9054      0.8370      0.8105     -0.0024      0.0273      0.0274     90.9920     63.0940    -95.0000      0.0206      0.0137      0.0022
     37.9424   -118.1175      9.6289      0.8369      0.8104     -0.0022      0.0250      0.0251     90.9169     63.3453    -95.0000      0.0195      0.0089      0.0029
     37.9391   -118.1175     10.3540      0.8367      0.8104     -0.0020      0.0226      0.0227     90.8369     63.5972    -95.0000      0.0186      0.0004      0.0034
     37.9359   -118.1176     11.0807      0.8366      0.8104     -0.0018      0.0205      0.0206     90.7520     63.8497    -95.0000      0.0172     -0.0016      0.0038
     37.9327   -118.1177     11.8090      0.8364      0.8104     -0.0016      0.0185      0.0186     90.6621     64.1027    -95.0000      0.0160     -0.0054      0.0040
     37.9295   -118.1177     12.5388      0.8363      0.8104     -0.0015      0.0167      0.0168     90.5673     64.3564    -95.0000      0.0145     -0.0053      0.0042
     37.9264   -118.1178     13.2702      0.8362      0.8104     -0.0013      0.0151      0.0151     90.4673     64.6107    -95.0000      0.0132     -0.0061      0.0042
     37.9233   -118.1178     14.0032      0.8360      0.8104     -0.0012      0.0135      0.0136     90.3623     64.8657    -95.0000      0.0119     -0.0047      0.0042
     37.9202   -118.1179     14.7376      0.8359      0.8104     -0.0011      0.0122      0.0122     90.2521     65.1213    -95.0000      0.0107     -0.0028      0.0042
     37.9171   -118.1179     15.4736      0.8358      0.8104     -0.0010      0.0109      0.0109     90.1368     65.3775    -95.0000      0.0094      0.0024      0.0042
     37.9141   -118.1180     16.2111      0.8357      0.8104     -0.0009      0.0098      0.0098     90.0163     65.6343    -95.0000      0.0077      0.0170      0.0042
     37.9111   -118.1181     16.9501      0.8356      0.8104     -0.0008      0.0089      0.0089     89.8905     65.8919    -95.0000      0.0023      0.1004      0.0042
     37.9870   -118.1070      0.3512      0.8389      0.8100      0.0000      0.0000      0.0000     91.5272     60.1262      0.0000     -0.1381     -0.3005      0.1310
     37.9834   -118.1071      1.0544      0.8388      0.8100      0.0006      0.0072      0.0072     91.5074     60.3759    -85.0000     -0.0774     -0.2771     -0.0317
     37.9798   -118.1072      1.7594      0.8386      0.8100      0.0017      0.0189      0.0190     91.4833     60.6262    -85.0000     -0.0290     -0.1330     -0.0484
     37.9763   -118.1072      2.4661      0.8384      0.8100      0.0026      0.0308      0.0309     91.4547     60.8771    -85.2159      0.0183      0.0108     -0.0416
     37.9727   -118.1073      3.1745      0.8383      0.8100      0.0015      0.0402      0.0403     91.4217     61.1286    -87.8648      0.0203      0.1157     -0.0315
     37.9692   -118.1074      3.8847      0.8381      0.8100     -0.0009      0.0456      0.0456     91.3841     61.3807    -91.0875      0.0005      0.1509     -0.0225
     37.9658   -118.1075      4.5966      0.8379      0.8100     -0.0031      0.0475      0.0476     91.3420     61.6333    -93.6779     -0.0144      0.1493     -0.0154
     37.9623   -118.1075      5.3102      0.8378      0.8100     -0.0041      0.0467      0.0468     91.2953     61.8866    -94.9717     -0.0105      0.1163     -0.0100
     37.9589   -118.1076      6.0254      0.8376      0.8100     -0.0039      0.0446      0.0447     91.2439     62.1404    -95.0000      0.0089      0.0921     -0.0058
     37.9555   -118.1077      6.7424      0.8375      0.8100     -0.0036      0.0415      0.0417     91.1879     62.3949    -95.0000      0.0169      0.0622     -0.0027
     37.9521   -118.1077      7.4610      0.8373      0.8100     -0.0034      0.0384      0.0386     91.1271     62.6500    -95.0000      0.0194      0.0483     -0.0005
     37.9488   -118.1078      8.1812      0.8372      0.8100     -0.0031      0.0351      0.0352     91.0615     62.9056    -95.0000      0.0205      0.0297      0.0012
     37.9455   -118.1079      8.9032      0.8370      0.8100     -0.0028      0.0319      0.0321     90.9911     63.1619    -95.0000      0.0199      0.0217      0.0024
     37.9422   -118.1079      9.6267      0.8369      0.8100     -0.0025      0.0288      0.0289     90.9159     63.4188    -95.0000      0.0194      0.0089      0.0032
     37.9390   -118.1080     10.3519      0.8367      0.8100     -0.0023      0.0259      0.0260     90.8357     63.6763    -95.0000      0.0181      0.0041      0.0038
     37.9358   -118.1081     11.0787      0.8366      0.8100     -0.0020      0.0232      0.0233     90.7506     63.9344    -95.0000      0.0170     -0.0030      0.0042
     37.9326   -118.1081     11.8071      0.8364      0.8100     -0.0018      0.0208      0.0209     90.6604     64.1932    -95.0000      0.0155     -0.0045      0.0044
     37.9294   -118.1082     12.5371      0.8363      0.8100     -0.0016      0.0186      0.0186     90.5653     64.4526    -95.0000      0.0143     -0.0071      0.0046
     37.9263   -118.1082     13.2687      0.8362      0.8100     -0.0015      0.0166      0.0167     90.4651     64.7126    -95.0000      0.0129     -0.0066      0.0046
     37.9232   -118.1083     14.0019      0.8360      0.8100     -0.0013      0.0148      0.0149     90.3597     64.9733    -95.0000      0.0116     -0.0063      0.0046
     37.9201   -118.1084     14.7366      0.8359      0.8100     -0.0012      0.0132      0.0132     90.2492     65.2347    -95.0000      0.0103     -0.0040      0.0046
     37.9171   -118.1084     15.4728      0.8358      0.8100     -0.0010      0.0117      0.0118     90.1335     65.4967    -95.0000      0.0090      0.0011      0.0045
     37.9141   -118.1085     16.2106      0.8357      0.8100     -0.0009      0.0105      0.0105     90.0126     65.7594    -95.0000      0.0073      0.0166      0.0045
     37.9111   -118.1085     16.9500      0.8356      0.8100     -0.0008      0.0095      0.0096     89.8864     66.0228    -95.0000      0.0015      0.1072      0.0046
     37.9868   -118.0975      0.3511      0.8389      0.8095      0.0000      0.0000      0.0000     91.5272     60.1287      0.0000     -0.1609     -0.4466      0.1496
     37.9832   -118.0975      1.0539      0.8388      0.8095      0.0010      0.0114      0.0114     91.5074     60.3837    -85.0000     -0.0580     -0.3534     -0.0535
     37.9796   -118.0976      1.7585      0.8386      0.8095      0.0024      0.0271      0.0272     91.4833     60.6394    -85.0000     -0.0042     -0.1314     -0.0652
     37.9761   -118.0977      2.4649      0.8384      0.8095      0.0033      0.0421      0.0422     91.4547     60.8957    -85.5348      0.0375      0.0705     -0.0529
     37.9725   -118.0978      3.1731      0.8383      0.8095      0.0019      0.0531      0.0532     91.4216     61.1525    -88.0012      0.0284      0.1936     -0.0389
     37.9690   -118.0978      3.8831      0.8381      0.8095     -0.0010      0.0592      0.0592     91.3840     61.4100    -90.9768     -0.0017      0.2446     -0.0273
     37.9656   -118.0979      4.5948      0.8379      0.8095     -0.0037      0.0604      0.0605     91.3418     61.6682    -93.4609     -0.0237      0.2236     -0.0184
     37.9621   -118.0980      5.3082      0.8378      0.8095     -0.0049      0.0584      0.0586     91.2950     61.9269    -94.8142     -0.0220      0.1831     -0.0118
     37.9587   -118.0980      6.0233      0.8376      0.8095     -0.0048      0.0544      0.0546     91.2436     62.1863    -95.0000      0.0004      0.1280     -0.0068
     37.9553   -118.0981      6.7402      0.8375      0.8095     -0.0044      0.0500      0.0502     91.1874     62.4463    -95.0000      0.0116      0.0919     -0.0032
     37.9520   -118.0982      7.4588      0.8373      0.8095     -0.0040      0.0452      0.0454     91.1265     62.7069    -95.0000      0.0168      0.0575     -0.0005
     37.9487   -118.0982      8.1790      0.8371      0.8095     -0.0036      0.0409      0.0410     91.0608     62.9681    -95.0000      0.0182      0.0416      0.0014
     37.9454   -118.0983      8.9009      0.8370      0.8095     -0.0032      0.0366      0.0367     90.9903     63.2300    -95.0000      0.0187      0.0228      0.0027
     37.9421   -118.0984      9.6246      0.8368      0.8095     -0.0029      0.0328      0.0329     90.9149     63.4925    -95.0000      0.0179      0.0146      0.0036
     37.9389   -118.0984     10.3498      0.8367      0.8095     -0.0025      0.0291      0.0292     90.8345     63.7557    -95.0000      0.0172      0.0032      0.0043
     37.9357   -118.0985     11.0767      0.8366      0.8095     -0.0023      0.0259      0.0260     90.7492     64.0195    -95.0000      0.0159     -0.0009      0.0047
     37.9325   -118.0986     11.8053      0.8364      0.8095     -0.0020      0.0230      0.0231     90.6588     64.2840    -95.0000      0.0148     -0.0063      0.0049
     37.9294   -118.0986     12.5354      0.8363      0.8095     -0.0018      0.0204      0.0205     90.5634     64.5491    -95.0000      0.0134     -0.0071      0.0050
     37.9262   -118.0987     13.2672      0.8361      0.8095     -0.0016      0.0181      0.0182     90.4629     64.8149    -95.0000      0.0122     -0.0084      0.0051
     37.9232   -118.0988     14.0006      0.8360      0.8095     -0.0014      0.0160      0.0161     90.3572     65.0814    -95.0000      0.0109     -0.0074      0.0050
     37.9201   -118.0988     14.7355      0.8359      0.8095     -0.0012      0.0142      0.0142     90.2464     65.3486    -95.0000      0.0097     -0.0057      0.0050
     37.9171   -118.0989     15.4721      0.8358      0.8095     -0.0011      0.0126      0.0126     90.1304     65.6164    -95.0000      0.0084     -0.0004      0.0049
     37.9141   -118.0990     16.2102      0.8357      0.8095     -0.0010      0.0112      0.0112     90.0091     65.8849    -95.0000      0.0067      0.0163      0.0049
     37.9111   -118.0990     16.9498      0.8356      0.8095     -0.0009      0.0102      0.0102     89.8825     66.1542    -95.0000      0.0004      0.1135      0.0049
     37.9866   -118.0879      0.3509      0.8389      0.8091      0.0014      0.0183      0.0184     91.5273     60.1312    -85.6264     -0.1453     -0.2900      0.0716
     37.9830   -118.0880      1.0533      0.8388      0.8091      0.0023      0.0265      0.0266     91.5076     60.3916    -85.0000     -0.0141     -0.2591     -0.0787
     37.9794   -118.0880      1.7576      0.8386      0.8091      0.0035      0.0401      0.0402     91.4836     60.6526    -85.0000      0.0293     -0.0822     -0.0804
     37.9759   -118.0881      2.4638      0.8384      0.8091      0.0042      0.0544      0.0545     91.4551     60.9142    -85.6110      0.0572      0.1093     -0.0631
     37.9724   -118.0882      3.1717      0.8383      0.8091      0.0025      0.0658      0.0658     91.4222     61.1765    -87.8176      0.0395      0.2548     -0.0457
     37.9689   -118.0883      3.8815      0.8381      0.8091     -0.0007      0.0719      0.0719     91.3848     61.4394    -90.5787      0.0005      0.3073     -0.0318
     37.9654   -118.0883      4.5930      0.8379      0.8091     -0.0038      0.0729      0.0730     91.3429     61.7030    -93.0017     -0.0290      0.2979     -0.0212
     37.9620   -118.0884      5.3062      0.8378      0.8091     -0.0055      0.0697      0.0699     91.2963     61.9672    -94.5368     -0.0335      0.2357     -0.0134
     37.9586   -118.0885      6.0213      0.8376      0.8091     -0.0056      0.0645      0.0647     91.2451     62.2321    -95.0000     -0.0144      0.1757     -0.0077
     37.9552   -118.0886      6.7380      0.8375      0.8091     -0.0051      0.0583      0.0585     91.1892     62.4976    -95.0000      0.0041      0.1137     -0.0035
     37.9518   -118.0886      7.4566      0.8373      0.8091     -0.0046      0.0523      0.0525     91.1285     62.7638    -95.0000      0.0113      0.0779     -0.0005
     37.9485   -118.0887      8.1768      0.8371      0.8091     -0.0041      0.0465      0.0467     91.0631     63.0306    -95.0000      0.0149      0.0459      0.0016
     37.9452   -118.0888      8.8987      0.8370      0.8091     -0.0036      0.0414      0.0416     90.9928     63.2981    -95.0000      0.0156      0.0313      0.0031
     37.9420   -118.0888      9.6224      0.8368      0.8091     -0.0032      0.0366      0.0368     90.9177     63.5663    -95.0000      0.0158      0.0144      0.0041
     37.9388   -118.0889     10.3477      0.8367      0.8091     -0.0028      0.0324      0.0326     90.8376     63.8351    -95.0000      0.0150      0.0070      0.0048
     37.9356   -118.0890     11.0747      0.8366      0.8091     -0.0025      0.0286      0.0287     90.7526     64.1046    -95.0000      0.0143     -0.0023      0.0052
     37.9324   -118.0890     11.8034      0.8364      0.8091     -0.0022      0.0252      0.0253     90.6626     64.3748    -95.0000      0.0131     -0.0053      0.0054
     37.9293   -118.0891     12.5337      0.8363      0.8091     -0.0019      0.0222      0.0223     90.5675     64.6457    -95.0000      0.0120     -0.0089      0.0055
     37.9262   -118.0892     13.2657      0.8361      0.8091     -0.0017      0.0196      0.0197     90.4673     64.9173    -95.0000      0.0109     -0.0090      0.0055
     37.9231   -118.0892     13.9993      0.8360      0.8091     -0.0015      0.0172      0.0173     90.3620     65.1895    -95.0000      0.0098     -0.0091      0.0055
     37.9201   -118.0893     14.7345      0.8359      0.8091     -0.0013      0.0152      0.0152     90.2515     65.4625    -95.0000      0.0087     -0.0073      0.0054
     37.9171   -118.0894     15.4713      0.8358      0.8091     -0.0012      0.0133      0.0134     90.1358     65.7361    -95.0000      0.0075     -0.0018      0.0053
     37.9141   -118.0894     16.2097      0.8357      0.8091     -0.0010      0.0118      0.0119     90.0149     66.0105    -95.0000      0.0057      0.0155      0.0052
     37.9112   -118.0895     16.9496      0.8356      0.8091     -0.0009      0.0108      0.0108     89.8886     66.2856    -95.0000     -0.0010      0.1202      0.0053
     37.9864   -118.0783      0.3507      0.8389      0.8086      0.0033      0.0432      0.0433     91.5272     60.1338    -85.6245     -0.1170     -0.0626     -0.0332
     37.9828   -118.0784      1.0528      0.8388      0.8086      0.0041      0.0464      0.0466     91.5076     60.3994    -85.0000      0.0171     -0.0902     -0.1012
     37.9792   -118.0785      1.7568      0.8386      0.8086      0.0048      0.0545      0.0547     91.4836     60.6658    -85.0000      0.0484     -0.0245     -0.0927
     37.9757   -118.0786      2.4626      0.8384      0.8086      0.0053      0.0659      0.0662     91.4551     60.9328    -85.4001      0.0741      0.1285     -0.0714
     37.9722   -118.0786      3.1703      0.8383      0.8086      0.0035      0.0764      0.0765     91.4222     61.2004    -87.3412      0.0530      0.2675     -0.0516
     37.9687   -118.0787      3.8798      0.8381      0.8086      0.0001      0.0828      0.0828     91.3847     61.4688    -89.9219      0.0102      0.3490     -0.0357
     37.9652   -118.0788      4.5912      0.8379      0.8086     -0.0034      0.0837      0.0837     91.3427     61.7378    -92.3558     -0.0279      0.3401     -0.0237
     37.9618   -118.0789      5.3043      0.8378      0.8086     -0.0057      0.0802      0.0804     91.2961     62.0076    -94.0976     -0.0421      0.2907     -0.0149
     37.9584   -118.0789      6.0192      0.8376      0.8086     -0.0064      0.0738      0.0741     91.2448     62.2779    -94.9430     -0.0321      0.2099     -0.0085
     37.9550   -118.0790      6.7359      0.8375      0.8086     -0.0058      0.0665      0.0668     91.1888     62.5490    -95.0000     -0.0077      0.1480     -0.0038
     37.9517   -118.0791      7.4544      0.8373      0.8086     -0.0052      0.0591      0.0593     91.1280     62.8207    -95.0000      0.0043      0.0907     -0.0005
     37.9484   -118.0792      8.1746      0.8371      0.8086     -0.0046      0.0523      0.0525     91.0625     63.0932    -95.0000      0.0092      0.0605      0.0019
     37.9451   -118.0792      8.8965      0.8370      0.8086     -0.0040      0.0460      0.0462     90.9920     63.3663    -95.0000      0.0118      0.0330      0.0035
     37.9419   -118.0793      9.6202      0.8368      0.8086     -0.0035      0.0406      0.0407     90.9167     63.6401    -95.0000      0.0121      0.0204      0.0046
     37.9387   -118.0794     10.3456      0.8367      0.8086     -0.0031      0.0356      0.0357     90.8365     63.9146    -95.0000      0.0122      0.0060      0.0053
     37.9355   -118.0794     11.0728      0.8365      0.8086     -0.0027      0.0312      0.0314     90.7512     64.1898    -95.0000      0.0114     -0.0000      0.0057
     37.9323   -118.0795     11.8016      0.8364      0.8086     -0.0024      0.0273      0.0275     90.6610     64.4657    -95.0000      0.0108     -0.0069      0.0059
     37.9292   -118.0796     12.5320      0.8363      0.8086     -0.0021      0.0240      0.0241     90.5656     64.7423    -95.0000      0.0099     -0.0088      0.0060
     37.9261   -118.0796     13.2642      0.8361      0.8086     -0.0018      0.0210      0.0211     90.4652     65.0197    -95.0000      0.0090     -0.0106      0.0060
     37.9231   -118.0797     13.9980      0.8360      0.8086     -0.0016      0.0184      0.0184     90.3596     65.2977    -95.0000      0.0081     -0.0103      0.0059
     37.9200   -118.0798     14.7334      0.8359      0.8086     -0.0014      0.0161      0.0161     90.2488     65.5765    -95.0000      0.0072     -0.0087      0.0058
     37.9171   -118.0798     15.4705      0.8358      0.8086     -0.0012      0.0141      0.0141     90.1328     65.8560    -95.0000      0.0062     -0.0036      0.0057
     37.9141   -118.0799     16.2092      0.8357      0.8086     -0.0011      0.0125      0.0125     90.0114     66.1362    -95.0000      0.0045      0.0154      0.0056
     37.9112   -118.0800     16.9495      0.8356      0.8086     -0.0010      0.0113      0.0113     89.8848     66.4172    -95.0000     -0.0025      0.1259      0.0056
     37.9862   -118.0688      0.3505      0.8389      0.8082      0.0041      0.0626      0.0628     91.5273     60.1363    -86.2969     -0.1301      0.0729     -0.0998
     37.9826   -118.0688      1.0522      0.8388      0.8082      0.0054      0.0618      0.0620     91.5078     60.4073    -85.0000      0.0220     -0.0226     -0.1165
     37.9790   -118.0689      1.7559      0.8386      0.8082      0.0058      0.0658      0.0661     91.4839     60.6789    -85.0000      0.0472     -0.0171     -0.1017
     37.9755   -118.0690      2.4615      0.8384      0.8082      0.0064      0.0747      0.0749     91.4556     60.9513    -85.1170      0.0811      0.1019     -0.0781
     37.9720   -118.0691      3.1689      0.8383      0.8082      0.0048      0.0846      0.0848     91.4228     61.2244    -86.7635      0.0664      0.2578     -0.0565
     37.9685   -118.0692      3.8782      0.8381      0.8082      0.0013      0.0912      0.0912     91.3856     61.4982    -89.1768      0.0228      0.3485     -0.0391
     37.9650   -118.0692      4.5894      0.8379      0.8082     -0.0025      0.0927      0.0928     91.3437     61.7727    -91.5730     -0.0192      0.3729     -0.0260
     37.9616   -118.0693      5.3024      0.8378      0.8082     -0.0055      0.0891      0.0893     91.2973     62.0479    -93.5155     -0.0446      0.3206     -0.0162
     37.9582   -118.0694      6.0172      0.8376      0.8082     -0.0067      0.0825      0.0827     91.2463     62.3238    -94.6597     -0.0437      0.2526     -0.0091
     37.9549   -118.0695      6.7338      0.8375      0.8082     -0.0065      0.0741      0.0743     91.1905     62.6004    -95.0000     -0.0231      0.1708     -0.0039
     37.9515   -118.0695      7.4522      0.8373      0.8082     -0.0057      0.0657      0.0660     91.1300     62.8777    -95.0000     -0.0061      0.1160     -0.0003
     37.9482   -118.0696      8.1724      0.8371      0.8082     -0.0050      0.0577      0.0579     91.0647     63.1557    -95.0000      0.0021      0.0676      0.0022
     37.9450   -118.0697      8.8944      0.8370      0.8082     -0.0044      0.0506      0.0508     90.9946     63.4345    -95.0000      0.0053      0.0435      0.0040
     37.9417   -118.0698      9.6181      0.8368      0.8082     -0.0039      0.0442      0.0443     90.9196     63.7139    -95.0000      0.0071      0.0206      0.0051
     37.9385   -118.0698     10.3436      0.8367      0.8082     -0.0034      0.0386      0.0388     90.8396     63.9941    -95.0000      0.0074      0.0103      0.0059
     37.9354   -118.0699     11.0708      0.8365      0.8082     -0.0029      0.0337      0.0338     90.7547     64.2750    -95.0000      0.0076     -0.0012      0.0063
     37.9322   -118.0700     11.7997      0.8364      0.8082     -0.0026      0.0294      0.0295     90.6647     64.5567    -95.0000      0.0071     -0.0056      0.0065
     37.9291   -118.0700     12.5304      0.8363      0.8082     -0.0022      0.0256      0.0257     90.5697     64.8390    -95.0000      0.0068     -0.0101      0.0066
     37.9261   -118.0701     13.2627      0.8361      0.8082     -0.0020      0.0223      0.0224     90.4696     65.1221    -95.0000      0.0063     -0.0111      0.0065
     37.9230   -118.0702     13.9967      0.8360      0.8082     -0.0017      0.0194      0.0195     90.3644     65.4060    -95.0000      0.0057     -0.0116      0.0064
     37.9200   -118.0702     14.7324      0.8359      0.8082     -0.0015      0.0169      0.0169     90.2539     65.6905    -95.0000      0.0052     -0.0104      0.0063
     37.9170   -118.0703     15.4697      0.8358      0.8082     -0.0013      0.0147      0.0148     90.1382     65.9759    -95.0000      0.0043     -0.0047      0.0061
     37.9141   -118.0704     16.2087      0.8357      0.8082     -0.0011      0.0130      0.0130     90.0173     66.2620    -95.0000      0.0028      0.0143      0.0060
     37.9112   -118.0704     16.9493      0.8356      0.8082     -0.0010      0.0118      0.0119     89.8910     66.5488    -95.0000     -0.0045      0.1322      0.0060
     37.9860   -118.0592      0.3503      0.8389      0.8077      0.0062      0.0754      0.0756     91.5273     60.1388    -85.3297     -0.0737      0.1212     -0.1290
     37.9824   -118.0593      1.0517      0.8388      0.8077      0.0063      0.0718      0.0721     91.5078     60.4151    -85.0000      0.0154     -0.0364     -0.1256
     37.9788   -118.0594      1.7551      0.8386      0.8077      0.0064      0.0734      0.0736     91.4839     60.6921    -85.0000      0.0387     -0.0593     -0.1083
     37.9753   -118.0594      2.4604      0.8384      0.8077      0.0071      0.0809      0.0812     91.4556     60.9699    -85.0000      0.0763      0.0635     -0.0835
     37.9718   -118.0595      3.1676      0.8383      0.8077      0.0058      0.0903      0.0905     91.4228     61.2484    -86.3281      0.0706      0.2154     -0.0606
     37.9683   -118.0596      3.8766      0.8381      0.8077      0.0026      0.0976      0.0976     91.3855     61.5276    -88.4828      0.0356      0.3406     -0.0421
     37.9649   -118.0597      4.5876      0.8379      0.8077     -0.0014      0.0997      0.0997     91.3436     61.8075    -90.8216     -0.0096      0.3737     -0.0279
     37.9615   -118.0598      5.3004      0.8378      0.8077     -0.0048      0.0968      0.0970     91.2971     62.0882    -92.8208     -0.0403      0.3526     -0.0173
     37.9581   -118.0598      6.0151      0.8376      0.8077     -0.0067      0.0898      0.0901     91.2460     62.3697    -94.2593     -0.0526      0.2755     -0.0096
     37.9547   -118.0599      6.7317      0.8374      0.8077     -0.0070      0.0811      0.0814     91.1901     62.6518    -94.9227     -0.0420      0.2046     -0.0040
     37.9514   -118.0600      7.4500      0.8373      0.8077     -0.0063      0.0716      0.0719     91.1295     62.9347    -95.0000     -0.0199      0.1304     -0.0001
     37.9481   -118.0601      8.1702      0.8371      0.8077     -0.0055      0.0628      0.0630     91.0641     63.2183    -95.0000     -0.0091      0.0858      0.0026
     37.9448   -118.0601      8.8922      0.8370      0.8077     -0.0048      0.0546      0.0548     90.9938     63.5027    -95.0000     -0.0037      0.0464      0.0045
     37.9416   -118.0602      9.6160      0.8368      0.8077     -0.0042      0.0476      0.0478     90.9186     63.7878    -95.0000     -0.0015      0.0278      0.0057
     37.9384   -118.0603     10.3415      0.8367      0.8077     -0.0036      0.0413      0.0415     90.8385     64.0737    -95.0000      0.0000      0.0093      0.0064
     37.9353   -118.0604     11.0688      0.8365      0.8077     -0.0031      0.0359      0.0360     90.7534     64.3603    -95.0000      0.0007      0.0014      0.0069
     37.9321   -118.0604     11.7979      0.8364      0.8077     -0.0027      0.0311      0.0312     90.6632     64.6476    -95.0000      0.0013     -0.0068      0.0071
     37.9291   -118.0605     12.5287      0.8363      0.8077     -0.0024      0.0270      0.0271     90.5680     64.9358    -95.0000      0.0016     -0.0097      0.0071
     37.9260   -118.0606     13.2612      0.8361      0.8077     -0.0020      0.0234      0.0235     90.4676     65.2246    -95.0000      0.0017     -0.0122      0.0070
     37.9230   -118.0606     13.9955      0.8360      0.8077     -0.0018      0.0203      0.0204     90.3620     65.5143    -95.0000      0.0018     -0.0130      0.0069
     37.9200   -118.0607     14.7314      0.8359      0.8077     -0.0015      0.0175      0.0176     90.2513     65.8047    -95.0000      0.0017     -0.0117      0.0067
     37.9170   -118.0608     15.4690      0.8358      0.8077     -0.0013      0.0152      0.0153     90.1352     66.0959    -95.0000      0.0014     -0.0069      0.0065
     37.9141   -118.0609     16.2082      0.8357      0.8077     -0.0012      0.0134      0.0135     90.0139     66.3879    -95.0000      0.0002      0.0142      0.0064
     37.9112   -118.0609     16.9491      0.8356      0.8077     -0.0011      0.0122      0.0123     89.8873     66.6806    -95.0000     -0.0070      0.1365      0.0064
     37.9858   -118.0496      0.3501      0.8389      0.8073      0.0076      0.0867      0.0871     91.5273     60.1414    -85.0000     -0.0314      0.1928     -0.1597
     37.9822   -118.0497      1.0512      0.8388      0.8073      0.0069      0.0817      0.0820     91.5078     60.4230    -85.1768      0.0082      0.0341     -0.1325
     37.9786   -118.0498      1.7542      0.8386      0.8073      0.0070      0.0804      0.0807     91.4839     60.7054    -85.0000      0.0355     -0.0533     -0.1138
     37.9751   -118.0499      2.4592      0.8384      0.8073      0.0075      0.0857      0.0860     91.4555     60.9885    -85.0000      0.0651      0.0185     -0.0882
     37.9716   -118.0500      3.1662      0.8383      0.8073      0.0065      0.0948      0.0951     91.4227     61.2724    -86.0621      0.0689      0.1829     -0.0643
     37.9681   -118.0500      3.8750      0.8381      0.8073      0.0036      0.1023      0.1024     91.3854     61.5571    -87.9904      0.0395      0.3099     -0.0447
     37.9647   -118.0501      4.5858      0.8379      0.8073     -0.0003      0.1056      0.1056     91.3435     61.8425    -90.1403      0.0005      0.3819     -0.0296
     37.9613   -118.0502      5.2985      0.8378      0.8073     -0.0039      0.1030      0.1031     91.2970     62.1287    -92.1572     -0.0376      0.3596     -0.0182
     37.9579   -118.0503      6.0131      0.8376      0.8073     -0.0062      0.0964      0.0966     91.2457     62.4157    -93.6518     -0.0541      0.3072     -0.0099
     37.9546   -118.0504      6.7296      0.8374      0.8073     -0.0070      0.0869      0.0872     91.1898     62.7034    -94.6048     -0.0562      0.2196     -0.0040
     37.9512   -118.0504      7.4479      0.8373      0.8073     -0.0066      0.0770      0.0773     91.1291     62.9919    -94.9280     -0.0422      0.1550      0.0002
     37.9480   -118.0505      8.1680      0.8371      0.8073     -0.0059      0.0671      0.0674     91.0635     63.2811    -95.0000     -0.0295      0.0914      0.0031
     37.9447   -118.0506      8.8900      0.8370      0.8073     -0.0050      0.0584      0.0586     90.9931     63.5711    -94.9301     -0.0191      0.0580      0.0051
     37.9415   -118.0507      9.6138      0.8368      0.8073     -0.0043      0.0504      0.0506     90.9178     63.8619    -94.9041     -0.0142      0.0269      0.0063
     37.9383   -118.0507     10.3395      0.8367      0.8073     -0.0037      0.0437      0.0438     90.8375     64.1535    -94.8430     -0.0099      0.0136      0.0071
     37.9352   -118.0508     11.0669      0.8365      0.8073     -0.0032      0.0377      0.0379     90.7521     64.4458    -94.8546     -0.0083     -0.0005      0.0075
     37.9321   -118.0509     11.7961      0.8364      0.8073     -0.0028      0.0326      0.0328     90.6617     64.7389    -94.8233     -0.0059     -0.0057      0.0077
     37.9290   -118.0510     12.5270      0.8363      0.8073     -0.0024      0.0282      0.0283     90.5663     65.0328    -94.8393     -0.0051     -0.0111      0.0077
     37.9259   -118.0510     13.2598      0.8361      0.8073     -0.0020      0.0243      0.0244     90.4656     65.3275    -94.8082     -0.0035     -0.0130      0.0076
     37.9229   -118.0511     13.9942      0.8360      0.8073     -0.0018      0.0210      0.0211     90.3598     65.6230    -94.8094     -0.0028     -0.0141      0.0074
     37.9199   -118.0512     14.7304      0.8359      0.8073     -0.0015      0.0180      0.0181     90.2487     65.9193    -94.7803     -0.0017     -0.0141      0.0072
     37.9170   -118.0513     15.4682      0.8358      0.8073     -0.0013      0.0156      0.0157     90.1323     66.2163    -94.7836     -0.0015     -0.0084      0.0069
     37.9141   -118.0513     16.2078      0.8357      0.8073     -0.0011      0.0137      0.0137     90.0107     66.5142    -94.7914     -0.0020      0.0118      0.0067
     37.9112   -118.0514     16.9490      0.8356      0.8073     -0.0011      0.0125      0.0126     89.8836     66.8129    -94.8631     -0.0095      0.1409      0.0067
     37.9856   -118.0401      0.3499      0.8390      0.8068      0.0077      0.0932      0.0935     91.5274     60.1439    -85.2729     -0.0161      0.2165     -0.1704
     37.9820   -118.0401      1.0506      0.8388      0.8068      0.0077      0.0881      0.0885     91.5079     60.4308    -85.0008      0.0233      0.0725     -0.1376
     37.9785   -118.0402      1.7534      0.8386      0.8068      0.0075      0.0855      0.0859     91.4842     60.7186    -85.0000      0.0278     -0.0542     -0.1190
     37.9749   -118.0403      2.4581      0.8384      0.8068      0.0079      0.0903      0.0906     91.4560     61.0071    -85.0000      0.0559      0.0077     -0.0926
     37.9714   -118.0404      3.1648      0.8383      0.8068      0.0070      0.0990      0.0992     91.4234     61.2964    -85.9421      0.0610      0.1535     -0.0676
     37.9679   -118.0405      3.8735      0.8381      0.8068      0.0044      0.1073      0.1074     91.3862     61.5866    -87.6339      0.0414      0.3101     -0.0470
     37.9645   -118.0406      4.5841      0.8379      0.8068      0.0007      0.1106      0.1106     91.3445     61.8775    -89.6289      0.0011      0.3739     -0.0309
     37.9611   -118.0406      5.2966      0.8378      0.8068     -0.0027      0.1087      0.1087     91.2982     62.1692    -91.4225     -0.0305      0.3822     -0.0189
     37.9577   -118.0407      6.0111      0.8376      0.8068     -0.0052      0.1016      0.1017     91.2472     62.4617    -92.9172     -0.0553      0.3134     -0.0101
     37.9544   -118.0408      6.7275      0.8374      0.8068     -0.0062      0.0921      0.0923     91.1915     62.7550    -93.8245     -0.0565      0.2453     -0.0038
     37.9511   -118.0409      7.4457      0.8373      0.8068     -0.0062      0.0812      0.0814     91.1311     63.0490    -94.3375     -0.0523      0.1596      0.0007
     37.9478   -118.0410      8.1659      0.8371      0.8068     -0.0054      0.0709      0.0711     91.0658     63.3439    -94.3912     -0.0372      0.1078      0.0037
     37.9446   -118.0411      8.8879      0.8370      0.8068     -0.0047      0.0612      0.0614     90.9957     63.6396    -94.3738     -0.0285      0.0571      0.0057
     37.9414   -118.0411      9.6117      0.8368      0.8068     -0.0039      0.0529      0.0530     90.9206     63.9360    -94.2284     -0.0187      0.0340      0.0070
     37.9382   -118.0412     10.3374      0.8367      0.8068     -0.0033      0.0454      0.0456     90.8406     64.2333    -94.2150     -0.0158      0.0103      0.0077
     37.9351   -118.0413     11.0650      0.8365      0.8068     -0.0028      0.0392      0.0393     90.7556     64.5314    -94.1437     -0.0112      0.0014      0.0081
     37.9320   -118.0414     11.7943      0.8364      0.8068     -0.0025      0.0337      0.0338     90.6655     64.8302    -94.1833     -0.0104     -0.0085      0.0083
     37.9289   -118.0414     12.5254      0.8363      0.8068     -0.0021      0.0291      0.0292     90.5704     65.1299    -94.1385     -0.0075     -0.0115      0.0082
     37.9259   -118.0415     13.2583      0.8361      0.8068     -0.0018      0.0250      0.0251     90.4701     65.4304    -94.1566     -0.0067     -0.0144      0.0081
     37.9229   -118.0416     13.9929      0.8360      0.8068     -0.0015      0.0215      0.0215     90.3646     65.7317    -94.0982     -0.0045     -0.0159      0.0079
     37.9199   -118.0417     14.7293      0.8359      0.8068     -0.0013      0.0184      0.0184     90.2539     66.0339    -94.0968     -0.0036     -0.0156      0.0076
     37.9170   -118.0417     15.4675      0.8358      0.8068     -0.0011      0.0158      0.0158     90.1379     66.3368    -94.0864     -0.0023     -0.0123      0.0073
     37.9141   -118.0418     16.2073      0.8357      0.8068     -0.0010      0.0138      0.0138     90.0166     66.6406    -94.1988     -0.0032      0.0098      0.0071
     37.9112   -118.0419     16.9488      0.8356      0.8068     -0.0010      0.0126      0.0127     89.8899     66.9452    -94.4359     -0.0108      0.1408      0.0070
     37.9854   -118.0305      0.3498      0.8390      0.8064      0.0064      0.0933      0.0935     91.5274     60.1465    -86.0758     -0.0273      0.1693     -0.1463
     37.9818   -118.0306      1.0501      0.8388      0.8064      0.0077      0.0885      0.0888     91.5079     60.4387    -85.0000      0.0333     -0.0055     -0.1402
     37.9783   -118.0307      1.7525      0.8386      0.8064      0.0077      0.0881      0.0884     91.4842     60.7318    -85.0000      0.0248     -0.0784     -0.1243
     37.9747   -118.0307      2.4570      0.8384      0.8064      0.0082      0.0942      0.0946     91.4560     61.0257    -85.0000      0.0504     -0.0010     -0.0970
     37.9712   -118.0308      3.1634      0.8383      0.8064      0.0075      0.1043      0.1046     91.4233     61.3205    -85.8677      0.0589      0.1795     -0.0706
     37.9678   -118.0309      3.8719      0.8381      0.8064      0.0051      0.1124      0.1126     91.3862     61.6161    -87.4248      0.0350      0.3153     -0.0488
     37.9643   -118.0310      4.5823      0.8379      0.8064      0.0019      0.1162      0.1162     91.3444     61.9124    -89.0872      0.0057      0.4032     -0.0319
     37.9609   -118.0311      5.2947      0.8378      0.8064     -0.0013      0.1134      0.1134     91.2980     62.2097    -90.6792     -0.0295      0.3821     -0.0193
     37.9576   -118.0312      6.0091      0.8376      0.8064     -0.0034      0.1063      0.1064     91.2470     62.5077    -91.8398     -0.0426      0.3364     -0.0100
     37.9542   -118.0313      6.7254      0.8374      0.8064     -0.0045      0.0957      0.0959     91.1912     62.8065    -92.7042     -0.0519      0.2416     -0.0034
     37.9509   -118.0313      7.4436      0.8373      0.8064     -0.0045      0.0847      0.0848     91.1306     63.1062    -93.0422     -0.0415      0.1763      0.0012
     37.9477   -118.0314      8.1637      0.8371      0.8064     -0.0041      0.0734      0.0735     91.0653     63.4067    -93.2043     -0.0358      0.1027      0.0044
     37.9445   -118.0315      8.8857      0.8370      0.8064     -0.0034      0.0634      0.0635     90.9950     63.7080    -93.0636     -0.0223      0.0665      0.0064
     37.9413   -118.0316      9.6096      0.8368      0.8064     -0.0029      0.0544      0.0545     90.9198     64.0102    -93.0293     -0.0187      0.0279      0.0077
     37.9381   -118.0317     10.3354      0.8367      0.8064     -0.0024      0.0468      0.0469     90.8396     64.3132    -92.8919     -0.0115      0.0133      0.0084
     37.9350   -118.0317     11.0630      0.8365      0.8064     -0.0021      0.0401      0.0401     90.7544     64.6170    -92.9382     -0.0114     -0.0042      0.0088
     37.9319   -118.0318     11.7925      0.8364      0.8064     -0.0017      0.0345      0.0345     90.6641     64.9216    -92.8812     -0.0077     -0.0092      0.0089
     37.9288   -118.0319     12.5238      0.8363      0.8064     -0.0015      0.0296      0.0296     90.5687     65.2271    -92.9438     -0.0079     -0.0152      0.0088
     37.9258   -118.0320     13.2568      0.8361      0.8064     -0.0013      0.0254      0.0255     90.4682     65.5334    -92.8798     -0.0053     -0.0163      0.0086
     37.9228   -118.0321     13.9917      0.8360      0.8064     -0.0011      0.0218      0.0218     90.3624     65.8406    -92.8871     -0.0047     -0.0171      0.0083
     37.9199   -118.0321     14.7283      0.8359      0.8064     -0.0009      0.0186      0.0186     90.2514     66.1485    -92.8187     -0.0024     -0.0181      0.0080
     37.9170   -118.0322     15.4667      0.8358      0.8064     -0.0008      0.0158      0.0158     90.1351     66.4574    -92.8924     -0.0019     -0.0146      0.0077
     37.9141   -118.0323     16.2068      0.8357      0.8064     -0.0007      0.0137      0.0137     90.0134     66.7671    -93.1119     -0.0022      0.0034      0.0075
     37.9112   -118.0323     16.9487      0.8356      0.8064     -0.0008      0.0126      0.0126     89.8864     67.0776    -93.6723     -0.0110      0.1384      0.0074
     37.9852   -118.0209      0.3496      0.8390      0.8059      0.0046      0.0907      0.0908     91.5274     60.1490    -87.1261     -0.0227      0.0991     -0.1112
     37.9816   -118.0210      1.0496      0.8388      0.8059      0.0063      0.0871      0.0874     91.5081     60.4466    -85.8871      0.0192     -0.0904     -0.1427
     37.9781   -118.0211      1.7517      0.8386      0.8059      0.0078      0.0894      0.0897     91.4845     60.7451    -85.0000      0.0483     -0.1261     -0.1300
     37.9745   -118.0212      2.4559      0.8384      0.8059      0.0087      0.0989      0.0993     91.4565     61.0444    -85.0000      0.0656      0.0313     -0.1012
     37.9710   -118.0213      3.1621      0.8383      0.8059      0.0079      0.1101      0.1104     91.4240     61.3445    -85.8978      0.0561      0.2122     -0.0732
     37.9676   -118.0214      3.8703      0.8381      0.8060      0.0059      0.1190      0.1192     91.3870     61.6455    -87.1593      0.0371      0.3770     -0.0502
     37.9642   -118.0215      4.5806      0.8379      0.8060      0.0031      0.1214      0.1215     91.3455     61.9474    -88.5384      0.0031      0.4186     -0.0325
     37.9608   -118.0215      5.2928      0.8378      0.8060      0.0007      0.1182      0.1183     91.2993     62.2501    -89.6453     -0.0136      0.4154     -0.0193
     37.9574   -118.0216      6.0071      0.8376      0.8060     -0.0011      0.1095      0.1095     91.2485     62.5537    -90.5862     -0.0322      0.3264     -0.0097
     37.9541   -118.0217      6.7233      0.8374      0.8059     -0.0018      0.0988      0.0988     91.1929     62.8581    -91.0666     -0.0272      0.2570     -0.0029
     37.9508   -118.0218      7.4415      0.8373      0.8059     -0.0021      0.0865      0.0866     91.1326     63.1634    -91.3984     -0.0284      0.1617      0.0019
     37.9475   -118.0219      8.1616      0.8371      0.8059     -0.0018      0.0753      0.0753     91.0675     63.4695    -91.3503     -0.0155      0.1123      0.0051
     37.9443   -118.0220      8.8836      0.8370      0.8059     -0.0015      0.0645      0.0646     90.9975     63.7765    -91.3604     -0.0144      0.0546      0.0072
     37.9411   -118.0220      9.6076      0.8368      0.8059     -0.0011      0.0555      0.0555     90.9226     64.0844    -91.1829     -0.0056      0.0324      0.0084
     37.9380   -118.0221     10.3334      0.8367      0.8059     -0.0010      0.0474      0.0474     90.8428     64.3931    -91.2167     -0.0072      0.0037      0.0092
     37.9349   -118.0222     11.0611      0.8365      0.8059     -0.0008      0.0406      0.0406     90.7579     64.7026    -91.1262     -0.0029     -0.0044      0.0095
     37.9318   -118.0223     11.7907      0.8364      0.8059     -0.0007      0.0347      0.0347     90.6679     65.0130    -91.2246     -0.0049     -0.0162      0.0095
     37.9288   -118.0224     12.5221      0.8362      0.8059     -0.0006      0.0298      0.0298     90.5729     65.3243    -91.1730     -0.0023     -0.0180      0.0094
     37.9257   -118.0224     13.2554      0.8361      0.8059     -0.0006      0.0256      0.0256     90.4726     65.6364    -91.2374     -0.0033     -0.0199      0.0091
     37.9228   -118.0225     13.9905      0.8360      0.8059     -0.0004      0.0219      0.0219     90.3672     65.9494    -91.1519     -0.0012     -0.0192      0.0088
     37.9198   -118.0226     14.7273      0.8359      0.8059     -0.0004      0.0187      0.0187     90.2566     66.2632    -91.1628     -0.0010     -0.0174      0.0085
     37.9169   -118.0227     15.4660      0.8358      0.8059     -0.0003      0.0158      0.0158     90.1406     66.5780    -91.1846      0.0007     -0.0166      0.0081
     37.9141   -118.0227     16.2064      0.8357      0.8059     -0.0004      0.0135      0.0135     90.0193     66.8936    -91.5906     -0.0004     -0.0013      0.0078
     37.9113   -118.0228     16.9485      0.8356      0.8059     -0.0005      0.0122      0.0122     89.8927     67.2100    -92.4640     -0.0089      0.1267      0.0077
     37.9850   -118.0113      0.3494      0.8390      0.8055      0.0007      0.0897      0.0897     91.5274     60.1516    -89.5667     -0.0717      0.0505     -0.0918
     37.9814   -118.0114      1.0490      0.8388      0.8055      0.0039      0.0871      0.0872     91.5080     60.4545    -87.4469      0.0184     -0.1556     -0.1490
     37.9779   -118.0115      1.7508      0.8386      0.8055      0.0067      0.0925      0.0927     91.4843     60.7583    -85.8552      0.0605     -0.1228     -0.1360
     37.9743   -118.0116      2.4547      0.8384      0.8055      0.0081      0.1040      0.1043     91.4562     61.0630    -85.5394      0.0651      0.0588     -0.1048
     37.9709   -118.0117      3.1607      0.8383      0.8055      0.0082      0.1171      0.1174     91.4236     61.3686    -86.0087      0.0584      0.2963     -0.0752
     37.9674   -118.0118      3.8687      0.8381      0.8055      0.0068      0.1251      0.1253     91.3865     61.6751    -86.8941      0.0313      0.4170     -0.0512
     37.9640   -118.0119      4.5788      0.8379      0.8055      0.0051      0.1272      0.1273     91.3448     61.9824    -87.7070      0.0175      0.4807     -0.0329
     37.9606   -118.0120      5.2909      0.8378      0.8055      0.0032      0.1218      0.1218     91.2984     62.2907    -88.5080     -0.0050      0.4135     -0.0193
     37.9572   -118.0121      6.0051      0.8376      0.8055      0.0020      0.1126      0.1126     91.2474     62.5998    -88.9588     -0.0029      0.3512     -0.0094
     37.9539   -118.0122      6.7212      0.8374      0.8055      0.0012      0.1001      0.1002     91.1916     62.9098    -89.3398     -0.0108      0.2341     -0.0023
     37.9507   -118.0123      7.4393      0.8373      0.8055      0.0010      0.0880      0.0880     91.1310     63.2207    -89.3468      0.0007      0.1727      0.0026
     37.9474   -118.0123      8.1594      0.8371      0.8055      0.0008      0.0758      0.0758     91.0656     63.5325    -89.4152     -0.0029      0.0914      0.0059
     37.9442   -118.0124      8.8815      0.8370      0.8055      0.0009      0.0653      0.0653     90.9953     63.8451    -89.2338      0.0061      0.0616      0.0080
     37.9410   -118.0125      9.6055      0.8368      0.8055      0.0007      0.0556      0.0556     90.9200     64.1587    -89.2697      0.0013      0.0175      0.0093
     37.9379   -118.0126     10.3314      0.8367      0.8055      0.0007      0.0477      0.0477     90.8397     64.4731    -89.1366      0.0060      0.0062      0.0099
     37.9348   -118.0127     11.0592      0.8365      0.8055      0.0005      0.0406      0.0406     90.7544     64.7884    -89.2461      0.0014     -0.0148      0.0102
     37.9317   -118.0128     11.7889      0.8364      0.8055      0.0005      0.0348      0.0348     90.6640     65.1046    -89.1805      0.0040     -0.0178      0.0102
     37.9287   -118.0128     12.5205      0.8362      0.8055      0.0004      0.0297      0.0297     90.5684     65.4217    -89.3037      0.0009     -0.0244      0.0100
     37.9257   -118.0129     13.2540      0.8361      0.8055      0.0003      0.0255      0.0255     90.4677     65.7396    -89.2455      0.0026     -0.0233      0.0097
     37.9227   -118.0130     13.9892      0.8360      0.8055      0.0003      0.0219      0.0219     90.3617     66.0585    -89.3142      0.0011     -0.0210      0.0094
     37.9198   -118.0131     14.7263      0.8359      0.8055      0.0002      0.0187      0.0187     90.2504     66.3782    -89.2430      0.0025     -0.0171      0.0090
     37.9169   -118.0131     15.4652      0.8358      0.8055      0.0002      0.0160      0.0160     90.1338     66.6989    -89.3428      0.0024     -0.0098      0.0086
     37.9141   -118.0132     16.2059      0.8357      0.8055      0.0001      0.0134      0.0134     90.0118     67.0204    -89.6468      0.0032     -0.0012      0.0083
     37.9113   -118.0133     16.9483      0.8356      0.8055     -0.0002      0.0114      0.0114     89.8844     67.3428    -90.7927     -0.0054      0.1043      0.0081
     37.9848   -118.0023      0.3492      0.7551      0.8051     -0.0034      0.0930      0.0931     91.5277     60.1540    -92.1020     -0.1253      0.0457     -0.1110
     37.9812   -118.0023      1.0485      0.7549      0.8051     -0.0004      0.0911      0.0911     91.5085     60.4620    -90.2725     -0.0544     -0.1444     -0.1604
     37.9777   -118.0024      1.7500      0.7547      0.8051      0.0034      0.0973      0.0974     91.4850     60.7709    -88.0282     -0.0084     -0.0968     -0.1424
     37.9742   -118.0025      2.4537      0.7546      0.8051      0.0065      0.1104      0.1106     91.4570     61.0808    -86.6227      0.0234      0.1393     -0.1100
     37.9707   -118.0026      3.1594      0.7544      0.8051      0.0080      0.1228      0.1230     91.4246     61.3915    -86.2910      0.0229      0.3404     -0.0802
     37.9672   -118.0027      3.8673      0.7543      0.8051      0.0082      0.1309      0.1312     91.3877     61.7032    -86.4222      0.0227      0.4987     -0.0559
     37.9638   -118.0028      4.5772      0.7541      0.8051      0.0072      0.1309      0.1311     91.3463     62.0158    -86.8337      0.0050      0.4960     -0.0368
     37.9604   -118.0029      5.2892      0.7540      0.8051      0.0063      0.1251      0.1253     91.3002     62.3293    -87.1247      0.0077      0.4616     -0.0221
     37.9571   -118.0030      6.0032      0.7538      0.8051      0.0051      0.1138      0.1140     91.2494     62.6437    -87.4402     -0.0030      0.3345     -0.0112
     37.9538   -118.0031      6.7193      0.7537      0.8051      0.0045      0.1015      0.1016     91.1939     62.9590    -87.4806      0.0077      0.2561     -0.0032
     37.9505   -118.0032      7.4373      0.7535      0.8051      0.0037      0.0880      0.0881     91.1336     63.2752    -87.5628      0.0019      0.1478      0.0023
     37.9473   -118.0033      8.1574      0.7534      0.8051      0.0034      0.0762      0.0763     91.0685     63.5923    -87.4118      0.0119      0.1044      0.0060
     37.9441   -118.0034      8.8795      0.7533      0.8051      0.0029      0.0650      0.0651     90.9986     63.9104    -87.4315      0.0056      0.0428      0.0084
     37.9409   -118.0034      9.6035      0.7531      0.8051      0.0026      0.0558      0.0558     90.9236     64.2293    -87.2914      0.0114      0.0258      0.0099
     37.9378   -118.0035     10.3295      0.7530      0.8051      0.0022      0.0474      0.0474     90.8437     64.5492    -87.3751      0.0052     -0.0060      0.0107
     37.9347   -118.0036     11.0574      0.7529      0.8051      0.0019      0.0405      0.0406     90.7588     64.8700    -87.2999      0.0086     -0.0115      0.0111
     37.9316   -118.0037     11.7873      0.7527      0.8051      0.0016      0.0345      0.0345     90.6688     65.1917    -87.4219      0.0042     -0.0247      0.0111
     37.9286   -118.0038     12.5190      0.7526      0.8051      0.0014      0.0296      0.0296     90.5736     65.5143    -87.3786      0.0063     -0.0249      0.0110
     37.9256   -118.0039     13.2526      0.7525      0.8051      0.0011      0.0253      0.0253     90.4733     65.8378    -87.4929      0.0038     -0.0264      0.0106
     37.9227   -118.0039     13.9881      0.7524      0.8051      0.0010      0.0218      0.0218     90.3677     66.1622    -87.4642      0.0050     -0.0234      0.0102
     37.9198   -118.0040     14.7254      0.7523      0.8051      0.0008      0.0187      0.0187     90.2569     66.4876    -87.5678      0.0038     -0.0162      0.0098
     37.9169   -118.0041     15.4645      0.7522      0.8051      0.0007      0.0161      0.0161     90.1408     66.8138    -87.6069      0.0045     -0.0039      0.0094
     37.9141   -118.0042     16.2055      0.7521      0.8051      0.0005      0.0137      0.0137     90.0193     67.1410    -87.8090      0.0038      0.0231      0.0090
     37.9113   -118.0042     16.9482      0.7520      0.8051      0.0003      0.0097      0.0097     89.8923     67.4691    -88.0056      0.0027      0.0332      0.0087
