     lat_deg     lon_deg    depth_km   length_km    width_km  slp_strk_m  slp_ddip_m    slp_am_m  strike_deg     dip_deg    rake_deg sig_stk_MPa sig_ddi_MPa sig_nrm_MPa
     37.9848   -117.9932      0.3492      0.8400      0.8049     -0.0069      0.1003      0.1006     88.4556     60.1827    -93.9481     -0.0677      0.1092     -0.1681
     37.9812   -117.9933      1.0486      0.8401      0.8049     -0.0052      0.0982      0.0983     88.4755     60.4901    -93.0602     -0.0526     -0.0601     -0.1742
     37.9777   -117.9933      1.7501      0.8403      0.8049     -0.0004      0.1038      0.1038     88.4998     60.7983    -90.2440      0.0172     -0.0030     -0.1424
     37.9742   -117.9934      2.4537      0.8404      0.8049      0.0044      0.1151      0.1152     88.5284     61.1073    -87.8351      0.0747      0.1807     -0.1037
     37.9707   -117.9935      3.1595      0.8406      0.8049      0.0078      0.1275      0.1277     88.5616     61.4171    -86.4766      0.1131      0.4138     -0.0709
     37.9672   -117.9936      3.8673      0.8407      0.8050      0.0093      0.1340      0.1343     88.5992     61.7277    -86.0133      0.1170      0.5176     -0.0457
     37.9638   -117.9937      4.5773      0.8408      0.8050      0.0097      0.1340      0.1344     88.6413     62.0392    -85.8764      0.1200      0.5580     -0.0270
     37.9604   -117.9938      5.2893      0.8409      0.8050      0.0089      0.1264      0.1267     88.6881     62.3514    -85.9784      0.1027      0.4600     -0.0135
     37.9571   -117.9939      6.0033      0.8411      0.8050      0.0081      0.1153      0.1156     88.7395     62.6645    -85.9901      0.0975      0.3745     -0.0039
     37.9538   -117.9940      6.7194      0.8412      0.8050      0.0070      0.1014      0.1017     88.7956     62.9784    -86.0579      0.0783      0.2392      0.0027
     37.9505   -117.9941      7.4375      0.8413      0.8050      0.0063      0.0884      0.0886     88.8565     63.2931    -85.9485      0.0739      0.1716      0.0071
     37.9473   -117.9942      8.1575      0.8414      0.8050      0.0054      0.0757      0.0759     88.9221     63.6086    -85.9495      0.0571      0.0869      0.0099
     37.9441   -117.9943      8.8796      0.8415      0.8050      0.0048      0.0651      0.0652     88.9926     63.9249    -85.8213      0.0527      0.0587      0.0115
     37.9409   -117.9944      9.6036      0.8416      0.8050      0.0040      0.0553      0.0554     89.0680     64.2421    -85.8686      0.0386      0.0144      0.0123
     37.9378   -117.9944     10.3296      0.8417      0.8050      0.0035      0.0473      0.0474     89.1484     64.5601    -85.7933      0.0348      0.0044      0.0125
     37.9347   -117.9945     11.0575      0.8418      0.8050      0.0029      0.0402      0.0403     89.2337     64.8790    -85.8858      0.0249     -0.0171      0.0124
     37.9316   -117.9946     11.7874      0.8419      0.8051      0.0025      0.0344      0.0345     89.3241     65.1987    -85.8420      0.0224     -0.0194      0.0121
     37.9286   -117.9947     12.5191      0.8420      0.8051      0.0021      0.0294      0.0295     89.4196     65.5192    -85.9446      0.0160     -0.0261      0.0116
     37.9256   -117.9948     13.2527      0.8421      0.8051      0.0018      0.0252      0.0253     89.5202     65.8406    -85.9260      0.0143     -0.0245      0.0110
     37.9227   -117.9948     13.9882      0.8422      0.8051      0.0015      0.0216      0.0217     89.6259     66.1628    -86.0405      0.0103     -0.0221      0.0104
     37.9198   -117.9949     14.7255      0.8423      0.8051      0.0013      0.0186      0.0186     89.7369     66.4859    -86.0724      0.0087     -0.0177      0.0099
     37.9169   -117.9950     15.4646      0.8423      0.8051      0.0011      0.0158      0.0159     89.8532     66.8099    -86.1961      0.0057     -0.0100      0.0093
     37.9141   -117.9951     16.2055      0.8424      0.8051      0.0009      0.0132      0.0133     89.9747     67.1347    -86.1299      0.0039     -0.0015      0.0088
     37.9113   -117.9952     16.9482      0.8425      0.8051      0.0008      0.0112      0.0113     90.1016     67.4604    -85.7285      0.0120      0.1007      0.0084
     37.9850   -117.9836      0.3494      0.8400      0.8053     -0.0095      0.1083      0.1087     88.4557     60.1796    -95.0000     -0.0863      0.2123     -0.2315
     37.9814   -117.9837      1.0491      0.8401      0.8053     -0.0077      0.1055      0.1058     88.4757     60.4816    -94.1727     -0.0806      0.0856     -0.1846
     37.9779   -117.9838      1.7509      0.8403      0.8054     -0.0031      0.1077      0.1078     88.5001     60.7844    -91.6621     -0.0337      0.0566     -0.1444
     37.9744   -117.9839      2.4549      0.8404      0.8054      0.0026      0.1171      0.1171     88.5289     61.0880    -88.7229      0.0329      0.2254     -0.1048
     37.9709   -117.9840      3.1609      0.8406      0.8054      0.0073      0.1272      0.1275     88.5622     61.3924    -86.6983      0.0787      0.4024     -0.0726
     37.9674   -117.9840      3.8689      0.8407      0.8054      0.0103      0.1339      0.1343     88.6000     61.6975    -85.6181      0.1060      0.5469     -0.0481
     37.9640   -117.9841      4.5790      0.8408      0.8054      0.0110      0.1329      0.1333     88.6424     62.0034    -85.2599      0.1016      0.5418     -0.0299
     37.9606   -117.9842      5.2912      0.8409      0.8054      0.0106      0.1260      0.1265     88.6894     62.3101    -85.1750      0.0941      0.4930     -0.0167
     37.9573   -117.9843      6.0053      0.8411      0.8054      0.0096      0.1139      0.1143     88.7410     62.6176    -85.2088      0.0751      0.3582     -0.0074
     37.9539   -117.9844      6.7215      0.8412      0.8054      0.0085      0.1008      0.1012     88.7974     62.9259    -85.1698      0.0666      0.2656     -0.0008
     37.9507   -117.9845      7.4396      0.8413      0.8055      0.0074      0.0870      0.0873     88.8585     63.2350    -85.1694      0.0512      0.1548      0.0036
     37.9474   -117.9846      8.1597      0.8414      0.8055      0.0064      0.0750      0.0753     88.9244     63.5448    -85.0969      0.0454      0.1056      0.0065
     37.9442   -117.9847      8.8817      0.8415      0.8055      0.0055      0.0639      0.0642     88.9952     63.8555    -85.1063      0.0337      0.0465      0.0083
     37.9410   -117.9848      9.6057      0.8416      0.8055      0.0047      0.0548      0.0550     89.0710     64.1669    -85.0576      0.0296      0.0280      0.0094
     37.9379   -117.9848     10.3316      0.8417      0.8055      0.0040      0.0466      0.0468     89.1516     64.4792    -85.0988      0.0214     -0.0014      0.0099
     37.9348   -117.9849     11.0594      0.8418      0.8055      0.0034      0.0399      0.0400     89.2373     64.7922    -85.0718      0.0190     -0.0076      0.0101
     37.9317   -117.9850     11.7891      0.8419      0.8055      0.0029      0.0340      0.0341     89.3280     65.1061    -85.1239      0.0139     -0.0199      0.0100
     37.9287   -117.9851     12.5207      0.8420      0.8055      0.0025      0.0292      0.0293     89.4238     65.4208    -85.1086      0.0124     -0.0204      0.0098
     37.9257   -117.9852     13.2541      0.8421      0.8055      0.0021      0.0250      0.0251     89.5247     65.7363    -85.1674      0.0094     -0.0224      0.0095
     37.9227   -117.9852     13.9894      0.8422      0.8055      0.0018      0.0214      0.0215     89.6309     66.0527    -85.1764      0.0081     -0.0207      0.0091
     37.9198   -117.9853     14.7264      0.8423      0.8055      0.0015      0.0183      0.0184     89.7422     66.3699    -85.2483      0.0058     -0.0183      0.0087
     37.9169   -117.9854     15.4653      0.8423      0.8055      0.0013      0.0155      0.0156     89.8589     66.6879    -85.2491      0.0043     -0.0166      0.0083
     37.9141   -117.9855     16.2060      0.8424      0.8055      0.0011      0.0132      0.0133     89.9808     67.0068    -85.2028      0.0038     -0.0013      0.0080
     37.9113   -117.9856     16.9484      0.8425      0.8055      0.0010      0.0118      0.0119     90.1081     67.3265    -85.0397      0.0122      0.1206      0.0078
     37.9852   -117.9740      0.3496      0.8400      0.8058     -0.0096      0.1094      0.1098     88.4557     60.1766    -95.0000     -0.0306      0.2525     -0.2581
     37.9816   -117.9741      1.0496      0.8401      0.8058     -0.0088      0.1055      0.1059     88.4759     60.4732    -94.7613     -0.0921      0.1123     -0.1857
     37.9781   -117.9742      1.7518      0.8403      0.8058     -0.0048      0.1065      0.1066     88.5004     60.7706    -92.6026     -0.0640      0.0812     -0.1412
     37.9746   -117.9743      2.4560      0.8404      0.8058      0.0010      0.1137      0.1137     88.5294     61.0687    -89.4819      0.0008      0.1993     -0.1017
     37.9711   -117.9744      3.1622      0.8405      0.8058      0.0067      0.1233      0.1235     88.5629     61.3676    -86.8892      0.0659      0.3942     -0.0704
     37.9676   -117.9745      3.8705      0.8407      0.8058      0.0102      0.1289      0.1293     88.6009     61.6672    -85.4742      0.0937      0.4972     -0.0468
     37.9642   -117.9746      4.5808      0.8408      0.8059      0.0113      0.1288      0.1293     88.6434     61.9676    -85.0000      0.0901      0.5405     -0.0294
     37.9608   -117.9746      5.2931      0.8409      0.8059      0.0106      0.1216      0.1221     88.6907     62.2688    -85.0000      0.0652      0.4579     -0.0168
     37.9574   -117.9747      6.0073      0.8410      0.8059      0.0097      0.1109      0.1113     88.7425     62.5706    -85.0000      0.0524      0.3719     -0.0078
     37.9541   -117.9748      6.7235      0.8412      0.8059      0.0085      0.0975      0.0978     88.7992     62.8733    -85.0000      0.0380      0.2431     -0.0016
     37.9508   -117.9749      7.4417      0.8413      0.8059      0.0074      0.0848      0.0851     88.8606     63.1767    -85.0000      0.0291      0.1708      0.0027
     37.9476   -117.9750      8.1618      0.8414      0.8059      0.0064      0.0726      0.0729     88.9268     63.4809    -85.0000      0.0195      0.0903      0.0055
     37.9443   -117.9751      8.8839      0.8415      0.8059      0.0055      0.0624      0.0626     88.9979     63.7858    -85.0000      0.0148      0.0599      0.0072
     37.9412   -117.9752      9.6078      0.8416      0.8059      0.0046      0.0531      0.0533     89.0739     64.0915    -85.0000      0.0096      0.0198      0.0083
     37.9380   -117.9752     10.3337      0.8417      0.8059      0.0040      0.0456      0.0458     89.1549     64.3980    -85.0000      0.0076      0.0092      0.0089
     37.9349   -117.9753     11.0614      0.8418      0.8059      0.0034      0.0389      0.0390     89.2408     64.7053    -85.0000      0.0050     -0.0096      0.0091
     37.9318   -117.9754     11.7909      0.8419      0.8059      0.0029      0.0334      0.0335     89.3319     65.0133    -85.0000      0.0041     -0.0122      0.0091
     37.9288   -117.9755     12.5223      0.8420      0.8060      0.0025      0.0286      0.0287     89.4280     65.3222    -85.0000      0.0029     -0.0187      0.0090
     37.9258   -117.9756     13.2556      0.8421      0.8060      0.0022      0.0246      0.0247     89.5293     65.6318    -85.0000      0.0024     -0.0182      0.0087
     37.9228   -117.9756     13.9906      0.8422      0.8060      0.0018      0.0211      0.0212     89.6358     65.9423    -85.0000      0.0018     -0.0187      0.0084
     37.9198   -117.9757     14.7275      0.8423      0.8060      0.0016      0.0180      0.0181     89.7476     66.2535    -85.0000      0.0013     -0.0184      0.0081
     37.9169   -117.9758     15.4661      0.8423      0.8060      0.0013      0.0154      0.0155     89.8646     66.5656    -85.0000      0.0009     -0.0138      0.0078
     37.9141   -117.9759     16.2064      0.8424      0.8060      0.0012      0.0133      0.0133     89.9869     66.8785    -85.0000      0.0016      0.0040      0.0075
     37.9113   -117.9760     16.9485      0.8425      0.8060      0.0011      0.0120      0.0121     90.1146     67.1923    -85.0000      0.0092      0.1289      0.0074
     37.9854   -117.9644      0.3498      0.8400      0.8062     -0.0090      0.1026      0.1030     88.4557     60.1735    -95.0000      0.0161      0.2350     -0.2457
     37.9818   -117.9645      1.0502      0.8401      0.8062     -0.0087      0.0993      0.0997     88.4759     60.4648    -95.0000     -0.0916      0.1146     -0.1775
     37.9783   -117.9646      1.7526      0.8403      0.8063     -0.0059      0.0997      0.0999     88.5004     60.7568    -93.3600     -0.0926      0.0593     -0.1343
     37.9748   -117.9647      2.4571      0.8404      0.8063     -0.0003      0.1067      0.1067     88.5294     61.0494    -90.1490     -0.0281      0.1878     -0.0964
     37.9713   -117.9648      3.1636      0.8405      0.8063      0.0056      0.1151      0.1153     88.5629     61.3428    -87.2252      0.0405      0.3356     -0.0667
     37.9678   -117.9649      3.8721      0.8407      0.8063      0.0095      0.1211      0.1214     88.6008     61.6370    -85.5077      0.0784      0.4675     -0.0445
     37.9644   -117.9650      4.5826      0.8408      0.8063      0.0105      0.1205      0.1209     88.6434     61.9318    -85.0000      0.0660      0.4739     -0.0281
     37.9610   -117.9651      5.2950      0.8409      0.8063      0.0100      0.1148      0.1152     88.6905     62.2274    -85.0000      0.0443      0.4411     -0.0162
     37.9576   -117.9651      6.0093      0.8410      0.8063      0.0091      0.1042      0.1046     88.7424     62.5237    -85.0000      0.0284      0.3259     -0.0077
     37.9543   -117.9652      6.7257      0.8412      0.8063      0.0081      0.0925      0.0929     88.7989     62.8207    -85.0000      0.0188      0.2442     -0.0019
     37.9510   -117.9653      7.4439      0.8413      0.8064      0.0070      0.0801      0.0804     88.8602     63.1185    -85.0000      0.0092      0.1436      0.0021
     37.9477   -117.9654      8.1640      0.8414      0.8064      0.0061      0.0693      0.0695     88.9263     63.4169    -85.0000      0.0049      0.0982      0.0048
     37.9445   -117.9655      8.8860      0.8415      0.8064      0.0052      0.0592      0.0594     88.9973     63.7162    -85.0000      0.0002      0.0443      0.0065
     37.9413   -117.9656      9.6099      0.8416      0.8064      0.0045      0.0510      0.0512     89.0732     64.0162    -85.0000     -0.0010      0.0281      0.0075
     37.9381   -117.9656     10.3357      0.8417      0.8064      0.0038      0.0436      0.0437     89.1540     64.3169    -85.0000     -0.0029      0.0020      0.0081
     37.9350   -117.9657     11.0633      0.8418      0.8064      0.0033      0.0375      0.0377     89.2398     64.6184    -85.0000     -0.0029     -0.0028      0.0084
     37.9319   -117.9658     11.7927      0.8419      0.8064      0.0028      0.0322      0.0323     89.3306     64.9206    -85.0000     -0.0035     -0.0139      0.0084
     37.9288   -117.9659     12.5240      0.8420      0.8064      0.0024      0.0278      0.0279     89.4266     65.2236    -85.0000     -0.0032     -0.0141      0.0083
     37.9258   -117.9660     13.2570      0.8421      0.8064      0.0021      0.0239      0.0240     89.5276     65.5274    -85.0000     -0.0033     -0.0169      0.0081
     37.9228   -117.9660     13.9919      0.8422      0.8064      0.0018      0.0206      0.0207     89.6339     65.8320    -85.0000     -0.0030     -0.0163      0.0079
     37.9199   -117.9661     14.7285      0.8423      0.8064      0.0015      0.0177      0.0177     89.7453     66.1373    -85.0000     -0.0027     -0.0150      0.0076
     37.9170   -117.9662     15.4668      0.8423      0.8064      0.0013      0.0152      0.0152     89.8620     66.4435    -85.0000     -0.0020     -0.0103      0.0073
     37.9141   -117.9663     16.2069      0.8424      0.8064      0.0012      0.0132      0.0133     89.9840     66.7504    -85.0000     -0.0003      0.0106      0.0071
     37.9112   -117.9663     16.9487      0.8425      0.8064      0.0010      0.0118      0.0119     90.1113     67.0581    -85.0000      0.0064      0.1252      0.0070
     37.9856   -117.9548      0.3500      0.8400      0.8067     -0.0077      0.0878      0.0881     88.4557     60.1705    -95.0000      0.0584      0.1557     -0.1985
     37.9820   -117.9549      1.0507      0.8401      0.8067     -0.0076      0.0864      0.0868     88.4759     60.4564    -95.0000     -0.0773      0.0586     -0.1622
     37.9785   -117.9550      1.7535      0.8403      0.8067     -0.0061      0.0892      0.0894     88.5005     60.7429    -93.9074     -0.1118      0.0540     -0.1246
     37.9749   -117.9551      2.4583      0.8404      0.8067     -0.0014      0.0966      0.0966     88.5294     61.0302    -90.8234     -0.0605      0.1588     -0.0897
     37.9714   -117.9552      3.1650      0.8405      0.8067      0.0044      0.1054      0.1055     88.5628     61.3181    -87.6237      0.0149      0.3221     -0.0620
     37.9680   -117.9553      3.8737      0.8407      0.8067      0.0084      0.1103      0.1106     88.6008     61.6068    -85.6522      0.0563      0.3995     -0.0414
     37.9645   -117.9554      4.5843      0.8408      0.8068      0.0097      0.1105      0.1109     88.6433     61.8961    -85.0000      0.0531      0.4367     -0.0262
     37.9611   -117.9555      5.2969      0.8409      0.8068      0.0092      0.1046      0.1050     88.6904     62.1861    -85.0000      0.0272      0.3665     -0.0153
     37.9578   -117.9555      6.0114      0.8410      0.8068      0.0084      0.0959      0.0963     88.7422     62.4768    -85.0000      0.0149      0.3016     -0.0074
     37.9544   -117.9556      6.7278      0.8412      0.8068      0.0074      0.0848      0.0851     88.7986     62.7683    -85.0000      0.0030      0.1944     -0.0020
     37.9511   -117.9557      7.4460      0.8413      0.8068      0.0065      0.0743      0.0746     88.8598     63.0604    -85.0000     -0.0024      0.1393      0.0017
     37.9478   -117.9558      8.1662      0.8414      0.8068      0.0056      0.0640      0.0642     88.9258     63.3532    -85.0000     -0.0078      0.0706      0.0042
     37.9446   -117.9559      8.8882      0.8415      0.8068      0.0048      0.0554      0.0556     88.9967     63.6468    -85.0000     -0.0085      0.0483      0.0058
     37.9414   -117.9560      9.6120      0.8416      0.8068      0.0042      0.0475      0.0477     89.0724     63.9410    -85.0000     -0.0101      0.0135      0.0068
     37.9382   -117.9561     10.3377      0.8417      0.8068      0.0036      0.0411      0.0413     89.1531     64.2360    -85.0000     -0.0093      0.0070      0.0074
     37.9351   -117.9561     11.0652      0.8418      0.8068      0.0031      0.0353      0.0355     89.2387     64.5317    -85.0000     -0.0094     -0.0096      0.0077
     37.9320   -117.9562     11.7945      0.8419      0.8068      0.0027      0.0306      0.0307     89.3293     64.8282    -85.0000     -0.0084     -0.0104      0.0077
     37.9289   -117.9563     12.5256      0.8420      0.8069      0.0023      0.0264      0.0266     89.4250     65.1254    -85.0000     -0.0080     -0.0161      0.0077
     37.9259   -117.9564     13.2585      0.8421      0.8069      0.0020      0.0230      0.0230     89.5258     65.4233    -85.0000     -0.0071     -0.0145      0.0075
     37.9229   -117.9564     13.9931      0.8422      0.8069      0.0017      0.0199      0.0199     89.6318     65.7220    -85.0000     -0.0063     -0.0141      0.0073
     37.9199   -117.9565     14.7295      0.8422      0.8069      0.0015      0.0172      0.0172     89.7429     66.0215    -85.0000     -0.0051     -0.0115      0.0071
     37.9170   -117.9566     15.4676      0.8423      0.8069      0.0013      0.0148      0.0149     89.8593     66.3217    -85.0000     -0.0036     -0.0053      0.0069
     37.9141   -117.9567     16.2074      0.8424      0.8069      0.0011      0.0128      0.0128     89.9810     66.6227    -85.0000     -0.0019      0.0109      0.0067
     37.9112   -117.9567     16.9488      0.8425      0.8069      0.0010      0.0112      0.0112     90.1079     66.9245    -85.0000      0.0036      0.1140      0.0066
     37.9858   -117.9453      0.3502      0.8400      0.8071     -0.0055      0.0658      0.0661     88.4557     60.1675    -94.7610      0.1046      0.0111     -0.1205
     37.9822   -117.9453      1.0512      0.8401      0.8071     -0.0060      0.0686      0.0689     88.4759     60.4480    -95.0000     -0.0655     -0.0178     -0.1410
     37.9787   -117.9454      1.7543      0.8403      0.8072     -0.0057      0.0753      0.0755     88.5005     60.7292    -94.2977     -0.1202      0.0299     -0.1127
     37.9751   -117.9455      2.4594      0.8404      0.8072     -0.0019      0.0854      0.0854     88.5294     61.0110    -91.2449     -0.0788      0.1818     -0.0816
     37.9716   -117.9456      3.1664      0.8405      0.8072      0.0034      0.0940      0.0941     88.5628     61.2935    -87.9376     -0.0072      0.2955     -0.0566
     37.9682   -117.9457      3.8753      0.8407      0.8072      0.0073      0.0992      0.0994     88.6007     61.5767    -85.7643      0.0410      0.3836     -0.0378
     37.9647   -117.9458      4.5861      0.8408      0.8072      0.0086      0.0983      0.0986     88.6432     61.8605    -85.0000      0.0383      0.3589     -0.0240
     37.9613   -117.9459      5.2988      0.8409      0.8072      0.0082      0.0936      0.0939     88.6903     62.1450    -85.0000      0.0159      0.3263     -0.0141
     37.9579   -117.9460      6.0134      0.8410      0.8072      0.0074      0.0851      0.0854     88.7419     62.4302    -85.0000      0.0005      0.2266     -0.0070
     37.9546   -117.9460      6.7299      0.8411      0.8072      0.0067      0.0761      0.0764     88.7983     62.7160    -85.0000     -0.0071      0.1727     -0.0020
     37.9513   -117.9461      7.4482      0.8413      0.8073      0.0058      0.0665      0.0667     88.8594     63.0025    -85.0000     -0.0143      0.0939      0.0014
     37.9480   -117.9462      8.1684      0.8414      0.8073      0.0051      0.0582      0.0584     88.9253     63.2897    -85.0000     -0.0155      0.0682      0.0037
     37.9447   -117.9463      8.8904      0.8415      0.8073      0.0044      0.0503      0.0504     88.9960     63.5776    -85.0000     -0.0173      0.0245      0.0052
     37.9415   -117.9464      9.6142      0.8416      0.8073      0.0038      0.0438      0.0440     89.0716     63.8662    -85.0000     -0.0158      0.0171      0.0061
     37.9383   -117.9465     10.3398      0.8417      0.8073      0.0033      0.0378      0.0379     89.1521     64.1554    -85.0000     -0.0156     -0.0054      0.0067
     37.9352   -117.9465     11.0672      0.8418      0.8073      0.0029      0.0329      0.0330     89.2375     64.4454    -85.0000     -0.0137     -0.0063      0.0070
     37.9321   -117.9466     11.7964      0.8419      0.8073      0.0025      0.0285      0.0286     89.3280     64.7361    -85.0000     -0.0129     -0.0163      0.0071
     37.9290   -117.9467     12.5273      0.8420      0.8073      0.0022      0.0249      0.0250     89.4234     65.0275    -85.0000     -0.0113     -0.0144      0.0071
     37.9259   -117.9468     13.2600      0.8421      0.8073      0.0019      0.0217      0.0218     89.5240     65.3196    -85.0000     -0.0101     -0.0155      0.0070
     37.9229   -117.9468     13.9944      0.8422      0.8073      0.0017      0.0190      0.0190     89.6297     65.6125    -85.0000     -0.0086     -0.0112      0.0068
     37.9199   -117.9469     14.7305      0.8422      0.8073      0.0014      0.0165      0.0166     89.7405     65.9061    -85.0000     -0.0070     -0.0066      0.0066
     37.9170   -117.9470     15.4683      0.8423      0.8073      0.0012      0.0142      0.0143     89.8566     66.2004    -85.0000     -0.0053     -0.0020      0.0064
     37.9141   -117.9471     16.2078      0.8424      0.8073      0.0011      0.0121      0.0121     89.9779     66.4955    -85.0000     -0.0034      0.0095      0.0063
     37.9112   -117.9471     16.9490      0.8425      0.8073      0.0009      0.0101      0.0101     90.1045     66.7913    -85.0000      0.0001      0.0896      0.0062
     37.9860   -117.9357      0.3503      0.8400      0.8076     -0.0025      0.0387      0.0388     88.4558     60.1645    -93.7008      0.1596     -0.1975     -0.0127
     37.9824   -117.9358      1.0518      0.8401      0.8076     -0.0041      0.0464      0.0466     88.4761     60.4396    -95.0000     -0.0409     -0.1631     -0.1135
     37.9789   -117.9358      1.7552      0.8403      0.8076     -0.0045      0.0593      0.0594     88.5008     60.7154    -94.2972     -0.1031      0.0138     -0.0980
     37.9753   -117.9359      2.4605      0.8404      0.8076     -0.0015      0.0721      0.0721     88.5299     60.9918    -91.1979     -0.0739      0.1778     -0.0722
     37.9718   -117.9360      3.1678      0.8405      0.8076      0.0030      0.0823      0.0824     88.5635     61.2689    -87.8861     -0.0101      0.3181     -0.0503
     37.9683   -117.9361      3.8769      0.8407      0.8077      0.0064      0.0864      0.0866     88.6016     61.5466    -85.7399      0.0286      0.3341     -0.0337
     37.9649   -117.9362      4.5879      0.8408      0.8077      0.0075      0.0861      0.0864     88.6443     61.8249    -85.0000      0.0269      0.3324     -0.0215
     37.9615   -117.9363      5.3008      0.8409      0.8077      0.0071      0.0808      0.0811     88.6915     62.1038    -85.0000      0.0022      0.2428     -0.0127
     37.9581   -117.9364      6.0155      0.8410      0.8077      0.0065      0.0742      0.0745     88.7435     62.3835    -85.0000     -0.0083      0.1958     -0.0064
     37.9547   -117.9365      6.7320      0.8411      0.8077      0.0058      0.0659      0.0662     88.8001     62.6637    -85.0000     -0.0183      0.1090     -0.0020
     37.9514   -117.9365      7.4504      0.8413      0.8077      0.0051      0.0587      0.0589     88.8615     62.9446    -85.0000     -0.0207      0.0852      0.0011
     37.9481   -117.9366      8.1706      0.8414      0.8077      0.0045      0.0512      0.0514     88.9276     63.2262    -85.0000     -0.0236      0.0334      0.0032
     37.9449   -117.9367      8.8925      0.8415      0.8077      0.0040      0.0452      0.0453     88.9986     63.5084    -85.0000     -0.0218      0.0286      0.0046
     37.9416   -117.9368      9.6163      0.8416      0.8077      0.0034      0.0392      0.0394     89.0745     63.7912    -85.0000     -0.0216     -0.0008      0.0055
     37.9385   -117.9369     10.3419      0.8417      0.8077      0.0030      0.0345      0.0346     89.1553     64.0748    -85.0000     -0.0189      0.0001      0.0060
     37.9353   -117.9369     11.0692      0.8418      0.8077      0.0026      0.0300      0.0301     89.2410     64.3590    -85.0000     -0.0178     -0.0155      0.0063
     37.9322   -117.9370     11.7982      0.8419      0.8078      0.0023      0.0263      0.0264     89.3318     64.6439    -85.0000     -0.0155     -0.0129      0.0065
     37.9291   -117.9371     12.5290      0.8420      0.8078      0.0020      0.0230      0.0231     89.4276     64.9296    -85.0000     -0.0141     -0.0181      0.0065
     37.9260   -117.9372     13.2615      0.8421      0.8078      0.0018      0.0203      0.0204     89.5285     65.2159    -85.0000     -0.0122     -0.0136      0.0064
     37.9230   -117.9372     13.9957      0.8422      0.8078      0.0016      0.0179      0.0179     89.6346     65.5029    -85.0000     -0.0105     -0.0098      0.0063
     37.9200   -117.9373     14.7315      0.8422      0.8078      0.0014      0.0157      0.0158     89.7458     65.7906    -85.0000     -0.0086     -0.0025      0.0061
     37.9170   -117.9374     15.4691      0.8423      0.8078      0.0012      0.0136      0.0137     89.8622     66.0790    -85.0000     -0.0069      0.0047      0.0060
     37.9141   -117.9375     16.2083      0.8424      0.8078      0.0010      0.0112      0.0112     89.9838     66.3682    -85.0000     -0.0055      0.0070      0.0059
     37.9112   -117.9375     16.9492      0.8425      0.8078      0.0008      0.0086      0.0087     90.1108     66.6581    -85.0000     -0.0037      0.0540      0.0058
     37.9862   -117.9266      0.3505      0.7560      0.8080      0.0001      0.0138      0.0138     88.4561     60.1616    -89.4447      0.2045     -0.3985      0.0961
     37.9826   -117.9267      1.0523      0.7561      0.8080     -0.0022      0.0256      0.0257     88.4765     60.4317    -95.0000     -0.0025     -0.2950     -0.0816
     37.9791   -117.9267      1.7560      0.7562      0.8081     -0.0029      0.0421      0.0422     88.5012     60.7023    -93.9622     -0.0664     -0.0599     -0.0812
     37.9755   -117.9268      2.4616      0.7564      0.8081     -0.0006      0.0580      0.0580     88.5304     60.9736    -90.5638     -0.0468      0.1675     -0.0618
     37.9720   -117.9269      3.1691      0.7565      0.8081      0.0030      0.0683      0.0684     88.5641     61.2454    -87.4458     -0.0028      0.2646     -0.0437
     37.9685   -117.9270      3.8784      0.7566      0.8081      0.0057      0.0735      0.0737     88.6023     61.5179    -85.5313      0.0242      0.3118     -0.0295
     37.9651   -117.9271      4.5896      0.7567      0.8081      0.0063      0.0725      0.0727     88.6450     61.7910    -85.0000      0.0100      0.2476     -0.0190
     37.9616   -117.9272      5.3026      0.7568      0.8081      0.0060      0.0688      0.0691     88.6924     62.0647    -85.0000     -0.0069      0.2075     -0.0113
     37.9583   -117.9273      6.0174      0.7569      0.8081      0.0055      0.0625      0.0627     88.7444     62.3390    -85.0000     -0.0200      0.1163     -0.0058
     37.9549   -117.9273      6.7340      0.7570      0.8081      0.0050      0.0566      0.0569     88.8011     62.6140    -85.0000     -0.0241      0.0908     -0.0019
     37.9516   -117.9274      7.4525      0.7571      0.8081      0.0044      0.0501      0.0503     88.8626     62.8895    -85.0000     -0.0287      0.0347      0.0008
     37.9483   -117.9275      8.1727      0.7572      0.8081      0.0039      0.0449      0.0451     88.9289     63.1657    -85.0000     -0.0270      0.0332      0.0027
     37.9450   -117.9276      8.8946      0.7573      0.8082      0.0035      0.0395      0.0396     88.9999     63.4425    -85.0000     -0.0272      0.0012      0.0040
     37.9418   -117.9277      9.6184      0.7574      0.8082      0.0031      0.0351      0.0353     89.0759     63.7200    -85.0000     -0.0239      0.0048      0.0049
     37.9386   -117.9277     10.3438      0.7575      0.8082      0.0027      0.0308      0.0309     89.1568     63.9981    -85.0000     -0.0227     -0.0144      0.0054
     37.9354   -117.9278     11.0710      0.7576      0.8082      0.0024      0.0273      0.0274     89.2426     64.2769    -85.0000     -0.0197     -0.0107      0.0057
     37.9322   -117.9279     11.8000      0.7577      0.8082      0.0021      0.0239      0.0240     89.3334     64.5563    -85.0000     -0.0181     -0.0197      0.0059
     37.9291   -117.9280     12.5306      0.7578      0.8082      0.0019      0.0212      0.0213     89.4293     64.8364    -85.0000     -0.0156     -0.0156      0.0059
     37.9261   -117.9280     13.2629      0.7578      0.8082      0.0016      0.0187      0.0188     89.5303     65.1172    -85.0000     -0.0138     -0.0156      0.0059
     37.9230   -117.9281     13.9969      0.7579      0.8082      0.0015      0.0167      0.0167     89.6363     65.3987    -85.0000     -0.0118     -0.0092      0.0058
     37.9200   -117.9282     14.7325      0.7580      0.8082      0.0013      0.0148      0.0148     89.7476     65.6808    -85.0000     -0.0099     -0.0019      0.0057
     37.9170   -117.9283     15.4698      0.7581      0.8082      0.0011      0.0129      0.0129     89.8641     65.9637    -85.0000     -0.0085      0.0072      0.0056
     37.9141   -117.9283     16.2088      0.7582      0.8082      0.0009      0.0107      0.0108     89.9857     66.2472    -85.0000     -0.0076      0.0189      0.0055
     37.9112   -117.9284     16.9493      0.7583      0.8082      0.0006      0.0072      0.0072     90.1127     66.5315    -85.0000     -0.0087      0.0096      0.0055
     37.9864   -117.9175      0.3507      0.8400      0.8085      0.0000      0.0000      0.0000     88.4558     60.1587      0.0000      0.1630     -0.4114      0.1571
     37.9828   -117.9176      1.0528      0.8401      0.8085     -0.0009      0.0100      0.0100     88.4761     60.4237    -95.0000      0.0448     -0.3783     -0.0483
     37.9792   -117.9176      1.7569      0.8403      0.8085     -0.0014      0.0269      0.0269     88.5007     60.6893    -93.0131     -0.0167     -0.1216     -0.0619
     37.9757   -117.9177      2.4627      0.8404      0.8085      0.0003      0.0426      0.0426     88.5298     60.9554    -89.5758     -0.0147      0.0825     -0.0500
     37.9722   -117.9178      3.1704      0.8405      0.8085      0.0031      0.0541      0.0542     88.5633     61.2221    -86.7562      0.0103      0.2207     -0.0362
     37.9687   -117.9179      3.8800      0.8407      0.8085      0.0049      0.0589      0.0591     88.6014     61.4894    -85.2301      0.0175      0.2249     -0.0248
     37.9652   -117.9180      4.5913      0.8408      0.8085      0.0052      0.0596      0.0598     88.6439     61.7572    -85.0000     -0.0005      0.2122     -0.0161
     37.9618   -117.9181      5.3045      0.8409      0.8085      0.0049      0.0562      0.0564     88.6911     62.0257    -85.0000     -0.0173      0.1291     -0.0096
     37.9584   -117.9181      6.0194      0.8410      0.8086      0.0046      0.0522      0.0524     88.7428     62.2948    -85.0000     -0.0240      0.0975     -0.0049
     37.9550   -117.9182      6.7361      0.8411      0.8086      0.0041      0.0470      0.0471     88.7993     62.5644    -85.0000     -0.0301      0.0366     -0.0016
     37.9517   -117.9183      7.4546      0.8412      0.8086      0.0037      0.0428      0.0430     88.8604     62.8347    -85.0000     -0.0296      0.0341      0.0008
     37.9484   -117.9184      8.1748      0.8414      0.8086      0.0033      0.0382      0.0384     88.9263     63.1055    -85.0000     -0.0303      0.0025      0.0025
     37.9451   -117.9185      8.8967      0.8415      0.8086      0.0030      0.0346      0.0348     88.9970     63.3770    -85.0000     -0.0272      0.0092      0.0037
     37.9419   -117.9185      9.6204      0.8416      0.8086      0.0027      0.0307      0.0308     89.0725     63.6491    -85.0000     -0.0260     -0.0108      0.0044
     37.9387   -117.9186     10.3458      0.8417      0.8086      0.0024      0.0276      0.0277     89.1529     63.9218    -85.0000     -0.0228     -0.0058      0.0050
     37.9355   -117.9187     11.0729      0.8418      0.8086      0.0021      0.0244      0.0245     89.2383     64.1951    -85.0000     -0.0212     -0.0175      0.0053
     37.9323   -117.9188     11.8017      0.8419      0.8086      0.0019      0.0218      0.0219     89.3286     64.4691    -85.0000     -0.0184     -0.0134      0.0054
     37.9292   -117.9189     12.5322      0.8420      0.8086      0.0017      0.0194      0.0194     89.4239     64.7437    -85.0000     -0.0166     -0.0170      0.0055
     37.9261   -117.9189     13.2643      0.8421      0.8086      0.0015      0.0173      0.0174     89.5242     65.0190    -85.0000     -0.0143     -0.0120      0.0054
     37.9231   -117.9190     13.9981      0.8421      0.8086      0.0014      0.0155      0.0155     89.6296     65.2949    -85.0000     -0.0125     -0.0085      0.0054
     37.9200   -117.9191     14.7335      0.8422      0.8086      0.0012      0.0137      0.0138     89.7402     65.5716    -85.0000     -0.0110     -0.0030      0.0053
     37.9171   -117.9191     15.4706      0.8423      0.8086      0.0010      0.0119      0.0120     89.8559     65.8488    -85.0000     -0.0103      0.0010      0.0052
     37.9141   -117.9192     16.2092      0.8424      0.8086      0.0009      0.0099      0.0099     89.9768     66.1268    -85.0000     -0.0105      0.0023      0.0052
     37.9112   -117.9193     16.9495      0.8425      0.8086      0.0007      0.0082      0.0082     90.1030     66.4055    -85.0000     -0.0038      0.0680      0.0051
     37.9866   -117.9079      0.3509      0.8400      0.8089      0.0000      0.0000      0.0000     88.4558     60.1557      0.0000      0.1328     -0.2223      0.1392
     37.9830   -117.9080      1.0534      0.8401      0.8089     -0.0003      0.0036      0.0036     88.4763     60.4154    -95.0000      0.0617     -0.3121     -0.0183
     37.9794   -117.9081      1.7577      0.8402      0.8089     -0.0005      0.0151      0.0151     88.5011     60.6755    -92.0470      0.0155     -0.1763     -0.0411
     37.9759   -117.9081      2.4639      0.8404      0.8090      0.0007      0.0285      0.0285     88.5303     60.9363    -88.5486      0.0086      0.0102     -0.0369
     37.9724   -117.9082      3.1719      0.8405      0.8090      0.0026      0.0386      0.0387     88.5640     61.1975    -86.1133      0.0144      0.1116     -0.0281
     37.9689   -117.9083      3.8816      0.8406      0.8090      0.0039      0.0447      0.0448     88.6022     61.4594    -85.0000      0.0115      0.1643     -0.0198
     37.9654   -117.9084      4.5931      0.8408      0.8090      0.0040      0.0459      0.0460     88.6450     61.7218    -85.0000     -0.0108      0.1306     -0.0131
     37.9620   -117.9085      5.3064      0.8409      0.8090      0.0039      0.0448      0.0450     88.6923     61.9847    -85.0000     -0.0206      0.1074     -0.0079
     37.9586   -117.9086      6.0215      0.8410      0.8090      0.0037      0.0417      0.0419     88.7443     62.2482    -85.0000     -0.0284      0.0506     -0.0041
     37.9552   -117.9086      6.7382      0.8411      0.8090      0.0034      0.0389      0.0390     88.8010     62.5123    -85.0000     -0.0297      0.0398     -0.0013
     37.9519   -117.9087      7.4568      0.8412      0.8090      0.0031      0.0354      0.0356     88.8624     62.7770    -85.0000     -0.0311      0.0089      0.0007
     37.9485   -117.9088      8.1770      0.8413      0.8090      0.0029      0.0327      0.0328     88.9286     63.0422    -85.0000     -0.0287      0.0140      0.0022
     37.9453   -117.9089      8.8989      0.8415      0.8090      0.0026      0.0296      0.0297     88.9995     63.3081    -85.0000     -0.0278     -0.0036      0.0032
     37.9420   -117.9090      9.6226      0.8416      0.8091      0.0024      0.0270      0.0271     89.0754     63.5745    -85.0000     -0.0248      0.0013      0.0040
     37.9388   -117.9090     10.3479      0.8417      0.8091      0.0021      0.0242      0.0243     89.1561     63.8415    -85.0000     -0.0233     -0.0106      0.0044
     37.9356   -117.9091     11.0749      0.8418      0.8091      0.0019      0.0219      0.0220     89.2417     64.1091    -85.0000     -0.0206     -0.0076      0.0047
     37.9324   -117.9092     11.8036      0.8419      0.8091      0.0017      0.0196      0.0197     89.3324     64.3774    -85.0000     -0.0188     -0.0133      0.0049
     37.9293   -117.9093     12.5339      0.8420      0.8091      0.0015      0.0177      0.0177     89.4280     64.6463    -85.0000     -0.0164     -0.0101      0.0050
     37.9262   -117.9093     13.2658      0.8420      0.8091      0.0014      0.0159      0.0159     89.5287     64.9157    -85.0000     -0.0147     -0.0099      0.0050
     37.9231   -117.9094     13.9994      0.8421      0.8091      0.0012      0.0142      0.0143     89.6344     65.1859    -85.0000     -0.0130     -0.0062      0.0049
     37.9201   -117.9095     14.7346      0.8422      0.8091      0.0011      0.0127      0.0127     89.7453     65.4567    -85.0000     -0.0118     -0.0036      0.0049
     37.9171   -117.9095     15.4714      0.8423      0.8091      0.0010      0.0110      0.0111     89.8614     65.7281    -85.0000     -0.0112     -0.0022      0.0048
     37.9141   -117.9096     16.2097      0.8424      0.8091      0.0008      0.0095      0.0095     89.9827     66.0002    -85.0000     -0.0099      0.0058      0.0048
     37.9112   -117.9097     16.9496      0.8425      0.8091      0.0007      0.0084      0.0084     90.1092     66.2730    -85.0000     -0.0029      0.0845      0.0048
     37.9868   -117.8983      0.3511      0.8400      0.8094      0.0000      0.0000      0.0000     88.4559     60.1527      0.0000      0.1036     -0.1371      0.1207
     37.9832   -117.8984      1.0539      0.8401      0.8094     -0.0001      0.0008      0.0009     88.4764     60.4070    -95.0000      0.0596     -0.2341      0.0042
     37.9796   -117.8985      1.7586      0.8402      0.8094     -0.0003      0.0075      0.0075     88.5014     60.6618    -91.9819      0.0247     -0.1773     -0.0224
     37.9761   -117.8986      2.4651      0.8404      0.8094      0.0005      0.0165      0.0165     88.5308     60.9171    -88.1032      0.0140     -0.0758     -0.0244
     37.9726   -117.8986      3.1733      0.8405      0.8094      0.0018      0.0251      0.0251     88.5647     61.1729    -85.8019      0.0117      0.0246     -0.0201
     37.9691   -117.8987      3.8832      0.8406      0.8094      0.0027      0.0305      0.0307     88.6031     61.4293    -85.0000      0.0001      0.0587     -0.0148
     37.9656   -117.8988      4.5950      0.8408      0.8095      0.0029      0.0335      0.0336     88.6460     61.6862    -85.0000     -0.0140      0.0777     -0.0100
     37.9622   -117.8989      5.3084      0.8409      0.8095      0.0029      0.0336      0.0337     88.6936     61.9436    -85.0000     -0.0240      0.0487     -0.0062
     37.9587   -117.8990      6.0236      0.8410      0.8095      0.0029      0.0328      0.0330     88.7458     62.2016    -85.0000     -0.0275      0.0420     -0.0032
     37.9554   -117.8990      6.7404      0.8411      0.8095      0.0027      0.0310      0.0311     88.8028     62.4601    -85.0000     -0.0301      0.0136     -0.0009
     37.9520   -117.8991      7.4590      0.8412      0.8095      0.0026      0.0293      0.0294     88.8644     62.7191    -85.0000     -0.0287      0.0161      0.0008
     37.9487   -117.8992      8.1792      0.8413      0.8095      0.0024      0.0271      0.0273     88.9309     62.9787    -85.0000     -0.0282      0.0001      0.0020
     37.9454   -117.8993      8.9012      0.8414      0.8095      0.0022      0.0253      0.0254     89.0021     63.2389    -85.0000     -0.0257      0.0054      0.0029
     37.9421   -117.8994      9.6248      0.8416      0.8095      0.0020      0.0232      0.0232     89.0782     63.4997    -85.0000     -0.0244     -0.0056      0.0035
     37.9389   -117.8994     10.3500      0.8417      0.8095      0.0019      0.0213      0.0214     89.1593     63.7610    -85.0000     -0.0219     -0.0024      0.0040
     37.9357   -117.8995     11.0769      0.8418      0.8095      0.0017      0.0193      0.0194     89.2452     64.0229    -85.0000     -0.0203     -0.0092      0.0042
     37.9325   -117.8996     11.8055      0.8419      0.8095      0.0015      0.0176      0.0177     89.3362     64.2854    -85.0000     -0.0181     -0.0068      0.0044
     37.9294   -117.8997     12.5356      0.8419      0.8095      0.0014      0.0159      0.0160     89.4321     64.5485    -85.0000     -0.0164     -0.0089      0.0045
     37.9262   -117.8997     13.2674      0.8420      0.8095      0.0013      0.0144      0.0145     89.5332     64.8122    -85.0000     -0.0146     -0.0064      0.0045
     37.9232   -117.8998     14.0007      0.8421      0.8096      0.0011      0.0130      0.0131     89.6393     65.0765    -85.0000     -0.0133     -0.0053      0.0045
     37.9201   -117.8999     14.7356      0.8422      0.8096      0.0010      0.0117      0.0117     89.7505     65.3415    -85.0000     -0.0121     -0.0032      0.0045
     37.9171   -117.8999     15.4721      0.8423      0.8096      0.0009      0.0103      0.0104     89.8670     65.6071    -85.0000     -0.0109      0.0005      0.0044
     37.9141   -117.9000     16.2102      0.8424      0.8096      0.0008      0.0091      0.0092     89.9886     65.8733    -85.0000     -0.0090      0.0117      0.0044
     37.9111   -117.9001     16.9498      0.8425      0.8096      0.0007      0.0082      0.0083     90.1155     66.1402    -85.0000     -0.0029      0.0897      0.0044
     37.9870   -117.8887      0.3513      0.8400      0.8098      0.0000      0.0000      0.0000     88.4558     60.1497      0.0000      0.0819     -0.0897      0.1015
     37.9834   -117.8888      1.0545      0.8401      0.8099     -0.0000      0.0000      0.0000     88.4763     60.3986    -95.0000      0.0523     -0.1522      0.0188
     37.9798   -117.8889      1.7595      0.8402      0.8099     -0.0002      0.0028      0.0028     88.5011     60.6480    -94.5620      0.0235     -0.1607     -0.0075
     37.9763   -117.8890      2.4662      0.8404      0.8099      0.0002      0.0082      0.0082     88.5303     60.8980    -88.7614      0.0115     -0.1109     -0.0135
     37.9727   -117.8891      3.1747      0.8405      0.8099      0.0010      0.0139      0.0139     88.5639     61.1484    -85.9695      0.0053     -0.0618     -0.0128
     37.9692   -117.8891      3.8849      0.8406      0.8099      0.0017      0.0190      0.0191     88.6020     61.3993    -85.0013     -0.0026     -0.0105     -0.0101
     37.9658   -117.8892      4.5968      0.8408      0.8099      0.0019      0.0222      0.0223     88.6447     61.6507    -85.0000     -0.0157      0.0033     -0.0071
     37.9623   -117.8893      5.3104      0.8409      0.8099      0.0021      0.0241      0.0242     88.6919     61.9026    -85.0000     -0.0219      0.0204     -0.0044
     37.9589   -117.8894      6.0256      0.8410      0.8099      0.0021      0.0245      0.0245     88.7438     62.1551    -85.0000     -0.0264      0.0086     -0.0022
     37.9555   -117.8895      6.7426      0.8411      0.8099      0.0021      0.0243      0.0244     88.8002     62.4080    -85.0000     -0.0266      0.0142     -0.0005
     37.9522   -117.8895      7.4612      0.8412      0.8100      0.0020      0.0234      0.0235     88.8614     62.6615    -85.0000     -0.0270      0.0011      0.0009
     37.9488   -117.8896      8.1815      0.8413      0.8100      0.0020      0.0225      0.0225     88.9273     62.9156    -85.0000     -0.0252      0.0062      0.0019
     37.9455   -117.8897      8.9034      0.8414      0.8100      0.0018      0.0210      0.0211     88.9980     63.1701    -85.0000     -0.0244     -0.0036      0.0027
     37.9422   -117.8898      9.6270      0.8416      0.8100      0.0017      0.0198      0.0198     89.0735     63.4252    -85.0000     -0.0223     -0.0000      0.0032
     37.9390   -117.8898     10.3521      0.8417      0.8100      0.0016      0.0183      0.0183     89.1539     63.6809    -85.0000     -0.0211     -0.0066      0.0036
     37.9358   -117.8899     11.0789      0.8418      0.8100      0.0015      0.0169      0.0170     89.2391     63.9371    -85.0000     -0.0191     -0.0043      0.0038
     37.9326   -117.8900     11.8073      0.8419      0.8100      0.0014      0.0155      0.0156     89.3293     64.1939    -85.0000     -0.0176     -0.0075      0.0040
     37.9294   -117.8901     12.5373      0.8419      0.8100      0.0012      0.0142      0.0143     89.4244     64.4513    -85.0000     -0.0158     -0.0055      0.0041
     37.9263   -117.8901     13.2689      0.8420      0.8100      0.0011      0.0130      0.0130     89.5245     64.7092    -85.0000     -0.0145     -0.0057      0.0041
     37.9232   -117.8902     14.0020      0.8421      0.8100      0.0010      0.0118      0.0119     89.6297     64.9677    -85.0000     -0.0131     -0.0037      0.0041
     37.9201   -117.8903     14.7367      0.8422      0.8100      0.0009      0.0107      0.0108     89.7400     65.2269    -85.0000     -0.0117     -0.0012      0.0041
     37.9171   -117.8903     15.4729      0.8423      0.8100      0.0008      0.0097      0.0097     89.8554     65.4866    -85.0000     -0.0103      0.0034      0.0041
     37.9141   -117.8904     16.2107      0.8424      0.8100      0.0008      0.0087      0.0087     89.9759     65.7470    -85.0000     -0.0083      0.0166      0.0040
     37.9111   -117.8905     16.9500      0.8425      0.8100      0.0007      0.0077      0.0078     90.1016     66.0080    -85.0000     -0.0035      0.0855      0.0041
     37.9872   -117.8791      0.3515      0.8400      0.8103      0.0000      0.0000      0.0000     88.4559     60.1468      0.0000      0.0651     -0.0631      0.0829
     37.9836   -117.8792      1.0550      0.8401      0.8103      0.0000      0.0000      0.0000     88.4764     60.3903      0.0000      0.0432     -0.0873      0.0263
     37.9800   -117.8793      1.7604      0.8402      0.8103     -0.0001      0.0007      0.0007     88.5014     60.6344    -95.0000      0.0267     -0.1208      0.0030
     37.9765   -117.8794      2.4674      0.8404      0.8103     -0.0000      0.0029      0.0029     88.5307     60.8789    -90.8841      0.0099     -0.1239     -0.0049
     37.9729   -117.8795      3.1761      0.8405      0.8104      0.0003      0.0065      0.0065     88.5645     61.1239    -87.0119      0.0011     -0.0963     -0.0066
     37.9694   -117.8795      3.8865      0.8406      0.8104      0.0008      0.0101      0.0102     88.6029     61.3694    -85.2812     -0.0054     -0.0712     -0.0059
     37.9659   -117.8796      4.5986      0.8408      0.8104      0.0012      0.0136      0.0137     88.6457     61.6153    -85.0000     -0.0127     -0.0349     -0.0044
     37.9625   -117.8797      5.3124      0.8409      0.8104      0.0014      0.0160      0.0160     88.6932     61.8618    -85.0000     -0.0193     -0.0214     -0.0028
     37.9591   -117.8798      6.0277      0.8410      0.8104      0.0015      0.0177      0.0178     88.7453     62.1087    -85.0000     -0.0218     -0.0015     -0.0013
     37.9557   -117.8799      6.7448      0.8411      0.8104      0.0016      0.0183      0.0183     88.8020     62.3561    -85.0000     -0.0236     -0.0043      0.0000
     37.9523   -117.8799      7.4635      0.8412      0.8104      0.0016      0.0185      0.0185     88.8634     62.6041    -85.0000     -0.0231      0.0036      0.0011
     37.9490   -117.8800      8.1838      0.8413      0.8104      0.0016      0.0180      0.0180     88.9296     62.8525    -85.0000     -0.0230     -0.0041      0.0019
     37.9456   -117.8801      8.9057      0.8414      0.8104      0.0015      0.0174      0.0174     89.0006     63.1015    -85.0000     -0.0216     -0.0002      0.0025
     37.9424   -117.8802      9.6292      0.8415      0.8104      0.0014      0.0164      0.0165     89.0764     63.3509    -85.0000     -0.0209     -0.0063      0.0029
     37.9391   -117.8802     10.3543      0.8416      0.8104      0.0014      0.0156      0.0156     89.1570     63.6009    -85.0000     -0.0193     -0.0036      0.0033
     37.9359   -117.8803     11.0810      0.8417      0.8105      0.0013      0.0145      0.0146     89.2426     63.8515    -85.0000     -0.0181     -0.0071      0.0035
     37.9327   -117.8804     11.8092      0.8418      0.8105      0.0012      0.0135      0.0136     89.3330     64.1026    -85.0000     -0.0166     -0.0052      0.0036
     37.9295   -117.8805     12.5390      0.8419      0.8105      0.0011      0.0125      0.0126     89.4285     64.3542    -85.0000     -0.0153     -0.0062      0.0037
     37.9264   -117.8805     13.2704      0.8420      0.8105      0.0010      0.0116      0.0116     89.5290     64.6064    -85.0000     -0.0139     -0.0043      0.0037
     37.9233   -117.8806     14.0033      0.8421      0.8105      0.0009      0.0107      0.0107     89.6345     64.8592    -85.0000     -0.0126     -0.0024      0.0037
     37.9202   -117.8807     14.7378      0.8422      0.8105      0.0009      0.0098      0.0098     89.7451     65.1125    -85.0000     -0.0112      0.0009      0.0037
     37.9171   -117.8807     15.4737      0.8423      0.8105      0.0008      0.0089      0.0089     89.8608     65.3665    -85.0000     -0.0096      0.0064      0.0037
     37.9141   -117.8808     16.2112      0.8424      0.8105      0.0007      0.0080      0.0080     89.9817     65.6210    -85.0000     -0.0079      0.0168      0.0037
     37.9111   -117.8809     16.9501      0.8425      0.8105      0.0006      0.0070      0.0071     90.1078     65.8762    -85.0000     -0.0045      0.0761      0.0038
     37.9874   -117.8696      0.3517      0.8399      0.8108      0.0000      0.0000      0.0000     88.4559     60.1438      0.0000      0.0517     -0.0463      0.0670
     37.9838   -117.8696      1.0556      0.8401      0.8108      0.0000      0.0000      0.0000     88.4766     60.3820      0.0000      0.0357     -0.0533      0.0289
     37.9802   -117.8697      1.7612      0.8402      0.8108      0.0000      0.0000      0.0000     88.5017     60.6207      0.0000      0.0239     -0.0804      0.0096
     37.9767   -117.8698      2.4686      0.8404      0.8108     -0.0001      0.0006      0.0006     88.5312     60.8598    -95.0000      0.0117     -0.1015      0.0012
     37.9731   -117.8699      3.1776      0.8405      0.8108      0.0000      0.0021      0.0021     88.5652     61.0993    -89.7917      0.0003     -0.1072     -0.0019
     37.9696   -117.8700      3.8882      0.8406      0.8108      0.0003      0.0046      0.0046     88.6037     61.3394    -86.3067     -0.0054     -0.0878     -0.0025
     37.9661   -117.8700      4.6005      0.8408      0.8108      0.0006      0.0073      0.0074     88.6468     61.5798    -85.0644     -0.0096     -0.0677     -0.0021
     37.9627   -117.8701      5.3143      0.8409      0.8109      0.0009      0.0101      0.0101     88.6944     61.8208    -85.0000     -0.0142     -0.0362     -0.0013
     37.9592   -117.8702      6.0299      0.8410      0.8109      0.0011      0.0120      0.0121     88.7468     62.0622    -85.0000     -0.0177     -0.0234     -0.0004
     37.9558   -117.8703      6.7470      0.8411      0.8109      0.0012      0.0135      0.0135     88.8037     62.3041    -85.0000     -0.0188     -0.0065      0.0005
     37.9525   -117.8703      7.4657      0.8412      0.8109      0.0012      0.0140      0.0141     88.8654     62.5464    -85.0000     -0.0199     -0.0081      0.0013
     37.9491   -117.8704      8.1860      0.8413      0.8109      0.0012      0.0143      0.0143     88.9319     62.7893    -85.0000     -0.0195     -0.0021      0.0019
     37.9458   -117.8705      8.9079      0.8414      0.8109      0.0012      0.0139      0.0140     89.0031     63.0326    -85.0000     -0.0195     -0.0075      0.0023
     37.9425   -117.8706      9.6314      0.8415      0.8109      0.0012      0.0136      0.0136     89.0792     63.2765    -85.0000     -0.0184     -0.0043      0.0027
     37.9392   -117.8706     10.3564      0.8416      0.8109      0.0011      0.0130      0.0130     89.1602     63.5208    -85.0000     -0.0178     -0.0078      0.0030
     37.9360   -117.8707     11.0830      0.8417      0.8109      0.0011      0.0123      0.0124     89.2460     63.7657    -85.0000     -0.0165     -0.0056      0.0032
     37.9328   -117.8708     11.8111      0.8418      0.8109      0.0010      0.0116      0.0117     89.3368     64.0110    -85.0000     -0.0156     -0.0072      0.0033
     37.9296   -117.8709     12.5408      0.8419      0.8109      0.0010      0.0109      0.0110     89.4326     64.2569    -85.0000     -0.0144     -0.0054      0.0034
     37.9264   -117.8709     13.2720      0.8420      0.8109      0.0009      0.0102      0.0103     89.5334     64.5034    -85.0000     -0.0132     -0.0043      0.0034
     37.9233   -117.8710     14.0047      0.8421      0.8109      0.0008      0.0096      0.0096     89.6393     64.7504    -85.0000     -0.0120     -0.0010      0.0034
     37.9202   -117.8711     14.7389      0.8422      0.8109      0.0008      0.0089      0.0089     89.7502     64.9980    -85.0000     -0.0106      0.0035      0.0034
     37.9171   -117.8711     15.4745      0.8423      0.8109      0.0007      0.0081      0.0081     89.8663     65.2461    -85.0000     -0.0091      0.0078      0.0034
     37.9141   -117.8712     16.2117      0.8424      0.8109      0.0006      0.0072      0.0072     89.9875     65.4948    -85.0000     -0.0077      0.0153      0.0034
     37.9111   -117.8713     16.9503      0.8425      0.8109      0.0005      0.0061      0.0061     90.1140     65.7441    -85.0000     -0.0057      0.0595      0.0034
     37.9876   -117.8600      0.3518      0.8399      0.8112      0.0000      0.0000      0.0000     88.4559     60.1408      0.0000      0.0413     -0.0351      0.0540
     37.9840   -117.8601      1.0561      0.8401      0.8112      0.0000      0.0000      0.0000     88.4766     60.3737      0.0000      0.0298     -0.0363      0.0283
     37.9804   -117.8601      1.7621      0.8402      0.8113      0.0000      0.0000      0.0000     88.5017     60.6069      0.0000      0.0198     -0.0472      0.0130
     37.9769   -117.8602      2.4698      0.8404      0.8113      0.0000      0.0000      0.0000     88.5312     60.8407      0.0000      0.0126     -0.0676      0.0052
     37.9733   -117.8603      3.1790      0.8405      0.8113     -0.0000      0.0004      0.0004     88.5651     61.0748    -95.0000      0.0039     -0.0864      0.0016
     37.9698   -117.8604      3.8898      0.8406      0.8113      0.0000      0.0016      0.0016     88.6036     61.3094    -88.9464     -0.0039     -0.0891      0.0001
     37.9663   -117.8605      4.6023      0.8407      0.8113      0.0003      0.0037      0.0037     88.6466     61.5444    -85.7597     -0.0068     -0.0692     -0.0002
     37.9628   -117.8605      5.3164      0.8409      0.8113      0.0005      0.0059      0.0059     88.6942     61.7798    -85.0000     -0.0098     -0.0515      0.0000
     37.9594   -117.8606      6.0320      0.8410      0.8113      0.0007      0.0080      0.0081     88.7464     62.0157    -85.0000     -0.0125     -0.0262      0.0005
     37.9560   -117.8607      6.7492      0.8411      0.8113      0.0008      0.0095      0.0095     88.8033     62.2521    -85.0000     -0.0149     -0.0185      0.0010
     37.9526   -117.8608      7.4680      0.8412      0.8113      0.0009      0.0106      0.0106     88.8649     62.4889    -85.0000     -0.0157     -0.0068      0.0015
     37.9492   -117.8608      8.1883      0.8413      0.8114      0.0010      0.0110      0.0110     88.9312     62.7261    -85.0000     -0.0166     -0.0094      0.0019
     37.9459   -117.8609      8.9102      0.8414      0.8114      0.0010      0.0112      0.0112     89.0023     62.9639    -85.0000     -0.0164     -0.0048      0.0023
     37.9426   -117.8610      9.6336      0.8415      0.8114      0.0010      0.0110      0.0110     89.0782     63.2021    -85.0000     -0.0164     -0.0085      0.0025
     37.9393   -117.8610     10.3586      0.8416      0.8114      0.0009      0.0108      0.0108     89.1590     63.4407    -85.0000     -0.0156     -0.0057      0.0028
     37.9361   -117.8611     11.0851      0.8417      0.8114      0.0009      0.0103      0.0104     89.2446     63.6799    -85.0000     -0.0150     -0.0078      0.0029
     37.9329   -117.8612     11.8131      0.8418      0.8114      0.0009      0.0099      0.0100     89.3352     63.9196    -85.0000     -0.0141     -0.0060      0.0030
     37.9297   -117.8613     12.5426      0.8419      0.8114      0.0008      0.0094      0.0095     89.4307     64.1598    -85.0000     -0.0133     -0.0061      0.0031
     37.9265   -117.8613     13.2735      0.8420      0.8114      0.0008      0.0090      0.0090     89.5312     64.4005    -85.0000     -0.0122     -0.0035      0.0031
     37.9234   -117.8614     14.0060      0.8421      0.8114      0.0007      0.0085      0.0085     89.6368     64.6417    -85.0000     -0.0111      0.0003      0.0031
     37.9202   -117.8615     14.7399      0.8422      0.8114      0.0007      0.0080      0.0080     89.7474     64.8835    -85.0000     -0.0099      0.0054      0.0031
     37.9172   -117.8615     15.4753      0.8423      0.8114      0.0006      0.0073      0.0074     89.8631     65.1258    -85.0000     -0.0087      0.0108      0.0031
     37.9141   -117.8616     16.2122      0.8424      0.8114      0.0006      0.0063      0.0064     89.9840     65.3687    -85.0000     -0.0078      0.0129      0.0031
     37.9111   -117.8617     16.9505      0.8425      0.8114      0.0004      0.0050      0.0050     90.1100     65.6122    -85.0000     -0.0070      0.0372      0.0032
     37.9878   -117.8509      0.3520      0.7559      0.8117      0.0000      0.0000      0.0000     88.4562     60.1380      0.0000      0.0335     -0.0277      0.0443
     37.9842   -117.8510      1.0567      0.7561      0.8117      0.0000      0.0000      0.0000     88.4769     60.3658      0.0000      0.0254     -0.0270      0.0262
     37.9806   -117.8510      1.7630      0.7562      0.8117      0.0000      0.0000      0.0000     88.5019     60.5940      0.0000      0.0173     -0.0324      0.0143
     37.9770   -117.8511      2.4709      0.7563      0.8117      0.0000      0.0000      0.0000     88.5314     60.8226      0.0000      0.0109     -0.0420      0.0074
     37.9735   -117.8512      3.1804      0.7564      0.8117      0.0000      0.0000      0.0000     88.5653     61.0516      0.0000      0.0062     -0.0593      0.0038
     37.9700   -117.8513      3.8914      0.7566      0.8117     -0.0000      0.0005      0.0005     88.6037     61.2810    -93.7241     -0.0007     -0.0691      0.0020
     37.9665   -117.8513      4.6041      0.7567      0.8118      0.0001      0.0016      0.0016     88.6467     61.5108    -87.0006     -0.0042     -0.0663      0.0012
     37.9630   -117.8514      5.3183      0.7568      0.8118      0.0003      0.0034      0.0034     88.6942     61.7411    -85.1711     -0.0058     -0.0474      0.0010
     37.9596   -117.8515      6.0340      0.7569      0.8118      0.0004      0.0051      0.0051     88.7463     61.9717    -85.0000     -0.0090     -0.0353      0.0011
     37.9561   -117.8516      6.7513      0.7570      0.8118      0.0006      0.0067      0.0068     88.8031     62.2028    -85.0000     -0.0108     -0.0181      0.0014
     37.9527   -117.8516      7.4701      0.7571      0.8118      0.0007      0.0077      0.0078     88.8645     62.4344    -85.0000     -0.0128     -0.0151      0.0017
     37.9494   -117.8517      8.1905      0.7572      0.8118      0.0007      0.0085      0.0085     88.9307     62.6663    -85.0000     -0.0135     -0.0076      0.0020
     37.9460   -117.8518      8.9124      0.7573      0.8118      0.0008      0.0088      0.0088     89.0016     62.8988    -85.0000     -0.0143     -0.0100      0.0022
     37.9427   -117.8519      9.6358      0.7574      0.8118      0.0008      0.0090      0.0090     89.0773     63.1316    -85.0000     -0.0140     -0.0065      0.0024
     37.9394   -117.8519     10.3606      0.7575      0.8118      0.0008      0.0088      0.0089     89.1579     63.3650    -85.0000     -0.0140     -0.0086      0.0026
     37.9362   -117.8520     11.0870      0.7576      0.8118      0.0008      0.0087      0.0087     89.2433     63.5988    -85.0000     -0.0134     -0.0065      0.0027
     37.9329   -117.8521     11.8149      0.7577      0.8118      0.0007      0.0084      0.0085     89.3336     63.8331    -85.0000     -0.0129     -0.0073      0.0028
     37.9297   -117.8521     12.5442      0.7577      0.8118      0.0007      0.0081      0.0082     89.4288     64.0678    -85.0000     -0.0121     -0.0055      0.0028
     37.9266   -117.8522     13.2750      0.7578      0.8118      0.0007      0.0078      0.0079     89.5290     64.3031    -85.0000     -0.0113     -0.0036      0.0028
     37.9234   -117.8523     14.0073      0.7579      0.8118      0.0007      0.0075      0.0075     89.6343     64.5389    -85.0000     -0.0103      0.0002      0.0029
     37.9203   -117.8523     14.7410      0.7580      0.8118      0.0006      0.0071      0.0072     89.7445     64.7752    -85.0000     -0.0093      0.0056      0.0029
     37.9172   -117.8524     15.4761      0.7581      0.8118      0.0006      0.0066      0.0066     89.8599     65.0120    -85.0000     -0.0085      0.0113      0.0029
     37.9141   -117.8525     16.2127      0.7582      0.8119      0.0005      0.0057      0.0058     89.9803     65.2494    -85.0000     -0.0081      0.0175      0.0029
     37.9111   -117.8525     16.9507      0.7583      0.8119      0.0003      0.0039      0.0040     90.1059     65.4873    -85.0000     -0.0090      0.0108      0.0029
     37.9880   -117.8418      0.3522      0.8399      0.8121      0.0000      0.0000      0.0000     88.4560     60.1351      0.0000      0.0274     -0.0223      0.0365
     37.9844   -117.8419      1.0572      0.8401      0.8121      0.0000      0.0000      0.0000     88.4768     60.3579      0.0000      0.0216     -0.0210      0.0236
     37.9808   -117.8419      1.7638      0.8402      0.8122      0.0000      0.0000      0.0000     88.5019     60.5810      0.0000      0.0153     -0.0238      0.0144
     37.9772   -117.8420      2.4720      0.8404      0.8122      0.0000      0.0000      0.0000     88.5316     60.8045      0.0000      0.0099     -0.0293      0.0086
     37.9737   -117.8421      3.1817      0.8405      0.8122      0.0000      0.0000      0.0000     88.5656     61.0283      0.0000      0.0058     -0.0375      0.0051
     37.9701   -117.8422      3.8930      0.8406      0.8122     -0.0000      0.0000      0.0000     88.6042     61.2526    -95.0000      0.0024     -0.0531      0.0033
     37.9666   -117.8422      4.6058      0.8407      0.8122      0.0000      0.0006      0.0006     88.6474     61.4772    -89.0916     -0.0021     -0.0548      0.0023
     37.9632   -117.8423      5.3202      0.8409      0.8122      0.0001      0.0017      0.0017     88.6951     61.7023    -85.6654     -0.0044     -0.0503      0.0018
     37.9597   -117.8424      6.0360      0.8410      0.8122      0.0003      0.0031      0.0031     88.7474     61.9277    -85.0000     -0.0061     -0.0351      0.0017
     37.9563   -117.8425      6.7534      0.8411      0.8122      0.0004      0.0044      0.0044     88.8044     62.1536    -85.0000     -0.0086     -0.0272      0.0018
     37.9529   -117.8425      7.4723      0.8412      0.8122      0.0005      0.0056      0.0056     88.8661     62.3798    -85.0000     -0.0099     -0.0155      0.0019
     37.9495   -117.8426      8.1927      0.8413      0.8122      0.0006      0.0063      0.0064     88.9325     62.6065    -85.0000     -0.0113     -0.0140      0.0020
     37.9462   -117.8427      8.9145      0.8414      0.8122      0.0006      0.0069      0.0069     89.0037     62.8336    -85.0000     -0.0117     -0.0087      0.0022
     37.9428   -117.8427      9.6379      0.8415      0.8123      0.0006      0.0071      0.0072     89.0797     63.0612    -85.0000     -0.0122     -0.0099      0.0023
     37.9395   -117.8428     10.3627      0.8416      0.8123      0.0006      0.0073      0.0073     89.1605     63.2892    -85.0000     -0.0120     -0.0073      0.0024
     37.9363   -117.8429     11.0890      0.8417      0.8123      0.0006      0.0072      0.0073     89.2462     63.5176    -85.0000     -0.0119     -0.0081      0.0025
     37.9330   -117.8430     11.8167      0.8418      0.8123      0.0006      0.0072      0.0072     89.3368     63.7465    -85.0000     -0.0114     -0.0064      0.0026
     37.9298   -117.8430     12.5459      0.8419      0.8123      0.0006      0.0070      0.0070     89.4324     63.9759    -85.0000     -0.0109     -0.0057      0.0026
     37.9266   -117.8431     13.2765      0.8420      0.8123      0.0006      0.0068      0.0068     89.5329     64.2057    -85.0000     -0.0102     -0.0031      0.0026
     37.9234   -117.8432     14.0086      0.8421      0.8123      0.0006      0.0066      0.0066     89.6384     64.4361    -85.0000     -0.0094      0.0004      0.0027
     37.9203   -117.8432     14.7420      0.8422      0.8123      0.0006      0.0063      0.0063     89.7490     64.6669    -85.0000     -0.0088      0.0042      0.0027
     37.9172   -117.8433     15.4769      0.8423      0.8123      0.0005      0.0058      0.0058     89.8647     64.8983    -85.0000     -0.0085      0.0073      0.0027
     37.9141   -117.8434     16.2132      0.8424      0.8123      0.0004      0.0050      0.0050     89.9855     65.1301    -85.0000     -0.0089      0.0075      0.0027
     37.9110   -117.8434     16.9508      0.8425      0.8123      0.0004      0.0042      0.0042     90.1114     65.3625    -85.0000     -0.0061      0.0363      0.0027
     37.9882   -117.8322      0.3524      0.8399      0.8126      0.0000      0.0000      0.0000     88.4560     60.1322      0.0000      0.0224     -0.0181      0.0301
     37.9846   -117.8323      1.0578      0.8401      0.8126      0.0000      0.0000      0.0000     88.4767     60.3496      0.0000      0.0183     -0.0166      0.0208
     37.9810   -117.8323      1.7647      0.8402      0.8126      0.0000      0.0000      0.0000     88.5019     60.5673      0.0000      0.0136     -0.0180      0.0138
     37.9774   -117.8324      2.4732      0.8404      0.8126      0.0000      0.0000      0.0000     88.5315     60.7854      0.0000      0.0092     -0.0213      0.0090
     37.9739   -117.8325      3.1832      0.8405      0.8126      0.0000      0.0000      0.0000     88.5656     61.0039      0.0000      0.0055     -0.0261      0.0059
     37.9703   -117.8326      3.8947      0.8406      0.8127     -0.0000      0.0000      0.0000     88.6041     61.2227    -95.0000      0.0028     -0.0341      0.0041
     37.9668   -117.8326      4.6077      0.8407      0.8127     -0.0000      0.0001      0.0001     88.6472     61.4419    -95.0000     -0.0006     -0.0436      0.0030
     37.9633   -117.8327      5.3222      0.8409      0.8127      0.0001      0.0008      0.0008     88.6948     61.6615    -86.3551     -0.0024     -0.0413      0.0025
     37.9599   -117.8328      6.0382      0.8410      0.8127      0.0002      0.0018      0.0018     88.7471     61.8815    -85.0000     -0.0041     -0.0358      0.0022
     37.9564   -117.8329      6.7557      0.8411      0.8127      0.0003      0.0029      0.0029     88.8040     62.1018    -85.0000     -0.0058     -0.0244      0.0021
     37.9530   -117.8329      7.4746      0.8412      0.8127      0.0003      0.0039      0.0039     88.8655     62.3225    -85.0000     -0.0075     -0.0187      0.0021
     37.9497   -117.8330      8.1950      0.8413      0.8127      0.0004      0.0048      0.0048     88.9318     62.5437    -85.0000     -0.0085     -0.0112      0.0021
     37.9463   -117.8331      8.9169      0.8414      0.8127      0.0005      0.0053      0.0054     89.0028     62.7652    -85.0000     -0.0095     -0.0098      0.0022
     37.9430   -117.8331      9.6402      0.8415      0.8127      0.0005      0.0058      0.0058     89.0786     62.9872    -85.0000     -0.0098     -0.0066      0.0023
     37.9397   -117.8332     10.3649      0.8416      0.8127      0.0005      0.0059      0.0060     89.1593     63.2095    -85.0000     -0.0101     -0.0069      0.0023
     37.9364   -117.8333     11.0911      0.8417      0.8127      0.0005      0.0061      0.0061     89.2447     63.4323    -85.0000     -0.0100     -0.0053      0.0024
     37.9331   -117.8334     11.8187      0.8418      0.8127      0.0005      0.0061      0.0061     89.3351     63.6556    -85.0000     -0.0098     -0.0052      0.0024
     37.9299   -117.8334     12.5477      0.8419      0.8127      0.0005      0.0060      0.0060     89.4304     63.8793    -85.0000     -0.0094     -0.0036      0.0024
     37.9267   -117.8335     13.2781      0.8420      0.8128      0.0005      0.0059      0.0060     89.5306     64.1034    -85.0000     -0.0090     -0.0017      0.0024
     37.9235   -117.8336     14.0099      0.8421      0.8128      0.0005      0.0058      0.0058     89.6358     64.3280    -85.0000     -0.0085      0.0008      0.0024
     37.9203   -117.8336     14.7431      0.8422      0.8128      0.0005      0.0055      0.0056     89.7460     64.5531    -85.0000     -0.0082      0.0036      0.0025
     37.9172   -117.8337     15.4777      0.8423      0.8128      0.0005      0.0051      0.0052     89.8613     64.7787    -85.0000     -0.0081      0.0050      0.0025
     37.9141   -117.8338     16.2137      0.8424      0.8128      0.0004      0.0046      0.0046     89.9817     65.0048    -85.0000     -0.0078      0.0085      0.0025
     37.9110   -117.8338     16.9510      0.8425      0.8128      0.0004      0.0041      0.0041     90.1072     65.2314    -85.0000     -0.0048      0.0436      0.0025
     37.9884   -117.8226      0.3526      0.8399      0.8131      0.0000      0.0000      0.0000     88.4560     60.1292      0.0000      0.0185     -0.0149      0.0251
     37.9848   -117.8227      1.0583      0.8401      0.8131      0.0000      0.0000      0.0000     88.4769     60.3413      0.0000      0.0155     -0.0135      0.0182
     37.9812   -117.8228      1.7656      0.8402      0.8131      0.0000      0.0000      0.0000     88.5022     60.5537      0.0000      0.0119     -0.0142      0.0128
     37.9776   -117.8228      2.4744      0.8403      0.8131      0.0000      0.0000      0.0000     88.5320     60.7664      0.0000      0.0085     -0.0162      0.0089
     37.9741   -117.8229      3.1847      0.8405      0.8131      0.0000      0.0000      0.0000     88.5662     60.9794      0.0000      0.0054     -0.0192      0.0063
     37.9705   -117.8230      3.8964      0.8406      0.8131      0.0000      0.0000      0.0000     88.6049     61.1928      0.0000      0.0030     -0.0237      0.0046
     37.9670   -117.8231      4.6096      0.8407      0.8131     -0.0000      0.0000      0.0000     88.6482     61.4066    -90.8748      0.0010     -0.0316      0.0035
     37.9635   -117.8231      5.3242      0.8408      0.8131      0.0000      0.0003      0.0003     88.6961     61.6207    -86.7669     -0.0011     -0.0352      0.0029
     37.9600   -117.8232      6.0404      0.8410      0.8132      0.0001      0.0010      0.0010     88.7486     61.8352    -85.0023     -0.0024     -0.0308      0.0025
     37.9566   -117.8233      6.7579      0.8411      0.8132      0.0002      0.0018      0.0018     88.8057     62.0500    -85.0000     -0.0041     -0.0254      0.0023
     37.9532   -117.8233      7.4769      0.8412      0.8132      0.0002      0.0027      0.0027     88.8675     62.2652    -85.0000     -0.0053     -0.0169      0.0022
     37.9498   -117.8234      8.1973      0.8413      0.8132      0.0003      0.0035      0.0035     88.9341     62.4808    -85.0000     -0.0066     -0.0127      0.0022
     37.9464   -117.8235      8.9192      0.8414      0.8132      0.0004      0.0041      0.0042     89.0054     62.6967    -85.0000     -0.0073     -0.0078      0.0022
     37.9431   -117.8236      9.6424      0.8415      0.8132      0.0004      0.0046      0.0046     89.0815     62.9131    -85.0000     -0.0080     -0.0067      0.0022
     37.9398   -117.8236     10.3671      0.8416      0.8132      0.0004      0.0049      0.0049     89.1624     63.1299    -85.0000     -0.0082     -0.0047      0.0022
     37.9365   -117.8237     11.0932      0.8417      0.8132      0.0004      0.0050      0.0051     89.2481     63.3470    -85.0000     -0.0084     -0.0046      0.0022
     37.9332   -117.8238     11.8206      0.8418      0.8132      0.0005      0.0051      0.0052     89.3388     63.5646    -85.0000     -0.0083     -0.0034      0.0023
     37.9300   -117.8238     12.5495      0.8419      0.8132      0.0005      0.0052      0.0052     89.4344     63.7826    -85.0000     -0.0082     -0.0025      0.0023
     37.9267   -117.8239     13.2797      0.8420      0.8132      0.0005      0.0051      0.0052     89.5350     64.0011    -85.0000     -0.0080     -0.0009      0.0023
     37.9235   -117.8240     14.0113      0.8421      0.8132      0.0004      0.0051      0.0051     89.6405     64.2200    -85.0000     -0.0077      0.0012      0.0023
     37.9204   -117.8240     14.7442      0.8422      0.8132      0.0004      0.0049      0.0049     89.7511     64.4393    -85.0000     -0.0075      0.0032      0.0023
     37.9172   -117.8241     15.4786      0.8423      0.8132      0.0004      0.0046      0.0047     89.8667     64.6592    -85.0000     -0.0072      0.0059      0.0023
     37.9141   -117.8242     16.2142      0.8424      0.8132      0.0004      0.0043      0.0043     89.9874     64.8795    -85.0000     -0.0065      0.0111      0.0023
     37.9110   -117.8242     16.9512      0.8425      0.8132      0.0003      0.0039      0.0039     90.1133     65.1003    -85.0000     -0.0041      0.0449      0.0023
     37.9886   -117.8130      0.3528      0.8399      0.8135      0.0000      0.0000      0.0000     88.4560     60.1263      0.0000      0.0154     -0.0124      0.0211
     37.9850   -117.8131      1.0589      0.8401      0.8136      0.0000      0.0000      0.0000     88.4769     60.3330      0.0000      0.0132     -0.0112      0.0160
     37.9814   -117.8132      1.7665      0.8402      0.8136      0.0000      0.0000      0.0000     88.5022     60.5400      0.0000      0.0105     -0.0114      0.0118
     37.9778   -117.8133      2.4756      0.8403      0.8136      0.0000      0.0000      0.0000     88.5319     60.7473      0.0000      0.0077     -0.0127      0.0086
     37.9742   -117.8133      3.1861      0.8405      0.8136      0.0000      0.0000      0.0000     88.5661     60.9550      0.0000      0.0052     -0.0147      0.0064
     37.9707   -117.8134      3.8981      0.8406      0.8136      0.0000      0.0000      0.0000     88.6048     61.1630      0.0000      0.0031     -0.0175      0.0048
     37.9672   -117.8135      4.6115      0.8407      0.8136     -0.0000      0.0000      0.0000     88.6480     61.3713    -95.0000      0.0014     -0.0221      0.0038
     37.9637   -117.8135      5.3263      0.8408      0.8136      0.0000      0.0001      0.0001     88.6958     61.5800    -88.6085     -0.0003     -0.0274      0.0032
     37.9602   -117.8136      6.0425      0.8410      0.8136      0.0000      0.0004      0.0004     88.7482     61.7889    -85.0381     -0.0015     -0.0280      0.0027
     37.9568   -117.8137      6.7602      0.8411      0.8136      0.0001      0.0011      0.0011     88.8052     61.9983    -85.0000     -0.0027     -0.0230      0.0025
     37.9533   -117.8138      7.4792      0.8412      0.8136      0.0002      0.0018      0.0018     88.8669     62.2079    -85.0000     -0.0039     -0.0181      0.0023
     37.9499   -117.8138      8.1997      0.8413      0.8137      0.0002      0.0025      0.0025     88.9333     62.4180    -85.0000     -0.0048     -0.0118      0.0022
     37.9466   -117.8139      8.9215      0.8414      0.8137      0.0003      0.0031      0.0031     89.0044     62.6284    -85.0000     -0.0057     -0.0087      0.0022
     37.9432   -117.8140      9.6447      0.8415      0.8137      0.0003      0.0036      0.0036     89.0803     62.8391    -85.0000     -0.0063     -0.0055      0.0021
     37.9399   -117.8140     10.3693      0.8416      0.8137      0.0003      0.0040      0.0040     89.1610     63.0503    -85.0000     -0.0068     -0.0046      0.0021
     37.9366   -117.8141     11.0953      0.8417      0.8137      0.0004      0.0042      0.0042     89.2466     63.2618    -85.0000     -0.0070     -0.0034      0.0021
     37.9333   -117.8142     11.8226      0.8418      0.8137      0.0004      0.0043      0.0043     89.3370     63.4738    -85.0000     -0.0071     -0.0030      0.0021
     37.9300   -117.8142     12.5513      0.8419      0.8137      0.0004      0.0044      0.0044     89.4323     63.6861    -85.0000     -0.0071     -0.0019      0.0021
     37.9268   -117.8143     13.2813      0.8420      0.8137      0.0004      0.0044      0.0045     89.5326     63.8989    -85.0000     -0.0070     -0.0006      0.0021
     37.9236   -117.8144     14.0127      0.8421      0.8137      0.0004      0.0044      0.0045     89.6378     64.1121    -85.0000     -0.0069      0.0013      0.0021
     37.9204   -117.8144     14.7454      0.8422      0.8137      0.0004      0.0044      0.0044     89.7480     64.3257    -85.0000     -0.0066      0.0039      0.0021
     37.9172   -117.8145     15.4794      0.8423      0.8137      0.0004      0.0042      0.0042     89.8632     64.5398    -85.0000     -0.0062      0.0069      0.0021
     37.9141   -117.8145     16.2147      0.8424      0.8137      0.0003      0.0039      0.0039     89.9835     64.7544    -85.0000     -0.0055      0.0127      0.0021
     37.9110   -117.8146     16.9514      0.8425      0.8137      0.0003      0.0035      0.0035     90.1089     64.9694    -85.0000     -0.0039      0.0410      0.0021
     37.9888   -117.8035      0.3530      0.8399      0.8140      0.0000      0.0000      0.0000     88.4560     60.1233      0.0000      0.0129     -0.0105      0.0179
     37.9852   -117.8035      1.0595      0.8401      0.8140      0.0000      0.0000      0.0000     88.4769     60.3247      0.0000      0.0113     -0.0094      0.0140
     37.9816   -117.8036      1.7674      0.8402      0.8140      0.0000      0.0000      0.0000     88.5022     60.5264      0.0000      0.0092     -0.0094      0.0107
     37.9780   -117.8037      2.4768      0.8403      0.8141      0.0000      0.0000      0.0000     88.5319     60.7284      0.0000      0.0070     -0.0101      0.0081
     37.9744   -117.8037      3.1876      0.8405      0.8141      0.0000      0.0000      0.0000     88.5660     60.9307      0.0000      0.0050     -0.0115      0.0062
     37.9709   -117.8038      3.8998      0.8406      0.8141      0.0000      0.0000      0.0000     88.6046     61.1332      0.0000      0.0031     -0.0133      0.0049
     37.9674   -117.8039      4.6134      0.8407      0.8141      0.0000      0.0000      0.0000     88.6478     61.3361      0.0000      0.0017     -0.0160      0.0039
     37.9639   -117.8040      5.3283      0.8408      0.8141     -0.0000      0.0000      0.0000     88.6955     61.5394    -95.0000      0.0003     -0.0210      0.0033
     37.9604   -117.8040      6.0447      0.8410      0.8141      0.0000      0.0002      0.0002     88.7478     61.7429    -85.2223     -0.0008     -0.0235      0.0029
     37.9569   -117.8041      6.7624      0.8411      0.8141      0.0000      0.0006      0.0006     88.8047     61.9467    -85.0000     -0.0018     -0.0222      0.0026
     37.9535   -117.8042      7.4815      0.8412      0.8141      0.0001      0.0011      0.0011     88.8663     62.1509    -85.0000     -0.0027     -0.0173      0.0024
     37.9501   -117.8042      8.2020      0.8413      0.8141      0.0002      0.0017      0.0018     88.9325     62.3554    -85.0000     -0.0037     -0.0130      0.0022
     37.9467   -117.8043      8.9238      0.8414      0.8141      0.0002      0.0023      0.0023     89.0035     62.5603    -85.0000     -0.0044     -0.0085      0.0021
     37.9433   -117.8044      9.6470      0.8415      0.8141      0.0002      0.0028      0.0028     89.0792     62.7655    -85.0000     -0.0051     -0.0062      0.0021
     37.9400   -117.8044     10.3715      0.8416      0.8141      0.0003      0.0032      0.0032     89.1597     62.9710    -85.0000     -0.0055     -0.0042      0.0021
     37.9367   -117.8045     11.0974      0.8417      0.8142      0.0003      0.0034      0.0034     89.2450     63.1770    -85.0000     -0.0059     -0.0035      0.0020
     37.9334   -117.8046     11.8246      0.8418      0.8142      0.0003      0.0036      0.0036     89.3351     63.3833    -85.0000     -0.0061     -0.0027      0.0020
     37.9301   -117.8046     12.5531      0.8419      0.8142      0.0003      0.0037      0.0037     89.4301     63.5900    -85.0000     -0.0062     -0.0020      0.0020
     37.9269   -117.8047     13.2829      0.8420      0.8142      0.0003      0.0038      0.0038     89.5301     63.7971    -85.0000     -0.0062     -0.0005      0.0020
     37.9236   -117.8048     14.0141      0.8421      0.8142      0.0003      0.0039      0.0039     89.6350     64.0046    -85.0000     -0.0060      0.0017      0.0020
     37.9204   -117.8048     14.7465      0.8422      0.8142      0.0003      0.0039      0.0039     89.7448     64.2126    -85.0000     -0.0057      0.0046      0.0019
     37.9173   -117.8049     15.4802      0.8423      0.8142      0.0003      0.0038      0.0038     89.8597     64.4210    -85.0000     -0.0053      0.0080      0.0019
     37.9141   -117.8049     16.2152      0.8424      0.8142      0.0003      0.0035      0.0035     89.9796     64.6298    -85.0000     -0.0049      0.0119      0.0019
     37.9110   -117.8050     16.9515      0.8425      0.8142      0.0003      0.0030      0.0031     90.1045     64.8391    -85.0000     -0.0040      0.0334      0.0020
     37.9891   -117.7939      0.3532      0.8399      0.8145      0.0000      0.0000      0.0000     88.4561     60.1204      0.0000      0.0109     -0.0089      0.0153
     37.9854   -117.7939      1.0600      0.8401      0.8145      0.0000      0.0000      0.0000     88.4771     60.3164      0.0000      0.0097     -0.0080      0.0123
     37.9818   -117.7940      1.7683      0.8402      0.8145      0.0000      0.0000      0.0000     88.5025     60.5128      0.0000      0.0081     -0.0078      0.0097
     37.9782   -117.7941      2.4780      0.8403      0.8145      0.0000      0.0000      0.0000     88.5323     60.7094      0.0000      0.0063     -0.0083      0.0076
     37.9746   -117.7942      3.1891      0.8405      0.8145      0.0000      0.0000      0.0000     88.5667     60.9063      0.0000      0.0046     -0.0092      0.0060
     37.9711   -117.7942      3.9015      0.8406      0.8145      0.0000      0.0000      0.0000     88.6055     61.1035      0.0000      0.0031     -0.0105      0.0048
     37.9675   -117.7943      4.6153      0.8407      0.8146      0.0000      0.0000      0.0000     88.6488     61.3010      0.0000      0.0018     -0.0122      0.0040
     37.9640   -117.7944      5.3304      0.8408      0.8146      0.0000      0.0000      0.0000     88.6967     61.4987      0.0000      0.0007     -0.0148      0.0034
     37.9605   -117.7944      6.0469      0.8410      0.8146      0.0000      0.0000      0.0000     88.7493     61.6968    -89.0576     -0.0004     -0.0193      0.0029
     37.9571   -117.7945      6.7647      0.8411      0.8146      0.0000      0.0002      0.0002     88.8064     61.8952    -85.0000     -0.0011     -0.0197      0.0026
     37.9536   -117.7946      7.4839      0.8412      0.8146      0.0001      0.0006      0.0006     88.8682     62.0938    -85.0000     -0.0020     -0.0174      0.0024
     37.9502   -117.7946      8.2044      0.8413      0.8146      0.0001      0.0012      0.0012     88.9347     62.2928    -85.0000     -0.0027     -0.0130      0.0022
     37.9468   -117.7947      8.9262      0.8414      0.8146      0.0001      0.0017      0.0017     89.0060     62.4921    -85.0000     -0.0034     -0.0094      0.0021
     37.9434   -117.7948      9.6493      0.8415      0.8146      0.0002      0.0021      0.0021     89.0820     62.6918    -85.0000     -0.0040     -0.0062      0.0020
     37.9401   -117.7948     10.3738      0.8416      0.8146      0.0002      0.0025      0.0025     89.1627     62.8918    -85.0000     -0.0045     -0.0046      0.0020
     37.9368   -117.7949     11.0995      0.8417      0.8146      0.0002      0.0028      0.0028     89.2483     63.0921    -85.0000     -0.0049     -0.0034      0.0019
     37.9335   -117.7950     11.8266      0.8418      0.8146      0.0003      0.0030      0.0030     89.3388     63.2928    -85.0000     -0.0052     -0.0028      0.0019
     37.9302   -117.7950     12.5549      0.8419      0.8146      0.0003      0.0031      0.0032     89.4341     63.4939    -85.0000     -0.0053     -0.0020      0.0019
     37.9269   -117.7951     13.2845      0.8420      0.8146      0.0003      0.0033      0.0033     89.5344     63.6954    -85.0000     -0.0053     -0.0005      0.0018
     37.9237   -117.7952     14.0155      0.8421      0.8146      0.0003      0.0034      0.0034     89.6396     63.8972    -85.0000     -0.0052      0.0019      0.0018
     37.9205   -117.7952     14.7476      0.8422      0.8146      0.0003      0.0034      0.0034     89.7498     64.0995    -85.0000     -0.0050      0.0055      0.0018
     37.9173   -117.7953     15.4811      0.8423      0.8147      0.0003      0.0033      0.0034     89.8650     64.3021    -85.0000     -0.0047      0.0087      0.0018
     37.9141   -117.7953     16.2158      0.8424      0.8147      0.0003      0.0030      0.0030     89.9852     64.5053    -85.0000     -0.0045      0.0108      0.0018
     37.9110   -117.7954     16.9517      0.8425      0.8147      0.0002      0.0024      0.0025     90.1105     64.7088    -85.0000     -0.0045      0.0216      0.0018
     37.9892   -117.7848      0.3534      0.7559      0.8149      0.0000      0.0000      0.0000     88.4564     60.1176      0.0000      0.0094     -0.0077      0.0132
     37.9856   -117.7848      1.0606      0.7561      0.8150      0.0000      0.0000      0.0000     88.4775     60.3086      0.0000      0.0084     -0.0069      0.0108
     37.9820   -117.7849      1.7692      0.7562      0.8150      0.0000      0.0000      0.0000     88.5030     60.4998      0.0000      0.0071     -0.0067      0.0088
     37.9784   -117.7850      2.4792      0.7563      0.8150      0.0000      0.0000      0.0000     88.5329     60.6914      0.0000      0.0057     -0.0070      0.0070
     37.9748   -117.7850      3.1905      0.7564      0.8150      0.0000      0.0000      0.0000     88.5673     60.8832      0.0000      0.0043     -0.0076      0.0057
     37.9712   -117.7851      3.9031      0.7565      0.8150      0.0000      0.0000      0.0000     88.6062     61.0752      0.0000      0.0030     -0.0085      0.0047
     37.9677   -117.7852      4.6171      0.7566      0.8150      0.0000      0.0000      0.0000     88.6497     61.2675      0.0000      0.0019     -0.0097      0.0039
     37.9642   -117.7853      5.3324      0.7567      0.8150      0.0000      0.0000      0.0000     88.6977     61.4601      0.0000      0.0009     -0.0113      0.0033
     37.9607   -117.7853      6.0490      0.7569      0.8150      0.0000      0.0000      0.0000     88.7503     61.6530    -85.7070      0.0001     -0.0143      0.0029
     37.9572   -117.7854      6.7669      0.7570      0.8150      0.0000      0.0001      0.0001     88.8076     61.8461    -85.1522     -0.0007     -0.0170      0.0026
     37.9538   -117.7855      7.4861      0.7571      0.8150      0.0000      0.0003      0.0003     88.8695     62.0396    -85.0000     -0.0013     -0.0161      0.0024
     37.9503   -117.7855      8.2066      0.7572      0.8151      0.0001      0.0007      0.0007     88.9361     62.2333    -85.0000     -0.0020     -0.0135      0.0022
     37.9469   -117.7856      8.9284      0.7573      0.8151      0.0001      0.0012      0.0012     89.0075     62.4274    -85.0000     -0.0027     -0.0098      0.0021
     37.9436   -117.7857      9.6515      0.7573      0.8151      0.0001      0.0016      0.0016     89.0836     62.6217    -85.0000     -0.0033     -0.0071      0.0020
     37.9402   -117.7857     10.3759      0.7574      0.8151      0.0002      0.0020      0.0020     89.1645     62.8164    -85.0000     -0.0037     -0.0049      0.0019
     37.9369   -117.7858     11.1016      0.7575      0.8151      0.0002      0.0022      0.0022     89.2502     63.0114    -85.0000     -0.0041     -0.0038      0.0019
     37.9335   -117.7858     11.8285      0.7576      0.8151      0.0002      0.0025      0.0025     89.3407     63.2068    -85.0000     -0.0044     -0.0029      0.0018
     37.9302   -117.7859     12.5567      0.7577      0.8151      0.0002      0.0026      0.0026     89.4362     63.4025    -85.0000     -0.0046     -0.0021      0.0018
     37.9270   -117.7860     13.2861      0.7578      0.8151      0.0002      0.0028      0.0028     89.5365     63.5986    -85.0000     -0.0047     -0.0007      0.0017
     37.9237   -117.7860     14.0168      0.7579      0.8151      0.0003      0.0029      0.0029     89.6418     63.7951    -85.0000     -0.0046      0.0018      0.0017
     37.9205   -117.7861     14.7487      0.7580      0.8151      0.0003      0.0030      0.0030     89.7521     63.9919    -85.0000     -0.0044      0.0049      0.0017
     37.9173   -117.7862     15.4819      0.7581      0.8151      0.0003      0.0030      0.0030     89.8673     64.1892    -85.0000     -0.0043      0.0087      0.0017
     37.9141   -117.7862     16.2163      0.7582      0.8151      0.0002      0.0027      0.0027     89.9876     64.3868    -85.0000     -0.0044      0.0116      0.0017
     37.9110   -117.7863     16.9519      0.7583      0.8151      0.0002      0.0019      0.0019     90.1130     64.5849    -85.0000     -0.0052      0.0084      0.0017
     37.9894   -117.7757      0.3536      0.8399      0.8154      0.0000      0.0000      0.0000     88.4561     60.1148      0.0000      0.0081     -0.0067      0.0115
     37.9858   -117.7757      1.0611      0.8401      0.8154      0.0000      0.0000      0.0000     88.4772     60.3007      0.0000      0.0073     -0.0060      0.0096
     37.9822   -117.7758      1.7701      0.8402      0.8154      0.0000      0.0000      0.0000     88.5027     60.4869      0.0000      0.0063     -0.0058      0.0079
     37.9786   -117.7759      2.4803      0.8403      0.8154      0.0000      0.0000      0.0000     88.5327     60.6733      0.0000      0.0052     -0.0059      0.0065
     37.9750   -117.7759      3.1919      0.8405      0.8154      0.0000      0.0000      0.0000     88.5671     60.8600      0.0000      0.0040     -0.0063      0.0054
     37.9714   -117.7760      3.9047      0.8406      0.8155      0.0000      0.0000      0.0000     88.6061     61.0469      0.0000      0.0029     -0.0070      0.0045
     37.9679   -117.7761      4.6189      0.8407      0.8155      0.0000      0.0000      0.0000     88.6495     61.2341      0.0000      0.0019     -0.0078      0.0038
     37.9644   -117.7761      5.3343      0.8408      0.8155      0.0000      0.0000      0.0000     88.6975     61.4215      0.0000      0.0010     -0.0089      0.0033
     37.9609   -117.7762      6.0511      0.8409      0.8155      0.0000      0.0000      0.0000     88.7502     61.6092      0.0000      0.0003     -0.0106      0.0029
     37.9574   -117.7763      6.7691      0.8411      0.8155     -0.0000      0.0000      0.0000     88.8074     61.7971    -95.0000     -0.0004     -0.0139      0.0026
     37.9539   -117.7763      7.4883      0.8412      0.8155      0.0000      0.0001      0.0001     88.8693     61.9853    -85.0000     -0.0010     -0.0150      0.0024
     37.9505   -117.7764      8.2089      0.8413      0.8155      0.0000      0.0004      0.0004     88.9359     62.1738    -85.0000     -0.0016     -0.0134      0.0022
     37.9471   -117.7765      8.9307      0.8414      0.8155      0.0001      0.0007      0.0008     89.0072     62.3626    -85.0000     -0.0021     -0.0108      0.0021
     37.9437   -117.7765      9.6537      0.8415      0.8155      0.0001      0.0011      0.0011     89.0833     62.5517    -85.0000     -0.0027     -0.0078      0.0019
     37.9403   -117.7766     10.3780      0.8416      0.8155      0.0001      0.0015      0.0015     89.1641     62.7411    -85.0000     -0.0031     -0.0057      0.0019
     37.9370   -117.7767     11.1036      0.8417      0.8155      0.0002      0.0018      0.0018     89.2497     62.9308    -85.0000     -0.0035     -0.0042      0.0018
     37.9336   -117.7767     11.8304      0.8418      0.8155      0.0002      0.0020      0.0020     89.3402     63.1209    -85.0000     -0.0038     -0.0032      0.0017
     37.9303   -117.7768     12.5584      0.8419      0.8155      0.0002      0.0022      0.0022     89.4355     63.3112    -85.0000     -0.0040     -0.0022      0.0017
     37.9270   -117.7769     13.2877      0.8420      0.8155      0.0002      0.0024      0.0024     89.5357     63.5020    -85.0000     -0.0040     -0.0008      0.0017
     37.9238   -117.7769     14.0181      0.8421      0.8156      0.0002      0.0025      0.0025     89.6409     63.6931    -85.0000     -0.0040      0.0013      0.0016
     37.9205   -117.7770     14.7498      0.8422      0.8156      0.0002      0.0026      0.0026     89.7510     63.8845    -85.0000     -0.0040      0.0039      0.0016
     37.9173   -117.7770     15.4827      0.8423      0.8156      0.0002      0.0025      0.0025     89.8661     64.0764    -85.0000     -0.0042      0.0058      0.0016
     37.9141   -117.7771     16.2168      0.8424      0.8156      0.0002      0.0023      0.0023     89.9862     64.2686    -85.0000     -0.0046      0.0063      0.0016
     37.9109   -117.7772     16.9521      0.8425      0.8156      0.0002      0.0019      0.0019     90.1113     64.4612    -85.0000     -0.0037      0.0182      0.0016
     37.9896   -117.7661      0.3538      0.8399      0.8159      0.0000      0.0000      0.0000     88.4561     60.1118      0.0000      0.0070     -0.0058      0.0101
     37.9860   -117.7662      1.0617      0.8401      0.8159      0.0000      0.0000      0.0000     88.4772     60.2925      0.0000      0.0064     -0.0052      0.0085
     37.9824   -117.7662      1.7710      0.8402      0.8159      0.0000      0.0000      0.0000     88.5027     60.4733      0.0000      0.0056     -0.0050      0.0072
     37.9788   -117.7663      2.4815      0.8403      0.8159      0.0000      0.0000      0.0000     88.5326     60.6544      0.0000      0.0046     -0.0050      0.0060
     37.9752   -117.7664      3.1934      0.8405      0.8159      0.0000      0.0000      0.0000     88.5670     60.8357      0.0000      0.0037     -0.0053      0.0050
     37.9716   -117.7664      3.9065      0.8406      0.8159      0.0000      0.0000      0.0000     88.6059     61.0172      0.0000      0.0028     -0.0058      0.0043
     37.9680   -117.7665      4.6208      0.8407      0.8159      0.0000      0.0000      0.0000     88.6493     61.1990      0.0000      0.0019     -0.0064      0.0037
     37.9645   -117.7666      5.3364      0.8408      0.8160      0.0000      0.0000      0.0000     88.6972     61.3810      0.0000      0.0011     -0.0071      0.0032
     37.9610   -117.7666      6.0533      0.8409      0.8160      0.0000      0.0000      0.0000     88.7497     61.5632      0.0000      0.0005     -0.0082      0.0028
     37.9575   -117.7667      6.7714      0.8411      0.8160      0.0000      0.0000      0.0000     88.8068     61.7457      0.0000     -0.0001     -0.0100      0.0026
     37.9541   -117.7668      7.4907      0.8412      0.8160      0.0000      0.0000      0.0000     88.8686     61.9284    -86.2517     -0.0007     -0.0125      0.0023
     37.9506   -117.7668      8.2113      0.8413      0.8160      0.0000      0.0002      0.0002     88.9350     62.1114    -85.0000     -0.0012     -0.0125      0.0022
     37.9472   -117.7669      8.9331      0.8414      0.8160      0.0000      0.0005      0.0005     89.0062     62.2947    -85.0000     -0.0016     -0.0105      0.0020
     37.9438   -117.7669      9.6561      0.8415      0.8160      0.0001      0.0008      0.0008     89.0820     62.4783    -85.0000     -0.0021     -0.0080      0.0019
     37.9404   -117.7670     10.3803      0.8416      0.8160      0.0001      0.0011      0.0011     89.1626     62.6621    -85.0000     -0.0025     -0.0057      0.0018
     37.9371   -117.7671     11.1058      0.8417      0.8160      0.0001      0.0014      0.0014     89.2480     62.8462    -85.0000     -0.0028     -0.0040      0.0017
     37.9337   -117.7671     11.8324      0.8418      0.8160      0.0001      0.0016      0.0016     89.3382     63.0307    -85.0000     -0.0031     -0.0028      0.0017
     37.9304   -117.7672     12.5603      0.8419      0.8160      0.0002      0.0018      0.0018     89.4332     63.2155    -85.0000     -0.0033     -0.0018      0.0016
     37.9271   -117.7673     13.2893      0.8420      0.8160      0.0002      0.0020      0.0020     89.5331     63.4006    -85.0000     -0.0034     -0.0005      0.0016
     37.9238   -117.7673     14.0195      0.8421      0.8160      0.0002      0.0021      0.0021     89.6379     63.5860    -85.0000     -0.0035      0.0013      0.0015
     37.9206   -117.7674     14.7510      0.8422      0.8160      0.0002      0.0022      0.0022     89.7477     63.7718    -85.0000     -0.0037      0.0030      0.0015
     37.9173   -117.7674     15.4835      0.8423      0.8160      0.0002      0.0022      0.0022     89.8624     63.9580    -85.0000     -0.0039      0.0043      0.0015
     37.9141   -117.7675     16.2173      0.8424      0.8160      0.0002      0.0020      0.0021     89.9820     64.1445    -85.0000     -0.0040      0.0059      0.0015
     37.9109   -117.7676     16.9522      0.8425      0.8160      0.0002      0.0019      0.0019     90.1067     64.3315    -85.0000     -0.0028      0.0216      0.0015
     37.9898   -117.7565      0.3540      0.8399      0.8164      0.0000      0.0000      0.0000     88.4561     60.1089      0.0000      0.0061     -0.0051      0.0088
     37.9862   -117.7566      1.0623      0.8401      0.8164      0.0000      0.0000      0.0000     88.4774     60.2842      0.0000      0.0056     -0.0046      0.0076
     37.9826   -117.7566      1.7719      0.8402      0.8164      0.0000      0.0000      0.0000     88.5030     60.4598      0.0000      0.0049     -0.0044      0.0065
     37.9789   -117.7567      2.4828      0.8403      0.8164      0.0000      0.0000      0.0000     88.5331     60.6355      0.0000      0.0042     -0.0043      0.0055
     37.9754   -117.7568      3.1949      0.8405      0.8164      0.0000      0.0000      0.0000     88.5676     60.8114      0.0000      0.0034     -0.0045      0.0047
     37.9718   -117.7568      3.9082      0.8406      0.8164      0.0000      0.0000      0.0000     88.6067     60.9875      0.0000      0.0026     -0.0048      0.0040
     37.9682   -117.7569      4.6227      0.8407      0.8164      0.0000      0.0000      0.0000     88.6503     61.1639      0.0000      0.0019     -0.0053      0.0035
     37.9647   -117.7570      5.3385      0.8408      0.8164      0.0000      0.0000      0.0000     88.6984     61.3404      0.0000      0.0012     -0.0058      0.0031
     37.9612   -117.7570      6.0555      0.8409      0.8164      0.0000      0.0000      0.0000     88.7512     61.5172      0.0000      0.0006     -0.0065      0.0027
     37.9577   -117.7571      6.7737      0.8410      0.8165      0.0000      0.0000      0.0000     88.8086     61.6943      0.0000      0.0001     -0.0076      0.0025
     37.9542   -117.7572      7.4931      0.8412      0.8165      0.0000      0.0000      0.0000     88.8706     61.8715    -85.0000     -0.0004     -0.0096      0.0023
     37.9508   -117.7572      8.2137      0.8413      0.8165      0.0000      0.0001      0.0001     88.9373     62.0490    -85.0000     -0.0008     -0.0109      0.0021
     37.9473   -117.7573      8.9354      0.8414      0.8165      0.0000      0.0003      0.0003     89.0086     62.2268    -85.0000     -0.0012     -0.0101      0.0020
     37.9439   -117.7573      9.6584      0.8415      0.8165      0.0000      0.0005      0.0005     89.0848     62.4048    -85.0000     -0.0016     -0.0079      0.0018
     37.9405   -117.7574     10.3826      0.8416      0.8165      0.0001      0.0008      0.0008     89.1657     62.5831    -85.0000     -0.0020     -0.0057      0.0017
     37.9372   -117.7575     11.1079      0.8417      0.8165      0.0001      0.0011      0.0011     89.2513     62.7617    -85.0000     -0.0023     -0.0039      0.0017
     37.9338   -117.7575     11.8344      0.8418      0.8165      0.0001      0.0013      0.0013     89.3418     62.9406    -85.0000     -0.0026     -0.0026      0.0016
     37.9305   -117.7576     12.5621      0.8419      0.8165      0.0001      0.0015      0.0015     89.4372     63.1197    -85.0000     -0.0028     -0.0015      0.0015
     37.9272   -117.7577     13.2910      0.8420      0.8165      0.0001      0.0017      0.0017     89.5374     63.2992    -85.0000     -0.0029     -0.0003      0.0015
     37.9239   -117.7577     14.0210      0.8421      0.8165      0.0002      0.0018      0.0018     89.6425     63.4790    -85.0000     -0.0031      0.0010      0.0014
     37.9206   -117.7578     14.7521      0.8422      0.8165      0.0002      0.0019      0.0019     89.7526     63.6592    -85.0000     -0.0033      0.0025      0.0014
     37.9174   -117.7578     15.4844      0.8423      0.8165      0.0002      0.0019      0.0019     89.8676     63.8397    -85.0000     -0.0034      0.0041      0.0014
     37.9141   -117.7579     16.2179      0.8424      0.8165      0.0002      0.0019      0.0019     89.9876     64.0206    -85.0000     -0.0033      0.0070      0.0014
     37.9109   -117.7579     16.9524      0.8425      0.8165      0.0002      0.0018      0.0018     90.1126     64.2018    -85.0000     -0.0023      0.0223      0.0014
     37.9900   -117.7469      0.3542      0.8399      0.8168      0.0000      0.0000      0.0000     88.4561     60.1060      0.0000      0.0053     -0.0045      0.0078
     37.9864   -117.7470      1.0628      0.8401      0.8169      0.0000      0.0000      0.0000     88.4773     60.2760      0.0000      0.0049     -0.0040      0.0068
     37.9828   -117.7471      1.7728      0.8402      0.8169      0.0000      0.0000      0.0000     88.5030     60.4462      0.0000      0.0043     -0.0038      0.0058
     37.9791   -117.7471      2.4840      0.8403      0.8169      0.0000      0.0000      0.0000     88.5330     60.6166      0.0000      0.0037     -0.0038      0.0050
     37.9755   -117.7472      3.1964      0.8404      0.8169      0.0000      0.0000      0.0000     88.5675     60.7871      0.0000      0.0031     -0.0039      0.0043
     37.9720   -117.7473      3.9099      0.8406      0.8169      0.0000      0.0000      0.0000     88.6065     60.9579      0.0000      0.0024     -0.0041      0.0038
     37.9684   -117.7473      4.6247      0.8407      0.8169      0.0000      0.0000      0.0000     88.6500     61.1288      0.0000      0.0018     -0.0044      0.0033
     37.9649   -117.7474      5.3406      0.8408      0.8169      0.0000      0.0000      0.0000     88.6981     61.3000      0.0000      0.0012     -0.0048      0.0029
     37.9613   -117.7474      6.0577      0.8409      0.8169      0.0000      0.0000      0.0000     88.7507     61.4713      0.0000      0.0007     -0.0053      0.0026
     37.9578   -117.7475      6.7760      0.8410      0.8169      0.0000      0.0000      0.0000     88.8080     61.6429      0.0000      0.0002     -0.0060      0.0024
     37.9544   -117.7476      7.4954      0.8412      0.8169      0.0000      0.0000      0.0000     88.8698     61.8147      0.0000     -0.0002     -0.0072      0.0022
     37.9509   -117.7476      8.2161      0.8413      0.8170      0.0000      0.0000      0.0000     88.9363     61.9867    -86.8335     -0.0006     -0.0091      0.0020
     37.9475   -117.7477      8.9378      0.8414      0.8170      0.0000      0.0001      0.0001     89.0075     62.1590    -85.0000     -0.0009     -0.0091      0.0019
     37.9440   -117.7478      9.6608      0.8415      0.8170      0.0000      0.0003      0.0003     89.0835     62.3315    -85.0000     -0.0012     -0.0077      0.0018
     37.9406   -117.7478     10.3849      0.8416      0.8170      0.0001      0.0006      0.0006     89.1641     62.5042    -85.0000     -0.0015     -0.0058      0.0017
     37.9372   -117.7479     11.1101      0.8417      0.8170      0.0001      0.0008      0.0008     89.2496     62.6773    -85.0000     -0.0018     -0.0040      0.0016
     37.9339   -117.7479     11.8365      0.8418      0.8170      0.0001      0.0011      0.0011     89.3398     62.8506    -85.0000     -0.0021     -0.0025      0.0015
     37.9305   -117.7480     12.5640      0.8419      0.8170      0.0001      0.0013      0.0013     89.4348     63.0241    -85.0000     -0.0023     -0.0015      0.0015
     37.9272   -117.7481     13.2926      0.8420      0.8170      0.0001      0.0014      0.0014     89.5347     63.1980    -85.0000     -0.0025     -0.0004      0.0014
     37.9239   -117.7481     14.0224      0.8421      0.8170      0.0001      0.0016      0.0016     89.6395     63.3722    -85.0000     -0.0027      0.0008      0.0014
     37.9206   -117.7482     14.7533      0.8422      0.8170      0.0001      0.0017      0.0017     89.7491     63.5467    -85.0000     -0.0028      0.0024      0.0013
     37.9174   -117.7482     15.4853      0.8423      0.8170      0.0002      0.0017      0.0017     89.8637     63.7216    -85.0000     -0.0028      0.0044      0.0013
     37.9141   -117.7483     16.2184      0.8424      0.8170      0.0002      0.0017      0.0017     89.9833     63.8968    -85.0000     -0.0027      0.0076      0.0013
     37.9109   -117.7483     16.9526      0.8425      0.8170      0.0001      0.0016      0.0016     90.1078     64.0724    -85.0000     -0.0020      0.0211      0.0013
     37.9902   -117.7373      0.3544      0.8399      0.8173      0.0000      0.0000      0.0000     88.4561     60.1031      0.0000      0.0046     -0.0039      0.0069
     37.9866   -117.7374      1.0634      0.8401      0.8173      0.0000      0.0000      0.0000     88.4773     60.2678      0.0000      0.0043     -0.0036      0.0060
     37.9830   -117.7375      1.7737      0.8402      0.8174      0.0000      0.0000      0.0000     88.5029     60.4327      0.0000      0.0039     -0.0034      0.0053
     37.9793   -117.7375      2.4852      0.8403      0.8174      0.0000      0.0000      0.0000     88.5329     60.5977      0.0000      0.0033     -0.0033      0.0046
     37.9757   -117.7376      3.1979      0.8404      0.8174      0.0000      0.0000      0.0000     88.5674     60.7629      0.0000      0.0028     -0.0034      0.0040
     37.9721   -117.7377      3.9117      0.8406      0.8174      0.0000      0.0000      0.0000     88.6063     60.9283      0.0000      0.0023     -0.0035      0.0035
     37.9686   -117.7377      4.6266      0.8407      0.8174      0.0000      0.0000      0.0000     88.6497     61.0939      0.0000      0.0017     -0.0037      0.0031
     37.9650   -117.7378      5.3427      0.8408      0.8174      0.0000      0.0000      0.0000     88.6977     61.2596      0.0000      0.0012     -0.0040      0.0028
     37.9615   -117.7379      6.0599      0.8409      0.8174      0.0000      0.0000      0.0000     88.7502     61.4256      0.0000      0.0007     -0.0044      0.0025
     37.9580   -117.7379      6.7783      0.8410      0.8174      0.0000      0.0000      0.0000     88.8073     61.5917      0.0000      0.0003     -0.0049      0.0023
     37.9545   -117.7380      7.4978      0.8412      0.8174      0.0000      0.0000      0.0000     88.8690     61.7581      0.0000     -0.0000     -0.0057      0.0021
     37.9510   -117.7380      8.2185      0.8413      0.8174      0.0000      0.0000      0.0000     88.9354     61.9246    -85.0000     -0.0004     -0.0071      0.0020
     37.9476   -117.7381      8.9403      0.8414      0.8174      0.0000      0.0001      0.0001     89.0064     62.0914    -85.0000     -0.0007     -0.0080      0.0018
     37.9442   -117.7382      9.6631      0.8415      0.8174      0.0000      0.0002      0.0002     89.0821     62.2584    -85.0000     -0.0009     -0.0074      0.0017
     37.9407   -117.7382     10.3872      0.8416      0.8175      0.0000      0.0004      0.0004     89.1625     62.4257    -85.0000     -0.0012     -0.0059      0.0016
     37.9373   -117.7383     11.1123      0.8417      0.8175      0.0001      0.0006      0.0006     89.2477     62.5932    -85.0000     -0.0015     -0.0042      0.0015
     37.9340   -117.7383     11.8385      0.8418      0.8175      0.0001      0.0008      0.0008     89.3376     62.7609    -85.0000     -0.0017     -0.0028      0.0015
     37.9306   -117.7384     12.5659      0.8419      0.8175      0.0001      0.0010      0.0010     89.4324     62.9290    -85.0000     -0.0020     -0.0016      0.0014
     37.9273   -117.7385     13.2943      0.8420      0.8175      0.0001      0.0012      0.0012     89.5319     63.0973    -85.0000     -0.0022     -0.0005      0.0013
     37.9240   -117.7385     14.0238      0.8421      0.8175      0.0001      0.0013      0.0013     89.6363     63.2659    -85.0000     -0.0023      0.0008      0.0013
     37.9207   -117.7386     14.7544      0.8422      0.8175      0.0001      0.0015      0.0015     89.7456     63.4348    -85.0000     -0.0023      0.0024      0.0013
     37.9174   -117.7386     15.4862      0.8423      0.8175      0.0001      0.0015      0.0015     89.8598     63.6040    -85.0000     -0.0023      0.0045      0.0012
     37.9141   -117.7387     16.2189      0.8424      0.8175      0.0001      0.0015      0.0015     89.9789     63.7736    -85.0000     -0.0023      0.0074      0.0012
     37.9109   -117.7387     16.9528      0.8425      0.8175      0.0001      0.0014      0.0014     90.1030     63.9435    -85.0000     -0.0019      0.0185      0.0012
     37.9905   -117.7278      0.3546      0.8399      0.8178      0.0000      0.0000      0.0000     88.4562     60.1002      0.0000      0.0040     -0.0035      0.0061
     37.9868   -117.7278      1.0640      0.8400      0.8178      0.0000      0.0000      0.0000     88.4777     60.2596      0.0000      0.0038     -0.0032      0.0054
     37.9832   -117.7279      1.7747      0.8402      0.8178      0.0000      0.0000      0.0000     88.5036     60.4191      0.0000      0.0034     -0.0030      0.0048
     37.9795   -117.7280      2.4865      0.8403      0.8179      0.0000      0.0000      0.0000     88.5339     60.5788      0.0000      0.0030     -0.0029      0.0042
     37.9759   -117.7280      3.1994      0.8404      0.8179      0.0000      0.0000      0.0000     88.5688     60.7386      0.0000      0.0026     -0.0029      0.0037
     37.9723   -117.7281      3.9134      0.8406      0.8179      0.0000      0.0000      0.0000     88.6082     60.8986      0.0000      0.0021     -0.0030      0.0033
     37.9688   -117.7281      4.6286      0.8407      0.8179      0.0000      0.0000      0.0000     88.6521     61.0588      0.0000      0.0016     -0.0032      0.0030
     37.9652   -117.7282      5.3448      0.8408      0.8179      0.0000      0.0000      0.0000     88.7006     61.2192      0.0000      0.0012     -0.0034      0.0027
     37.9617   -117.7283      6.0622      0.8409      0.8179      0.0000      0.0000      0.0000     88.7537     61.3797      0.0000      0.0008     -0.0037      0.0024
     37.9582   -117.7283      6.7807      0.8410      0.8179      0.0000      0.0000      0.0000     88.8114     61.5404      0.0000      0.0004     -0.0041      0.0022
     37.9547   -117.7284      7.5002      0.8411      0.8179      0.0000      0.0000      0.0000     88.8737     61.7012      0.0000      0.0001     -0.0046      0.0020
     37.9512   -117.7284      8.2209      0.8413      0.8179      0.0000      0.0000      0.0000     88.9408     61.8623      0.0000     -0.0002     -0.0054      0.0019
     37.9477   -117.7285      8.9427      0.8414      0.8179      0.0000      0.0000      0.0000     89.0125     62.0236    -85.9976     -0.0005     -0.0067      0.0018
     37.9443   -117.7286      9.6655      0.8415      0.8179      0.0000      0.0001      0.0001     89.0890     62.1851    -85.0000     -0.0007     -0.0068      0.0017
     37.9409   -117.7286     10.3895      0.8416      0.8179      0.0000      0.0002      0.0002     89.1702     62.3468    -85.0000     -0.0009     -0.0058      0.0016
     37.9374   -117.7287     11.1145      0.8417      0.8179      0.0000      0.0004      0.0004     89.2562     62.5088    -85.0000     -0.0012     -0.0044      0.0015
     37.9341   -117.7287     11.8406      0.8418      0.8179      0.0001      0.0006      0.0006     89.3471     62.6710    -85.0000     -0.0014     -0.0031      0.0014
     37.9307   -117.7288     12.5677      0.8419      0.8180      0.0001      0.0008      0.0008     89.4427     62.8334    -85.0000     -0.0016     -0.0019      0.0013
     37.9273   -117.7289     13.2960      0.8420      0.8180      0.0001      0.0010      0.0010     89.5432     62.9962    -85.0000     -0.0018     -0.0007      0.0013
     37.9240   -117.7289     14.0253      0.8421      0.8180      0.0001      0.0011      0.0011     89.6486     63.1592    -85.0000     -0.0019      0.0007      0.0012
     37.9207   -117.7290     14.7556      0.8422      0.8180      0.0001      0.0013      0.0013     89.7589     63.3225    -85.0000     -0.0020      0.0025      0.0012
     37.9174   -117.7290     15.4870      0.8423      0.8180      0.0001      0.0013      0.0013     89.8742     63.4861    -85.0000     -0.0020      0.0044      0.0012
     37.9141   -117.7291     16.2195      0.8424      0.8180      0.0001      0.0013      0.0013     89.9944     63.6500    -85.0000     -0.0020      0.0065      0.0011
     37.9109   -117.7291     16.9530      0.8425      0.8180      0.0001      0.0012      0.0012     90.1196     63.8142    -85.0000     -0.0019      0.0146      0.0011
     37.9907   -117.7182      0.3548      0.8399      0.8183      0.0000      0.0000      0.0000     88.4562     60.0972      0.0000      0.0036     -0.0031      0.0054
     37.9870   -117.7182      1.0646      0.8400      0.8183      0.0000      0.0000      0.0000     88.4775     60.2513      0.0000      0.0034     -0.0028      0.0049
     37.9833   -117.7183      1.7756      0.8402      0.8183      0.0000      0.0000      0.0000     88.5032     60.4055      0.0000      0.0031     -0.0027      0.0044
     37.9797   -117.7184      2.4877      0.8403      0.8183      0.0000      0.0000      0.0000     88.5333     60.5599      0.0000      0.0027     -0.0026      0.0039
     37.9761   -117.7184      3.2009      0.8404      0.8183      0.0000      0.0000      0.0000     88.5679     60.7144      0.0000      0.0023     -0.0026      0.0035
     37.9725   -117.7185      3.9152      0.8406      0.8184      0.0000      0.0000      0.0000     88.6069     60.8690      0.0000      0.0019     -0.0026      0.0031
     37.9689   -117.7186      4.6305      0.8407      0.8184      0.0000      0.0000      0.0000     88.6505     61.0238      0.0000      0.0015     -0.0028      0.0028
     37.9654   -117.7186      5.3469      0.8408      0.8184      0.0000      0.0000      0.0000     88.6986     61.1788      0.0000      0.0012     -0.0029      0.0025
     37.9618   -117.7187      6.0644      0.8409      0.8184      0.0000      0.0000      0.0000     88.7512     61.3339      0.0000      0.0008     -0.0031      0.0023
     37.9583   -117.7187      6.7830      0.8410      0.8184      0.0000      0.0000      0.0000     88.8084     61.4891      0.0000      0.0005     -0.0034      0.0021
     37.9548   -117.7188      7.5027      0.8411      0.8184      0.0000      0.0000      0.0000     88.8702     61.6446      0.0000      0.0002     -0.0038      0.0020
     37.9513   -117.7189      8.2234      0.8413      0.8184      0.0000      0.0000      0.0000     88.9366     61.8002      0.0000     -0.0001     -0.0043      0.0018
     37.9478   -117.7189      8.9451      0.8414      0.8184      0.0000      0.0000      0.0000     89.0077     61.9560    -85.0000     -0.0003     -0.0053      0.0017
     37.9444   -117.7190      9.6679      0.8415      0.8184      0.0000      0.0000      0.0000     89.0835     62.1120    -85.0000     -0.0005     -0.0060      0.0016
     37.9410   -117.7190     10.3918      0.8416      0.8184      0.0000      0.0001      0.0001     89.1640     62.2682    -85.0000     -0.0007     -0.0056      0.0015
     37.9375   -117.7191     11.1167      0.8417      0.8184      0.0000      0.0003      0.0003     89.2491     62.4246    -85.0000     -0.0010     -0.0046      0.0014
     37.9341   -117.7191     11.8427      0.8418      0.8184      0.0000      0.0005      0.0005     89.3391     62.5813    -85.0000     -0.0012     -0.0034      0.0013
     37.9308   -117.7192     12.5696      0.8419      0.8184      0.0001      0.0006      0.0006     89.4338     62.7382    -85.0000     -0.0014     -0.0021      0.0013
     37.9274   -117.7193     13.2977      0.8420      0.8184      0.0001      0.0008      0.0008     89.5333     62.8953    -85.0000     -0.0015     -0.0009      0.0012
     37.9241   -117.7193     14.0267      0.8421      0.8184      0.0001      0.0010      0.0010     89.6377     63.0528    -85.0000     -0.0016      0.0007      0.0012
     37.9207   -117.7194     14.7568      0.8422      0.8185      0.0001      0.0011      0.0011     89.7469     63.2104    -85.0000     -0.0017      0.0025      0.0011
     37.9174   -117.7194     15.4879      0.8423      0.8185      0.0001      0.0012      0.0012     89.8610     63.3684    -85.0000     -0.0017      0.0044      0.0011
     37.9141   -117.7195     16.2200      0.8424      0.8185      0.0001      0.0011      0.0011     89.9799     63.5267    -85.0000     -0.0018      0.0055      0.0011
     37.9109   -117.7195     16.9532      0.8425      0.8185      0.0001      0.0009      0.0009     90.1038     63.6853    -85.0000     -0.0020      0.0096      0.0011
     37.9908   -117.7091      0.3549      0.7559      0.8188      0.0000      0.0000      0.0000     88.4565     60.0945      0.0000      0.0032     -0.0028      0.0049
     37.9872   -117.7091      1.0652      0.7560      0.8188      0.0000      0.0000      0.0000     88.4780     60.2435      0.0000      0.0030     -0.0026      0.0044
     37.9835   -117.7092      1.7765      0.7562      0.8188      0.0000      0.0000      0.0000     88.5038     60.3927      0.0000      0.0027     -0.0024      0.0040
     37.9799   -117.7093      2.4889      0.7563      0.8188      0.0000      0.0000      0.0000     88.5342     60.5420      0.0000      0.0025     -0.0023      0.0036
     37.9763   -117.7093      3.2023      0.7564      0.8188      0.0000      0.0000      0.0000     88.5689     60.6914      0.0000      0.0021     -0.0023      0.0032
     37.9727   -117.7094      3.9168      0.7565      0.8188      0.0000      0.0000      0.0000     88.6082     60.8410      0.0000      0.0018     -0.0023      0.0029
     37.9691   -117.7094      4.6324      0.7566      0.8188      0.0000      0.0000      0.0000     88.6520     60.9907      0.0000      0.0014     -0.0024      0.0026
     37.9655   -117.7095      5.3490      0.7567      0.8188      0.0000      0.0000      0.0000     88.7004     61.1405      0.0000      0.0011     -0.0025      0.0024
     37.9620   -117.7096      6.0666      0.7568      0.8188      0.0000      0.0000      0.0000     88.7533     61.2904      0.0000      0.0008     -0.0027      0.0022
     37.9585   -117.7096      6.7853      0.7569      0.8189      0.0000      0.0000      0.0000     88.8108     61.4406      0.0000      0.0005     -0.0029      0.0020
     37.9549   -117.7097      7.5050      0.7570      0.8189      0.0000      0.0000      0.0000     88.8729     61.5908      0.0000      0.0002     -0.0032      0.0019
     37.9515   -117.7097      8.2257      0.7571      0.8189      0.0000      0.0000      0.0000     88.9397     61.7413      0.0000     -0.0000     -0.0035      0.0017
     37.9480   -117.7098      8.9474      0.7572      0.8189      0.0000      0.0000      0.0000     89.0112     61.8919      0.0000     -0.0002     -0.0042      0.0016
     37.9445   -117.7099      9.6702      0.7573      0.8189      0.0000      0.0000      0.0000     89.0873     62.0427    -85.0596     -0.0004     -0.0051      0.0015
     37.9411   -117.7099     10.3940      0.7574      0.8189      0.0000      0.0001      0.0001     89.1682     62.1937    -85.0000     -0.0006     -0.0052      0.0014
     37.9376   -117.7100     11.1188      0.7575      0.8189      0.0000      0.0002      0.0002     89.2537     62.3449    -85.0000     -0.0008     -0.0046      0.0014
     37.9342   -117.7100     11.8446      0.7576      0.8189      0.0000      0.0003      0.0003     89.3441     62.4963    -85.0000     -0.0010     -0.0036      0.0013
     37.9308   -117.7101     12.5715      0.7577      0.8189      0.0000      0.0005      0.0005     89.4393     62.6479    -85.0000     -0.0011     -0.0024      0.0012
     37.9275   -117.7101     13.2993      0.7578      0.8189      0.0001      0.0006      0.0006     89.5392     62.7998    -85.0000     -0.0013     -0.0011      0.0012
     37.9241   -117.7102     14.0281      0.7579      0.8189      0.0001      0.0008      0.0008     89.6440     62.9519    -85.0000     -0.0014      0.0004      0.0011
     37.9208   -117.7102     14.7579      0.7580      0.8189      0.0001      0.0009      0.0009     89.7537     63.1043    -85.0000     -0.0014      0.0022      0.0011
     37.9174   -117.7103     15.4888      0.7581      0.8189      0.0001      0.0010      0.0010     89.8682     63.2570    -85.0000     -0.0015      0.0040      0.0011
     37.9141   -117.7104     16.2206      0.7582      0.8189      0.0001      0.0010      0.0010     89.9876     63.4100    -85.0000     -0.0017      0.0054      0.0010
     37.9108   -117.7104     16.9534      0.7583      0.8189      0.0001      0.0007      0.0007     90.1120     63.5632    -85.0000     -0.0022      0.0042      0.0010
     37.9910   -117.7000      0.3551      0.8399      0.8192      0.0000      0.0000      0.0000     88.4563     60.0917      0.0000      0.0028     -0.0025      0.0044
     37.9874   -117.7000      1.0657      0.8400      0.8192      0.0000      0.0000      0.0000     88.4778     60.2357      0.0000      0.0027     -0.0023      0.0040
     37.9837   -117.7001      1.7774      0.8402      0.8193      0.0000      0.0000      0.0000     88.5038     60.3798      0.0000      0.0025     -0.0022      0.0037
     37.9801   -117.7002      2.4901      0.8403      0.8193      0.0000      0.0000      0.0000     88.5342     60.5241      0.0000      0.0022     -0.0021      0.0033
     37.9765   -117.7002      3.2038      0.8404      0.8193      0.0000      0.0000      0.0000     88.5691     60.6684      0.0000      0.0019     -0.0021      0.0030
     37.9729   -117.7003      3.9185      0.8406      0.8193      0.0000      0.0000      0.0000     88.6085     60.8128      0.0000      0.0017     -0.0021      0.0027
     37.9693   -117.7003      4.6342      0.8407      0.8193      0.0000      0.0000      0.0000     88.6524     60.9574      0.0000      0.0014     -0.0021      0.0025
     37.9657   -117.7004      5.3510      0.8408      0.8193      0.0000      0.0000      0.0000     88.7009     61.1021      0.0000      0.0011     -0.0022      0.0023
     37.9622   -117.7005      6.0688      0.8409      0.8193      0.0000      0.0000      0.0000     88.7539     61.2469      0.0000      0.0008     -0.0023      0.0021
     37.9586   -117.7005      6.7875      0.8410      0.8193      0.0000      0.0000      0.0000     88.8116     61.3919      0.0000      0.0005     -0.0025      0.0019
     37.9551   -117.7006      7.5073      0.8411      0.8193      0.0000      0.0000      0.0000     88.8739     61.5370      0.0000      0.0003     -0.0027      0.0018
     37.9516   -117.7006      8.2280      0.8412      0.8193      0.0000      0.0000      0.0000     88.9408     61.6822      0.0000      0.0001     -0.0030      0.0017
     37.9481   -117.7007      8.9498      0.8413      0.8193      0.0000      0.0000      0.0000     89.0124     61.8276      0.0000     -0.0001     -0.0034      0.0016
     37.9446   -117.7007      9.6725      0.8415      0.8193      0.0000      0.0000      0.0000     89.0887     61.9732    -85.0000     -0.0003     -0.0041      0.0015
     37.9412   -117.7008     10.3962      0.8416      0.8194      0.0000      0.0000      0.0000     89.1697     62.1190    -85.0000     -0.0005     -0.0048      0.0014
     37.9377   -117.7008     11.1209      0.8417      0.8194      0.0000      0.0001      0.0001     89.2554     62.2650    -85.0000     -0.0007     -0.0046      0.0013
     37.9343   -117.7009     11.8466      0.8418      0.8194      0.0000      0.0002      0.0002     89.3460     62.4111    -85.0000     -0.0008     -0.0038      0.0012
     37.9309   -117.7010     12.5733      0.8419      0.8194      0.0000      0.0004      0.0004     89.4412     62.5575    -85.0000     -0.0010     -0.0027      0.0012
     37.9275   -117.7010     13.3009      0.8420      0.8194      0.0000      0.0005      0.0005     89.5414     62.7041    -85.0000     -0.0011     -0.0014      0.0011
     37.9241   -117.7011     14.0295      0.8421      0.8194      0.0001      0.0007      0.0007     89.6463     62.8509    -85.0000     -0.0012      0.0001      0.0011
     37.9208   -117.7011     14.7591      0.8422      0.8194      0.0001      0.0008      0.0008     89.7561     62.9980    -85.0000     -0.0013      0.0016      0.0010
     37.9175   -117.7012     15.4896      0.8423      0.8194      0.0001      0.0008      0.0008     89.8708     63.1454    -85.0000     -0.0015      0.0028      0.0010
     37.9141   -117.7012     16.2211      0.8424      0.8194      0.0001      0.0008      0.0008     89.9903     63.2930    -85.0000     -0.0018      0.0031      0.0010
     37.9108   -117.7013     16.9535      0.8425      0.8194      0.0001      0.0007      0.0007     90.1148     63.4409    -85.0000     -0.0016      0.0070      0.0010
     37.9912   -117.6904      0.3553      0.8399      0.8197      0.0000      0.0000      0.0000     88.4562     60.0888      0.0000      0.0025     -0.0023      0.0040
     37.9876   -117.6905      1.0663      0.8400      0.8197      0.0000      0.0000      0.0000     88.4776     60.2276      0.0000      0.0024     -0.0021      0.0037
     37.9839   -117.6905      1.7783      0.8402      0.8197      0.0000      0.0000      0.0000     88.5033     60.3664      0.0000      0.0022     -0.0020      0.0033
     37.9803   -117.6906      2.4913      0.8403      0.8198      0.0000      0.0000      0.0000     88.5335     60.5053      0.0000      0.0020     -0.0019      0.0030
     37.9767   -117.6906      3.2053      0.8404      0.8198      0.0000      0.0000      0.0000     88.5681     60.6443      0.0000      0.0018     -0.0019      0.0028
     37.9730   -117.6907      3.9203      0.8405      0.8198      0.0000      0.0000      0.0000     88.6072     60.7834      0.0000      0.0015     -0.0019      0.0025
     37.9695   -117.6907      4.6362      0.8407      0.8198      0.0000      0.0000      0.0000     88.6508     60.9226      0.0000      0.0013     -0.0019      0.0023
     37.9659   -117.6908      5.3531      0.8408      0.8198      0.0000      0.0000      0.0000     88.6988     61.0619      0.0000      0.0010     -0.0019      0.0021
     37.9623   -117.6909      6.0710      0.8409      0.8198      0.0000      0.0000      0.0000     88.7514     61.2014      0.0000      0.0008     -0.0020      0.0020
     37.9588   -117.6909      6.7899      0.8410      0.8198      0.0000      0.0000      0.0000     88.8085     61.3409      0.0000      0.0005     -0.0022      0.0018
     37.9552   -117.6910      7.5097      0.8411      0.8198      0.0000      0.0000      0.0000     88.8702     61.4806      0.0000      0.0003     -0.0023      0.0017
     37.9517   -117.6910      8.2305      0.8412      0.8198      0.0000      0.0000      0.0000     88.9366     61.6205      0.0000      0.0001     -0.0025      0.0016
     37.9482   -117.6911      8.9522      0.8413      0.8198      0.0000      0.0000      0.0000     89.0075     61.7604      0.0000     -0.0001     -0.0028      0.0015
     37.9447   -117.6911      9.6749      0.8415      0.8198      0.0000      0.0000      0.0000     89.0830     61.9006      0.0000     -0.0002     -0.0032      0.0014
     37.9413   -117.6912     10.3986      0.8416      0.8198      0.0000      0.0000      0.0000     89.1633     62.0409    -85.0000     -0.0004     -0.0041      0.0013
     37.9378   -117.6913     11.1232      0.8417      0.8198      0.0000      0.0000      0.0000     89.2482     62.1813    -85.0000     -0.0005     -0.0042      0.0013
     37.9344   -117.6913     11.8487      0.8418      0.8199      0.0000      0.0001      0.0001     89.3378     62.3220    -85.0000     -0.0007     -0.0037      0.0012
     37.9310   -117.6914     12.5752      0.8419      0.8199      0.0000      0.0003      0.0003     89.4321     62.4629    -85.0000     -0.0008     -0.0028      0.0011
     37.9276   -117.6914     13.3026      0.8420      0.8199      0.0000      0.0004      0.0004     89.5312     62.6040    -85.0000     -0.0009     -0.0015      0.0011
     37.9242   -117.6915     14.0310      0.8421      0.8199      0.0000      0.0005      0.0005     89.6351     62.7453    -85.0000     -0.0010     -0.0002      0.0010
     37.9208   -117.6915     14.7603      0.8422      0.8199      0.0001      0.0006      0.0006     89.7438     62.8868    -85.0000     -0.0012      0.0011      0.0010
     37.9175   -117.6916     15.4905      0.8423      0.8199      0.0001      0.0007      0.0007     89.8572     63.0286    -85.0000     -0.0013      0.0020      0.0010
     37.9141   -117.6916     16.2217      0.8424      0.8199      0.0001      0.0007      0.0007     89.9756     63.1706    -85.0000     -0.0015      0.0028      0.0009
     37.9108   -117.6917     16.9537      0.8425      0.8199      0.0001      0.0007      0.0007     90.0987     63.3130    -85.0000     -0.0012      0.0080      0.0009
     37.9914   -117.6808      0.3555      0.8399      0.8202      0.0000      0.0000      0.0000     88.4564     60.0859      0.0000      0.0022     -0.0021      0.0036
     37.9878   -117.6809      1.0669      0.8400      0.8202      0.0000      0.0000      0.0000     88.4781     60.2194      0.0000      0.0021     -0.0019      0.0033
     37.9841   -117.6809      1.7793      0.8402      0.8202      0.0000      0.0000      0.0000     88.5044     60.3528      0.0000      0.0020     -0.0018      0.0031
     37.9805   -117.6810      2.4926      0.8403      0.8203      0.0000      0.0000      0.0000     88.5351     60.4864      0.0000      0.0018     -0.0017      0.0028
     37.9768   -117.6810      3.2068      0.8404      0.8203      0.0000      0.0000      0.0000     88.5704     60.6201      0.0000      0.0016     -0.0017      0.0026
     37.9732   -117.6811      3.9221      0.8405      0.8203      0.0000      0.0000      0.0000     88.6101     60.7538      0.0000      0.0014     -0.0017      0.0024
     37.9696   -117.6812      4.6382      0.8407      0.8203      0.0000      0.0000      0.0000     88.6545     60.8876      0.0000      0.0012     -0.0017      0.0022
     37.9660   -117.6812      5.3553      0.8408      0.8203      0.0000      0.0000      0.0000     88.7034     61.0216      0.0000      0.0010     -0.0017      0.0020
     37.9625   -117.6813      6.0733      0.8409      0.8203      0.0000      0.0000      0.0000     88.7569     61.1556      0.0000      0.0008     -0.0018      0.0019
     37.9589   -117.6813      6.7923      0.8410      0.8203      0.0000      0.0000      0.0000     88.8150     61.2897      0.0000      0.0005     -0.0019      0.0017
     37.9554   -117.6814      7.5122      0.8411      0.8203      0.0000      0.0000      0.0000     88.8778     61.4240      0.0000      0.0004     -0.0020      0.0016
     37.9519   -117.6814      8.2330      0.8412      0.8203      0.0000      0.0000      0.0000     88.9452     61.5584      0.0000      0.0002     -0.0021      0.0015
     37.9484   -117.6815      8.9547      0.8413      0.8203      0.0000      0.0000      0.0000     89.0173     61.6929      0.0000      0.0000     -0.0023      0.0014
     37.9449   -117.6815      9.6774      0.8414      0.8203      0.0000      0.0000      0.0000     89.0942     61.8276      0.0000     -0.0001     -0.0026      0.0013
     37.9414   -117.6816     10.4009      0.8416      0.8203      0.0000      0.0000      0.0000     89.1758     61.9624    -85.0000     -0.0003     -0.0032      0.0013
     37.9379   -117.6817     11.1254      0.8417      0.8203      0.0000      0.0000      0.0000     89.2621     62.0973    -85.0000     -0.0004     -0.0037      0.0012
     37.9345   -117.6817     11.8508      0.8418      0.8203      0.0000      0.0001      0.0001     89.3532     62.2325    -85.0000     -0.0005     -0.0036      0.0011
     37.9311   -117.6818     12.5771      0.8419      0.8204      0.0000      0.0002      0.0002     89.4491     62.3678    -85.0000     -0.0007     -0.0028      0.0011
     37.9276   -117.6818     13.3044      0.8420      0.8204      0.0000      0.0003      0.0003     89.5498     62.5034    -85.0000     -0.0008     -0.0017      0.0010
     37.9242   -117.6819     14.0325      0.8421      0.8204      0.0000      0.0004      0.0004     89.6554     62.6391    -85.0000     -0.0009     -0.0005      0.0010
     37.9209   -117.6819     14.7615      0.8422      0.8204      0.0000      0.0005      0.0005     89.7658     62.7751    -85.0000     -0.0010      0.0007      0.0009
     37.9175   -117.6820     15.4914      0.8423      0.8204      0.0001      0.0006      0.0006     89.8811     62.9113    -85.0000     -0.0011      0.0018      0.0009
     37.9141   -117.6820     16.2222      0.8424      0.8204      0.0001      0.0006      0.0006     90.0013     63.0478    -85.0000     -0.0012      0.0031      0.0009
     37.9108   -117.6821     16.9539      0.8425      0.8204      0.0001      0.0006      0.0006     90.1264     63.1846    -85.0000     -0.0010      0.0080      0.0009
     37.9917   -117.6712      0.3558      0.8399      0.8207      0.0000      0.0000      0.0000     88.4563     60.0830      0.0000      0.0020     -0.0019      0.0033
     37.9880   -117.6713      1.0675      0.8400      0.8207      0.0000      0.0000      0.0000     88.4779     60.2111      0.0000      0.0019     -0.0017      0.0030
     37.9843   -117.6714      1.7802      0.8402      0.8207      0.0000      0.0000      0.0000     88.5039     60.3393      0.0000      0.0018     -0.0016      0.0028
     37.9807   -117.6714      2.4939      0.8403      0.8208      0.0000      0.0000      0.0000     88.5344     60.4675      0.0000      0.0016     -0.0016      0.0026
     37.9770   -117.6715      3.2084      0.8404      0.8208      0.0000      0.0000      0.0000     88.5694     60.5958      0.0000      0.0015     -0.0015      0.0024
     37.9734   -117.6715      3.9239      0.8405      0.8208      0.0000      0.0000      0.0000     88.6088     60.7242      0.0000      0.0013     -0.0015      0.0022
     37.9698   -117.6716      4.6402      0.8407      0.8208      0.0000      0.0000      0.0000     88.6528     60.8527      0.0000      0.0011     -0.0015      0.0020
     37.9662   -117.6716      5.3575      0.8408      0.8208      0.0000      0.0000      0.0000     88.7013     60.9812      0.0000      0.0009     -0.0015      0.0019
     37.9626   -117.6717      6.0756      0.8409      0.8208      0.0000      0.0000      0.0000     88.7543     61.1098      0.0000      0.0007     -0.0016      0.0018
     37.9591   -117.6717      6.7947      0.8410      0.8208      0.0000      0.0000      0.0000     88.8119     61.2385      0.0000      0.0005     -0.0016      0.0016
     37.9555   -117.6718      7.5146      0.8411      0.8208      0.0000      0.0000      0.0000     88.8741     61.3674      0.0000      0.0004     -0.0017      0.0015
     37.9520   -117.6718      8.2355      0.8412      0.8208      0.0000      0.0000      0.0000     88.9409     61.4963      0.0000      0.0002     -0.0018      0.0014
     37.9485   -117.6719      8.9572      0.8413      0.8208      0.0000      0.0000      0.0000     89.0124     61.6254      0.0000      0.0001     -0.0020      0.0014
     37.9450   -117.6720      9.6798      0.8414      0.8208      0.0000      0.0000      0.0000     89.0885     61.7546      0.0000     -0.0001     -0.0022      0.0013
     37.9415   -117.6720     10.4033      0.8416      0.8208      0.0000      0.0000      0.0000     89.1693     61.8839      0.0000     -0.0002     -0.0025      0.0012
     37.9380   -117.6721     11.1277      0.8417      0.8208      0.0000      0.0000      0.0000     89.2548     62.0134    -85.0000     -0.0003     -0.0032      0.0012
     37.9346   -117.6721     11.8530      0.8418      0.8208      0.0000      0.0000      0.0000     89.3450     62.1430    -85.0000     -0.0004     -0.0033      0.0011
     37.9311   -117.6722     12.5791      0.8419      0.8208      0.0000      0.0001      0.0001     89.4399     62.2728    -85.0000     -0.0006     -0.0029      0.0010
     37.9277   -117.6722     13.3061      0.8420      0.8208      0.0000      0.0002      0.0002     89.5396     62.4028    -85.0000     -0.0007     -0.0019      0.0010
     37.9243   -117.6723     14.0340      0.8421      0.8209      0.0000      0.0003      0.0003     89.6441     62.5330    -85.0000     -0.0008     -0.0008      0.0009
     37.9209   -117.6723     14.7627      0.8422      0.8209      0.0000      0.0004      0.0004     89.7534     62.6634    -85.0000     -0.0009      0.0005      0.0009
     37.9175   -117.6724     15.4923      0.8423      0.8209      0.0000      0.0005      0.0005     89.8675     62.7941    -85.0000     -0.0009      0.0018      0.0009
     37.9141   -117.6724     16.2228      0.8424      0.8209      0.0000      0.0006      0.0006     89.9864     62.9250    -85.0000     -0.0010      0.0031      0.0008
     37.9108   -117.6725     16.9541      0.8425      0.8209      0.0000      0.0005      0.0005     90.1102     63.0561    -85.0000     -0.0009      0.0073      0.0008
     37.9919   -117.6617      0.3560      0.8399      0.8212      0.0000      0.0000      0.0000     88.4562     60.0802      0.0000      0.0018     -0.0017      0.0030
     37.9882   -117.6617      1.0681      0.8400      0.8212      0.0000      0.0000      0.0000     88.4777     60.2030      0.0000      0.0017     -0.0016      0.0028
     37.9845   -117.6618      1.7812      0.8402      0.8212      0.0000      0.0000      0.0000     88.5035     60.3259      0.0000      0.0016     -0.0015      0.0026
     37.9809   -117.6618      2.4951      0.8403      0.8212      0.0000      0.0000      0.0000     88.5337     60.4488      0.0000      0.0015     -0.0014      0.0024
     37.9772   -117.6619      3.2099      0.8404      0.8213      0.0000      0.0000      0.0000     88.5684     60.5718      0.0000      0.0013     -0.0014      0.0022
     37.9736   -117.6619      3.9256      0.8405      0.8213      0.0000      0.0000      0.0000     88.6075     60.6949      0.0000      0.0012     -0.0013      0.0021
     37.9700   -117.6620      4.6422      0.8407      0.8213      0.0000      0.0000      0.0000     88.6511     60.8180      0.0000      0.0010     -0.0013      0.0019
     37.9664   -117.6620      5.3596      0.8408      0.8213      0.0000      0.0000      0.0000     88.6991     60.9412      0.0000      0.0009     -0.0014      0.0018
     37.9628   -117.6621      6.0779      0.8409      0.8213      0.0000      0.0000      0.0000     88.7517     61.0645      0.0000      0.0007     -0.0014      0.0017
     37.9592   -117.6621      6.7971      0.8410      0.8213      0.0000      0.0000      0.0000     88.8087     61.1879      0.0000      0.0005     -0.0014      0.0016
     37.9557   -117.6622      7.5171      0.8411      0.8213      0.0000      0.0000      0.0000     88.8704     61.3114      0.0000      0.0004     -0.0015      0.0015
     37.9521   -117.6623      8.2380      0.8412      0.8213      0.0000      0.0000      0.0000     88.9365     61.4349      0.0000      0.0002     -0.0016      0.0014
     37.9486   -117.6623      8.9597      0.8413      0.8213      0.0000      0.0000      0.0000     89.0073     61.5586      0.0000      0.0001     -0.0017      0.0013
     37.9451   -117.6624      9.6823      0.8414      0.8213      0.0000      0.0000      0.0000     89.0827     61.6824      0.0000     -0.0000     -0.0018      0.0012
     37.9416   -117.6624     10.4057      0.8416      0.8213      0.0000      0.0000      0.0000     89.1627     61.8063      0.0000     -0.0002     -0.0020      0.0012
     37.9381   -117.6625     11.1300      0.8417      0.8213      0.0000      0.0000      0.0000     89.2473     61.9303      0.0000     -0.0003     -0.0025      0.0011
     37.9347   -117.6625     11.8551      0.8418      0.8213      0.0000      0.0000      0.0000     89.3366     62.0545    -85.0000     -0.0004     -0.0030      0.0010
     37.9312   -117.6626     12.5810      0.8419      0.8213      0.0000      0.0001      0.0001     89.4306     62.1789    -85.0000     -0.0005     -0.0028      0.0010
     37.9278   -117.6626     13.3078      0.8420      0.8213      0.0000      0.0001      0.0001     89.5292     62.3034    -85.0000     -0.0006     -0.0021      0.0009
     37.9243   -117.6627     14.0355      0.8421      0.8213      0.0000      0.0002      0.0002     89.6326     62.4281    -85.0000     -0.0006     -0.0010      0.0009
     37.9209   -117.6627     14.7639      0.8422      0.8213      0.0000      0.0004      0.0004     89.7407     62.5530    -85.0000     -0.0007      0.0004      0.0009
     37.9175   -117.6628     15.4932      0.8423      0.8213      0.0000      0.0004      0.0004     89.8536     62.6782    -85.0000     -0.0007      0.0017      0.0008
     37.9141   -117.6628     16.2234      0.8424      0.8214      0.0000      0.0005      0.0005     89.9713     62.8035    -85.0000     -0.0008      0.0028      0.0008
     37.9108   -117.6629     16.9543      0.8425      0.8214      0.0000      0.0004      0.0004     90.0938     62.9291    -85.0000     -0.0008      0.0059      0.0008
     37.9921   -117.6521      0.3562      0.8399      0.8217      0.0000      0.0000      0.0000     88.4564     60.0773      0.0000      0.0016     -0.0016      0.0027
     37.9884   -117.6521      1.0687      0.8400      0.8217      0.0000      0.0000      0.0000     88.4782     60.1948      0.0000      0.0016     -0.0014      0.0025
     37.9847   -117.6522      1.7821      0.8402      0.8217      0.0000      0.0000      0.0000     88.5046     60.3124      0.0000      0.0015     -0.0014      0.0024
     37.9811   -117.6522      2.4964      0.8403      0.8217      0.0000      0.0000      0.0000     88.5354     60.4301      0.0000      0.0014     -0.0013      0.0022
     37.9774   -117.6523      3.2115      0.8404      0.8217      0.0000      0.0000      0.0000     88.5706     60.5478      0.0000      0.0012     -0.0012      0.0021
     37.9738   -117.6523      3.9274      0.8405      0.8218      0.0000      0.0000      0.0000     88.6105     60.6655      0.0000      0.0011     -0.0012      0.0019
     37.9702   -117.6524      4.6442      0.8406      0.8218      0.0000      0.0000      0.0000     88.6548     60.7833      0.0000      0.0010     -0.0012      0.0018
     37.9666   -117.6525      5.3618      0.8408      0.8218      0.0000      0.0000      0.0000     88.7037     60.9011      0.0000      0.0008     -0.0012      0.0017
     37.9630   -117.6525      6.0802      0.8409      0.8218      0.0000      0.0000      0.0000     88.7572     61.0190      0.0000      0.0007     -0.0012      0.0016
     37.9594   -117.6526      6.7995      0.8410      0.8218      0.0000      0.0000      0.0000     88.8153     61.1370      0.0000      0.0005     -0.0013      0.0015
     37.9558   -117.6526      7.5196      0.8411      0.8218      0.0000      0.0000      0.0000     88.8780     61.2551      0.0000      0.0004     -0.0013      0.0014
     37.9523   -117.6527      8.2405      0.8412      0.8218      0.0000      0.0000      0.0000     88.9453     61.3732      0.0000      0.0002     -0.0014      0.0013
     37.9487   -117.6527      8.9622      0.8413      0.8218      0.0000      0.0000      0.0000     89.0173     61.4915      0.0000      0.0001     -0.0015      0.0012
     37.9452   -117.6528      9.6847      0.8414      0.8218      0.0000      0.0000      0.0000     89.0939     61.6098      0.0000      0.0000     -0.0016      0.0012
     37.9417   -117.6528     10.4081      0.8415      0.8218      0.0000      0.0000      0.0000     89.1752     61.7283      0.0000     -0.0001     -0.0017      0.0011
     37.9382   -117.6529     11.1322      0.8416      0.8218      0.0000      0.0000      0.0000     89.2613     61.8469      0.0000     -0.0002     -0.0020      0.0011
     37.9347   -117.6529     11.8572      0.8418      0.8218      0.0000      0.0000      0.0000     89.3521     61.9656    -85.0000     -0.0003     -0.0025      0.0010
     37.9313   -117.6530     12.5830      0.8419      0.8218      0.0000      0.0000      0.0000     89.4476     62.0845    -85.0000     -0.0004     -0.0026      0.0010
     37.9278   -117.6530     13.3096      0.8420      0.8218      0.0000      0.0001      0.0001     89.5479     62.2035    -85.0000     -0.0005     -0.0021      0.0009
     37.9244   -117.6531     14.0370      0.8421      0.8218      0.0000      0.0002      0.0002     89.6530     62.3228    -85.0000     -0.0005     -0.0011      0.0009
     37.9210   -117.6531     14.7652      0.8422      0.8218      0.0000      0.0003      0.0003     89.7629     62.4422    -85.0000     -0.0006      0.0002      0.0008
     37.9175   -117.6532     15.4941      0.8423      0.8218      0.0000      0.0004      0.0004     89.8776     62.5618    -85.0000     -0.0006      0.0015      0.0008
     37.9141   -117.6532     16.2239      0.8424      0.8218      0.0000      0.0004      0.0004     89.9971     62.6816    -85.0000     -0.0007      0.0024      0.0008
     37.9108   -117.6533     16.9545      0.8425      0.8218      0.0000      0.0003      0.0003     90.1216     62.8017    -85.0000     -0.0009      0.0039      0.0007
     37.9923   -117.6430      0.3564      0.7559      0.8222      0.0000      0.0000      0.0000     88.4566     60.0745      0.0000      0.0015     -0.0014      0.0025
     37.9886   -117.6430      1.0692      0.7560      0.8222      0.0000      0.0000      0.0000     88.4782     60.1871      0.0000      0.0014     -0.0013      0.0024
     37.9849   -117.6431      1.7830      0.7561      0.8222      0.0000      0.0000      0.0000     88.5043     60.2996      0.0000      0.0013     -0.0013      0.0022
     37.9812   -117.6431      2.4976      0.7563      0.8222      0.0000      0.0000      0.0000     88.5348     60.4122      0.0000      0.0012     -0.0012      0.0021
     37.9776   -117.6432      3.2130      0.7564      0.8222      0.0000      0.0000      0.0000     88.5697     60.5249      0.0000      0.0011     -0.0011      0.0019
     37.9740   -117.6432      3.9291      0.7565      0.8222      0.0000      0.0000      0.0000     88.6091     60.6375      0.0000      0.0010     -0.0011      0.0018
     37.9703   -117.6433      4.6461      0.7566      0.8222      0.0000      0.0000      0.0000     88.6530     60.7502      0.0000      0.0009     -0.0011      0.0017
     37.9667   -117.6433      5.3639      0.7567      0.8222      0.0000      0.0000      0.0000     88.7014     60.8630      0.0000      0.0008     -0.0011      0.0016
     37.9631   -117.6434      6.0824      0.7568      0.8223      0.0000      0.0000      0.0000     88.7543     60.9758      0.0000      0.0006     -0.0011      0.0015
     37.9595   -117.6434      6.8018      0.7569      0.8223      0.0000      0.0000      0.0000     88.8117     61.0887      0.0000      0.0005     -0.0011      0.0014
     37.9560   -117.6435      7.5219      0.7570      0.8223      0.0000      0.0000      0.0000     88.8737     61.2016      0.0000      0.0004     -0.0012      0.0013
     37.9524   -117.6435      8.2429      0.7571      0.8223      0.0000      0.0000      0.0000     88.9403     61.3146      0.0000      0.0003     -0.0012      0.0012
     37.9489   -117.6436      8.9646      0.7572      0.8223      0.0000      0.0000      0.0000     89.0115     61.4278      0.0000      0.0001     -0.0013      0.0012
     37.9453   -117.6436      9.6871      0.7573      0.8223      0.0000      0.0000      0.0000     89.0873     61.5410      0.0000      0.0000     -0.0014      0.0011
     37.9418   -117.6437     10.4103      0.7574      0.8223      0.0000      0.0000      0.0000     89.1677     61.6543      0.0000     -0.0001     -0.0015      0.0011
     37.9383   -117.6438     11.1344      0.7575      0.8223      0.0000      0.0000      0.0000     89.2527     61.7677      0.0000     -0.0002     -0.0016      0.0010
     37.9348   -117.6438     11.8592      0.7576      0.8223      0.0000      0.0000      0.0000     89.3424     61.8812      0.0000     -0.0002     -0.0020      0.0010
     37.9313   -117.6439     12.5849      0.7577      0.8223      0.0000      0.0000      0.0000     89.4368     61.9949    -85.0000     -0.0003     -0.0024      0.0009
     37.9279   -117.6439     13.3112      0.7578      0.8223      0.0000      0.0001      0.0001     89.5359     62.1088    -85.0000     -0.0004     -0.0021      0.0009
     37.9244   -117.6439     14.0384      0.7579      0.8223      0.0000      0.0001      0.0001     89.6397     62.2228    -85.0000     -0.0004     -0.0012      0.0008
     37.9210   -117.6440     14.7663      0.7580      0.8223      0.0000      0.0002      0.0002     89.7483     62.3369    -85.0000     -0.0005     -0.0001      0.0008
     37.9176   -117.6440     15.4950      0.7581      0.8223      0.0000      0.0003      0.0003     89.8616     62.4513    -85.0000     -0.0005      0.0012      0.0008
     37.9141   -117.6441     16.2245      0.7582      0.8223      0.0000      0.0003      0.0003     89.9797     62.5659    -85.0000     -0.0007      0.0021      0.0007
     37.9107   -117.6441     16.9547      0.7583      0.8223      0.0000      0.0002      0.0002     90.1025     62.6807    -85.0000     -0.0009      0.0017      0.0007
     37.9924   -117.6339      0.3565      0.8399      0.8227      0.0000      0.0000      0.0000     88.4564     60.0718      0.0000      0.0013     -0.0013      0.0023
     37.9888   -117.6339      1.0698      0.8400      0.8227      0.0000      0.0000      0.0000     88.4782     60.1793      0.0000      0.0013     -0.0012      0.0022
     37.9851   -117.6340      1.7839      0.8401      0.8227      0.0000      0.0000      0.0000     88.5044     60.2869      0.0000      0.0012     -0.0012      0.0020
     37.9814   -117.6340      2.4988      0.8403      0.8227      0.0000      0.0000      0.0000     88.5351     60.3945      0.0000      0.0011     -0.0011      0.0019
     37.9778   -117.6341      3.2144      0.8404      0.8227      0.0000      0.0000      0.0000     88.5702     60.5020      0.0000      0.0010     -0.0011      0.0018
     37.9741   -117.6341      3.9309      0.8405      0.8227      0.0000      0.0000      0.0000     88.6098     60.6097      0.0000      0.0009     -0.0010      0.0017
     37.9705   -117.6342      4.6480      0.8406      0.8227      0.0000      0.0000      0.0000     88.6540     60.7173      0.0000      0.0008     -0.0010      0.0016
     37.9669   -117.6342      5.3660      0.8408      0.8227      0.0000      0.0000      0.0000     88.7026     60.8250      0.0000      0.0007     -0.0010      0.0015
     37.9633   -117.6343      6.0846      0.8409      0.8227      0.0000      0.0000      0.0000     88.7558     60.9327      0.0000      0.0006     -0.0010      0.0014
     37.9597   -117.6343      6.8041      0.8410      0.8227      0.0000      0.0000      0.0000     88.8136     61.0405      0.0000      0.0005     -0.0010      0.0013
     37.9561   -117.6344      7.5243      0.8411      0.8227      0.0000      0.0000      0.0000     88.8759     61.1484      0.0000      0.0004     -0.0011      0.0013
     37.9525   -117.6344      8.2453      0.8412      0.8228      0.0000      0.0000      0.0000     88.9428     61.2563      0.0000      0.0003     -0.0011      0.0012
     37.9490   -117.6345      8.9670      0.8413      0.8228      0.0000      0.0000      0.0000     89.0143     61.3642      0.0000      0.0002     -0.0011      0.0011
     37.9455   -117.6345      9.6894      0.8414      0.8228      0.0000      0.0000      0.0000     89.0905     61.4723      0.0000      0.0001     -0.0012      0.0011
     37.9419   -117.6346     10.4126      0.8415      0.8228      0.0000      0.0000      0.0000     89.1712     61.5805      0.0000     -0.0000     -0.0013      0.0010
     37.9384   -117.6346     11.1366      0.8416      0.8228      0.0000      0.0000      0.0000     89.2567     61.6887      0.0000     -0.0001     -0.0014      0.0010
     37.9349   -117.6347     11.8613      0.8417      0.8228      0.0000      0.0000      0.0000     89.3468     61.7971      0.0000     -0.0002     -0.0016      0.0009
     37.9314   -117.6347     12.5867      0.8419      0.8228      0.0000      0.0000      0.0000     89.4416     61.9056    -85.0000     -0.0003     -0.0021      0.0009
     37.9279   -117.6348     13.3129      0.8420      0.8228      0.0000      0.0000      0.0000     89.5412     62.0143    -85.0000     -0.0003     -0.0020      0.0008
     37.9245   -117.6348     14.0398      0.8421      0.8228      0.0000      0.0001      0.0001     89.6454     62.1231    -85.0000     -0.0004     -0.0014      0.0008
     37.9210   -117.6349     14.7675      0.8422      0.8228      0.0000      0.0002      0.0002     89.7544     62.2321    -85.0000     -0.0004     -0.0004      0.0008
     37.9176   -117.6349     15.4959      0.8423      0.8228      0.0000      0.0002      0.0002     89.8682     62.3413    -85.0000     -0.0005      0.0005      0.0007
     37.9141   -117.6350     16.2250      0.8424      0.8228      0.0000      0.0002      0.0002     89.9867     62.4506    -85.0000     -0.0007      0.0010      0.0007
     37.9107   -117.6350     16.9549      0.8425      0.8228      0.0000      0.0002      0.0002     90.1100     62.5602    -85.0000     -0.0007      0.0020      0.0007
     37.9926   -117.6243      0.3568      0.8399      0.8232      0.0000      0.0000      0.0000     88.4564     60.0689      0.0000      0.0012     -0.0012      0.0021
     37.9890   -117.6243      1.0704      0.8400      0.8232      0.0000      0.0000      0.0000     88.4783     60.1712      0.0000      0.0012     -0.0011      0.0020
     37.9853   -117.6244      1.7849      0.8401      0.8232      0.0000      0.0000      0.0000     88.5047     60.2734      0.0000      0.0011     -0.0011      0.0019
     37.9816   -117.6244      2.5001      0.8403      0.8232      0.0000      0.0000      0.0000     88.5355     60.3757      0.0000      0.0010     -0.0010      0.0018
     37.9780   -117.6245      3.2160      0.8404      0.8232      0.0000      0.0000      0.0000     88.5708     60.4780      0.0000      0.0010     -0.0010      0.0017
     37.9743   -117.6245      3.9327      0.8405      0.8232      0.0000      0.0000      0.0000     88.6107     60.5802      0.0000      0.0009     -0.0009      0.0016
     37.9707   -117.6246      4.6500      0.8406      0.8232      0.0000      0.0000      0.0000     88.6550     60.6826      0.0000      0.0008     -0.0009      0.0015
     37.9671   -117.6246      5.3682      0.8408      0.8232      0.0000      0.0000      0.0000     88.7038     60.7849      0.0000      0.0007     -0.0009      0.0014
     37.9634   -117.6247      6.0870      0.8409      0.8232      0.0000      0.0000      0.0000     88.7573     60.8873      0.0000      0.0006     -0.0009      0.0013
     37.9598   -117.6247      6.8065      0.8410      0.8232      0.0000      0.0000      0.0000     88.8152     60.9897      0.0000      0.0005     -0.0009      0.0013
     37.9563   -117.6248      7.5268      0.8411      0.8232      0.0000      0.0000      0.0000     88.8778     61.0921      0.0000      0.0004     -0.0009      0.0012
     37.9527   -117.6248      8.2478      0.8412      0.8233      0.0000      0.0000      0.0000     88.9450     61.1946      0.0000      0.0003     -0.0010      0.0011
     37.9491   -117.6249      8.9695      0.8413      0.8233      0.0000      0.0000      0.0000     89.0168     61.2972      0.0000      0.0002     -0.0010      0.0011
     37.9456   -117.6249      9.6919      0.8414      0.8233      0.0000      0.0000      0.0000     89.0932     61.3999      0.0000      0.0001     -0.0010      0.0010
     37.9420   -117.6250     10.4151      0.8415      0.8233      0.0000      0.0000      0.0000     89.1742     61.5026      0.0000      0.0000     -0.0011      0.0010
     37.9385   -117.6250     11.1389      0.8416      0.8233      0.0000      0.0000      0.0000     89.2600     61.6054      0.0000     -0.0001     -0.0012      0.0009
     37.9350   -117.6251     11.8635      0.8417      0.8233      0.0000      0.0000      0.0000     89.3504     61.7084      0.0000     -0.0001     -0.0013      0.0009
     37.9315   -117.6251     12.5887      0.8419      0.8233      0.0000      0.0000      0.0000     89.4455     61.8114      0.0000     -0.0002     -0.0017      0.0008
     37.9280   -117.6252     13.3147      0.8420      0.8233      0.0000      0.0000      0.0000     89.5453     61.9146    -85.0000     -0.0003     -0.0018      0.0008
     37.9245   -117.6252     14.0414      0.8421      0.8233      0.0000      0.0001      0.0001     89.6498     62.0180    -85.0000     -0.0003     -0.0014      0.0008
     37.9210   -117.6253     14.7687      0.8422      0.8233      0.0000      0.0001      0.0001     89.7591     62.1215    -85.0000     -0.0004     -0.0007      0.0007
     37.9176   -117.6253     15.4968      0.8423      0.8233      0.0000      0.0002      0.0002     89.8732     62.2251    -85.0000     -0.0005      0.0001      0.0007
     37.9141   -117.6254     16.2256      0.8424      0.8233      0.0000      0.0002      0.0002     89.9920     62.3290    -85.0000     -0.0006      0.0007      0.0007
     37.9107   -117.6254     16.9551      0.8425      0.8233      0.0000      0.0002      0.0002     90.1157     62.4331    -85.0000     -0.0006      0.0021      0.0006
     37.9928   -117.6147      0.3570      0.8399      0.8237      0.0000      0.0000      0.0000     88.4565     60.0661      0.0000      0.0011     -0.0011      0.0020
     37.9892   -117.6148      1.0710      0.8400      0.8237      0.0000      0.0000      0.0000     88.4785     60.1630      0.0000      0.0011     -0.0010      0.0019
     37.9855   -117.6148      1.7859      0.8401      0.8237      0.0000      0.0000      0.0000     88.5050     60.2599      0.0000      0.0010     -0.0010      0.0018
     37.9818   -117.6149      2.5014      0.8403      0.8237      0.0000      0.0000      0.0000     88.5360     60.3569      0.0000      0.0009     -0.0009      0.0017
     37.9781   -117.6149      3.2176      0.8404      0.8237      0.0000      0.0000      0.0000     88.5715     60.4538      0.0000      0.0009     -0.0009      0.0016
     37.9745   -117.6150      3.9345      0.8405      0.8237      0.0000      0.0000      0.0000     88.6115     60.5507      0.0000      0.0008     -0.0009      0.0015
     37.9709   -117.6150      4.6521      0.8406      0.8237      0.0000      0.0000      0.0000     88.6560     60.6477      0.0000      0.0007     -0.0009      0.0014
     37.9672   -117.6151      5.3704      0.8408      0.8237      0.0000      0.0000      0.0000     88.7051     60.7447      0.0000      0.0006     -0.0008      0.0013
     37.9636   -117.6151      6.0893      0.8409      0.8237      0.0000      0.0000      0.0000     88.7587     60.8417      0.0000      0.0005     -0.0008      0.0013
     37.9600   -117.6152      6.8090      0.8410      0.8237      0.0000      0.0000      0.0000     88.8169     60.9387      0.0000      0.0004     -0.0008      0.0012
     37.9564   -117.6152      7.5293      0.8411      0.8238      0.0000      0.0000      0.0000     88.8797     61.0358      0.0000      0.0004     -0.0009      0.0011
     37.9528   -117.6152      8.2504      0.8412      0.8238      0.0000      0.0000      0.0000     88.9472     61.1329      0.0000      0.0003     -0.0009      0.0011
     37.9493   -117.6153      8.9721      0.8413      0.8238      0.0000      0.0000      0.0000     89.0192     61.2300      0.0000      0.0002     -0.0009      0.0010
     37.9457   -117.6153      9.6944      0.8414      0.8238      0.0000      0.0000      0.0000     89.0959     61.3273      0.0000      0.0001     -0.0009      0.0010
     37.9421   -117.6154     10.4175      0.8415      0.8238      0.0000      0.0000      0.0000     89.1772     61.4246      0.0000      0.0000     -0.0010      0.0009
     37.9386   -117.6154     11.1412      0.8416      0.8238      0.0000      0.0000      0.0000     89.2632     61.5220      0.0000     -0.0000     -0.0010      0.0009
     37.9351   -117.6155     11.8656      0.8417      0.8238      0.0000      0.0000      0.0000     89.3539     61.6194      0.0000     -0.0001     -0.0011      0.0008
     37.9316   -117.6155     12.5907      0.8418      0.8238      0.0000      0.0000      0.0000     89.4493     61.7170      0.0000     -0.0002     -0.0013      0.0008
     37.9281   -117.6156     13.3165      0.8420      0.8238      0.0000      0.0000      0.0000     89.5495     61.8148    -85.0000     -0.0002     -0.0016      0.0008
     37.9246   -117.6156     14.0429      0.8421      0.8238      0.0000      0.0000      0.0000     89.6543     61.9126    -85.0000     -0.0003     -0.0014      0.0007
     37.9211   -117.6157     14.7700      0.8422      0.8238      0.0000      0.0001      0.0001     89.7639     62.0106    -85.0000     -0.0004     -0.0009      0.0007
     37.9176   -117.6157     15.4978      0.8423      0.8238      0.0000      0.0001      0.0001     89.8783     62.1088    -85.0000     -0.0004     -0.0002      0.0007
     37.9141   -117.6158     16.2262      0.8424      0.8238      0.0000      0.0002      0.0002     89.9974     62.2072    -85.0000     -0.0005      0.0006      0.0006
     37.9107   -117.6158     16.9553      0.8425      0.8238      0.0000      0.0002      0.0002     90.1213     62.3057    -85.0000     -0.0005      0.0019      0.0006
     37.9931   -117.6051      0.3572      0.8399      0.8242      0.0000      0.0000      0.0000     88.4564     60.0632      0.0000      0.0010     -0.0010      0.0018
     37.9894   -117.6052      1.0716      0.8400      0.8242      0.0000      0.0000      0.0000     88.4782     60.1549      0.0000      0.0010     -0.0010      0.0017
     37.9857   -117.6052      1.7868      0.8401      0.8242      0.0000      0.0000      0.0000     88.5045     60.2465      0.0000      0.0009     -0.0009      0.0016
     37.9820   -117.6053      2.5027      0.8403      0.8242      0.0000      0.0000      0.0000     88.5353     60.3381      0.0000      0.0009     -0.0009      0.0016
     37.9783   -117.6053      3.2192      0.8404      0.8242      0.0000      0.0000      0.0000     88.5704     60.4298      0.0000      0.0008     -0.0008      0.0015
     37.9747   -117.6054      3.9363      0.8405      0.8242      0.0000      0.0000      0.0000     88.6101     60.5214      0.0000      0.0007     -0.0008      0.0014
     37.9710   -117.6054      4.6541      0.8406      0.8242      0.0000      0.0000      0.0000     88.6542     60.6130      0.0000      0.0007     -0.0008      0.0013
     37.9674   -117.6055      5.3726      0.8407      0.8242      0.0000      0.0000      0.0000     88.7028     60.7047      0.0000      0.0006     -0.0008      0.0013
     37.9638   -117.6055      6.0917      0.8409      0.8242      0.0000      0.0000      0.0000     88.7560     60.7963      0.0000      0.0005     -0.0008      0.0012
     37.9602   -117.6056      6.8115      0.8410      0.8242      0.0000      0.0000      0.0000     88.8136     60.8880      0.0000      0.0004     -0.0008      0.0011
     37.9566   -117.6056      7.5319      0.8411      0.8243      0.0000      0.0000      0.0000     88.8758     60.9797      0.0000      0.0003     -0.0008      0.0011
     37.9530   -117.6057      8.2529      0.8412      0.8243      0.0000      0.0000      0.0000     88.9426     61.0714      0.0000      0.0003     -0.0008      0.0010
     37.9494   -117.6057      8.9746      0.8413      0.8243      0.0000      0.0000      0.0000     89.0139     61.1632      0.0000      0.0002     -0.0008      0.0010
     37.9458   -117.6058      9.6970      0.8414      0.8243      0.0000      0.0000      0.0000     89.0898     61.2551      0.0000      0.0001     -0.0008      0.0009
     37.9423   -117.6058     10.4199      0.8415      0.8243      0.0000      0.0000      0.0000     89.1704     61.3470      0.0000      0.0000     -0.0009      0.0009
     37.9387   -117.6058     11.1436      0.8416      0.8243      0.0000      0.0000      0.0000     89.2555     61.4390      0.0000     -0.0000     -0.0009      0.0008
     37.9352   -117.6059     11.8678      0.8417      0.8243      0.0000      0.0000      0.0000     89.3452     61.5310      0.0000     -0.0001     -0.0010      0.0008
     37.9316   -117.6059     12.5927      0.8418      0.8243      0.0000      0.0000      0.0000     89.4396     61.6232      0.0000     -0.0001     -0.0011      0.0008
     37.9281   -117.6060     13.3183      0.8420      0.8243      0.0000      0.0000      0.0000     89.5387     61.7155      0.0000     -0.0002     -0.0013      0.0007
     37.9246   -117.6060     14.0445      0.8421      0.8243      0.0000      0.0000      0.0000     89.6424     61.8079    -85.0000     -0.0003     -0.0013      0.0007
     37.9211   -117.6061     14.7713      0.8422      0.8243      0.0000      0.0000      0.0000     89.7509     61.9004    -85.0000     -0.0003     -0.0010      0.0007
     37.9176   -117.6061     15.4987      0.8423      0.8243      0.0000      0.0001      0.0001     89.8640     61.9931    -85.0000     -0.0004     -0.0003      0.0006
     37.9141   -117.6062     16.2268      0.8424      0.8243      0.0000      0.0001      0.0001     89.9818     62.0860    -85.0000     -0.0004      0.0004      0.0006
     37.9107   -117.6062     16.9555      0.8425      0.8243      0.0000      0.0001      0.0001     90.1044     62.1791    -85.0000     -0.0004      0.0017      0.0006
     37.9933   -117.5956      0.3574      0.8399      0.8247      0.0000      0.0000      0.0000     88.4564     60.0603      0.0000      0.0009     -0.0010      0.0017
     37.9896   -117.5956      1.0722      0.8400      0.8247      0.0000      0.0000      0.0000     88.4784     60.1467      0.0000      0.0009     -0.0009      0.0016
     37.9859   -117.5956      1.7878      0.8401      0.8247      0.0000      0.0000      0.0000     88.5048     60.2331      0.0000      0.0008     -0.0008      0.0015
     37.9822   -117.5957      2.5040      0.8403      0.8247      0.0000      0.0000      0.0000     88.5357     60.3195      0.0000      0.0008     -0.0008      0.0014
     37.9785   -117.5957      3.2207      0.8404      0.8247      0.0000      0.0000      0.0000     88.5711     60.4058      0.0000      0.0007     -0.0008      0.0014
     37.9749   -117.5958      3.9381      0.8405      0.8247      0.0000      0.0000      0.0000     88.6109     60.4921      0.0000      0.0007     -0.0007      0.0013
     37.9712   -117.5958      4.6562      0.8406      0.8247      0.0000      0.0000      0.0000     88.6552     60.5785      0.0000      0.0006     -0.0007      0.0012
     37.9676   -117.5959      5.3748      0.8407      0.8247      0.0000      0.0000      0.0000     88.7040     60.6648      0.0000      0.0005     -0.0007      0.0012
     37.9639   -117.5959      6.0941      0.8409      0.8247      0.0000      0.0000      0.0000     88.7574     60.7511      0.0000      0.0005     -0.0007      0.0011
     37.9603   -117.5960      6.8139      0.8410      0.8248      0.0000      0.0000      0.0000     88.8153     60.8375      0.0000      0.0004     -0.0007      0.0011
     37.9567   -117.5960      7.5344      0.8411      0.8248      0.0000      0.0000      0.0000     88.8777     60.9238      0.0000      0.0003     -0.0007      0.0010
     37.9531   -117.5961      8.2555      0.8412      0.8248      0.0000      0.0000      0.0000     88.9447     61.0102      0.0000      0.0003     -0.0007      0.0010
     37.9495   -117.5961      8.9772      0.8413      0.8248      0.0000      0.0000      0.0000     89.0163     61.0967      0.0000      0.0002     -0.0007      0.0009
     37.9459   -117.5962      9.6995      0.8414      0.8248      0.0000      0.0000      0.0000     89.0925     61.1831      0.0000      0.0001     -0.0007      0.0009
     37.9424   -117.5962     10.4224      0.8415      0.8248      0.0000      0.0000      0.0000     89.1733     61.2697      0.0000      0.0001     -0.0008      0.0008
     37.9388   -117.5962     11.1459      0.8416      0.8248      0.0000      0.0000      0.0000     89.2587     61.3562      0.0000      0.0000     -0.0008      0.0008
     37.9352   -117.5963     11.8700      0.8417      0.8248      0.0000      0.0000      0.0000     89.3487     61.4429      0.0000     -0.0001     -0.0008      0.0008
     37.9317   -117.5963     12.5947      0.8418      0.8248      0.0000      0.0000      0.0000     89.4434     61.5297      0.0000     -0.0001     -0.0009      0.0007
     37.9282   -117.5964     13.3201      0.8420      0.8248      0.0000      0.0000      0.0000     89.5428     61.6166      0.0000     -0.0002     -0.0011      0.0007
     37.9247   -117.5964     14.0460      0.8421      0.8248      0.0000      0.0000      0.0000     89.6468     61.7036    -85.0000     -0.0002     -0.0012      0.0007
     37.9211   -117.5965     14.7725      0.8422      0.8248      0.0000      0.0000      0.0000     89.7555     61.7907    -85.0000     -0.0003     -0.0010      0.0006
     37.9176   -117.5965     15.4996      0.8423      0.8248      0.0000      0.0001      0.0001     89.8689     61.8779    -85.0000     -0.0003     -0.0004      0.0006
     37.9141   -117.5966     16.2274      0.8424      0.8248      0.0000      0.0001      0.0001     89.9870     61.9654    -85.0000     -0.0003      0.0003      0.0006
     37.9107   -117.5966     16.9557      0.8425      0.8248      0.0000      0.0001      0.0001     90.1099     62.0530    -85.0000     -0.0004      0.0013      0.0006
     37.9935   -117.5860      0.3576      0.8399      0.8252      0.0000      0.0000      0.0000     88.4565     60.0575      0.0000      0.0008     -0.0009      0.0015
     37.9898   -117.5860      1.0728      0.8400      0.8252      0.0000      0.0000      0.0000     88.4786     60.1386      0.0000      0.0008     -0.0008      0.0015
     37.9861   -117.5861      1.7888      0.8401      0.8252      0.0000      0.0000      0.0000     88.5051     60.2197      0.0000      0.0008     -0.0008      0.0014
     37.9824   -117.5861      2.5053      0.8403      0.8252      0.0000      0.0000      0.0000     88.5362     60.3008      0.0000      0.0007     -0.0008      0.0014
     37.9787   -117.5862      3.2223      0.8404      0.8252      0.0000      0.0000      0.0000     88.5717     60.3818      0.0000      0.0007     -0.0007      0.0013
     37.9750   -117.5862      3.9400      0.8405      0.8252      0.0000      0.0000      0.0000     88.6117     60.4628      0.0000      0.0006     -0.0007      0.0012
     37.9714   -117.5862      4.6582      0.8406      0.8252      0.0000      0.0000      0.0000     88.6562     60.5438      0.0000      0.0006     -0.0007      0.0012
     37.9677   -117.5863      5.3770      0.8407      0.8252      0.0000      0.0000      0.0000     88.7052     60.6248      0.0000      0.0005     -0.0007      0.0011
     37.9641   -117.5863      6.0964      0.8409      0.8253      0.0000      0.0000      0.0000     88.7588     60.7058      0.0000      0.0004     -0.0006      0.0011
     37.9605   -117.5864      6.8164      0.8410      0.8253      0.0000      0.0000      0.0000     88.8169     60.7868      0.0000      0.0004     -0.0006      0.0010
     37.9569   -117.5864      7.5369      0.8411      0.8253      0.0000      0.0000      0.0000     88.8796     60.8678      0.0000      0.0003     -0.0006      0.0010
     37.9532   -117.5865      8.2581      0.8412      0.8253      0.0000      0.0000      0.0000     88.9469     60.9489      0.0000      0.0003     -0.0006      0.0009
     37.9496   -117.5865      8.9798      0.8413      0.8253      0.0000      0.0000      0.0000     89.0187     61.0299      0.0000      0.0002     -0.0007      0.0009
     37.9461   -117.5866      9.7020      0.8414      0.8253      0.0000      0.0000      0.0000     89.0952     61.1110      0.0000      0.0001     -0.0007      0.0008
     37.9425   -117.5866     10.4248      0.8415      0.8253      0.0000      0.0000      0.0000     89.1762     61.1922      0.0000      0.0001     -0.0007      0.0008
     37.9389   -117.5867     11.1483      0.8416      0.8253      0.0000      0.0000      0.0000     89.2619     61.2734      0.0000      0.0000     -0.0007      0.0008
     37.9353   -117.5867     11.8722      0.8417      0.8253      0.0000      0.0000      0.0000     89.3523     61.3546      0.0000     -0.0000     -0.0007      0.0007
     37.9318   -117.5867     12.5968      0.8418      0.8253      0.0000      0.0000      0.0000     89.4472     61.4360      0.0000     -0.0001     -0.0008      0.0007
     37.9282   -117.5868     13.3219      0.8419      0.8253      0.0000      0.0000      0.0000     89.5469     61.5175      0.0000     -0.0001     -0.0009      0.0007
     37.9247   -117.5868     14.0476      0.8421      0.8253      0.0000      0.0000      0.0000     89.6512     61.5990    -85.0000     -0.0002     -0.0011      0.0006
     37.9212   -117.5869     14.7738      0.8422      0.8253      0.0000      0.0000      0.0000     89.7602     61.6807    -85.0000     -0.0002     -0.0009      0.0006
     37.9177   -117.5869     15.5006      0.8423      0.8253      0.0000      0.0000      0.0000     89.8739     61.7625    -85.0000     -0.0003     -0.0005      0.0006
     37.9142   -117.5870     16.2280      0.8424      0.8253      0.0000      0.0001      0.0001     89.9923     61.8445    -85.0000     -0.0003      0.0001      0.0006
     37.9107   -117.5870     16.9559      0.8425      0.8253      0.0000      0.0001      0.0001     90.1154     61.9267    -85.0000     -0.0003      0.0010      0.0005
     37.9937   -117.5764      0.3578      0.8399      0.8257      0.0000      0.0000      0.0000     88.4565     60.0546      0.0000      0.0007     -0.0008      0.0014
     37.9900   -117.5764      1.0735      0.8400      0.8257      0.0000      0.0000      0.0000     88.4788     60.1304      0.0000      0.0007     -0.0008      0.0014
     37.9863   -117.5765      1.7897      0.8401      0.8257      0.0000      0.0000      0.0000     88.5055     60.2062      0.0000      0.0007     -0.0007      0.0013
     37.9826   -117.5765      2.5066      0.8403      0.8257      0.0000      0.0000      0.0000     88.5366     60.2820      0.0000      0.0007     -0.0007      0.0013
     37.9789   -117.5766      3.2239      0.8404      0.8257      0.0000      0.0000      0.0000     88.5723     60.3577      0.0000      0.0006     -0.0007      0.0012
     37.9752   -117.5766      3.9418      0.8405      0.8257      0.0000      0.0000      0.0000     88.6125     60.4334      0.0000      0.0006     -0.0006      0.0012
     37.9716   -117.5767      4.6603      0.8406      0.8257      0.0000      0.0000      0.0000     88.6572     60.5091      0.0000      0.0005     -0.0006      0.0011
     37.9679   -117.5767      5.3793      0.8407      0.8258      0.0000      0.0000      0.0000     88.7065     60.5848      0.0000      0.0005     -0.0006      0.0011
     37.9643   -117.5767      6.0988      0.8408      0.8258      0.0000      0.0000      0.0000     88.7603     60.6604      0.0000      0.0004     -0.0006      0.0010
     37.9606   -117.5768      6.8189      0.8410      0.8258      0.0000      0.0000      0.0000     88.8186     60.7361      0.0000      0.0004     -0.0006      0.0010
     37.9570   -117.5768      7.5395      0.8411      0.8258      0.0000      0.0000      0.0000     88.8815     60.8117      0.0000      0.0003     -0.0006      0.0009
     37.9534   -117.5769      8.2607      0.8412      0.8258      0.0000      0.0000      0.0000     88.9491     60.8874      0.0000      0.0003     -0.0006      0.0009
     37.9498   -117.5769      8.9823      0.8413      0.8258      0.0000      0.0000      0.0000     89.0212     60.9630      0.0000      0.0002     -0.0006      0.0008
     37.9462   -117.5770      9.7046      0.8414      0.8258      0.0000      0.0000      0.0000     89.0979     61.0388      0.0000      0.0001     -0.0006      0.0008
     37.9426   -117.5770     10.4273      0.8415      0.8258      0.0000      0.0000      0.0000     89.1792     61.1145      0.0000      0.0001     -0.0006      0.0008
     37.9390   -117.5771     11.1506      0.8416      0.8258      0.0000      0.0000      0.0000     89.2652     61.1903      0.0000      0.0000     -0.0006      0.0007
     37.9354   -117.5771     11.8745      0.8417      0.8258      0.0000      0.0000      0.0000     89.3558     61.2662      0.0000     -0.0000     -0.0006      0.0007
     37.9319   -117.5771     12.5988      0.8418      0.8258      0.0000      0.0000      0.0000     89.4510     61.3421      0.0000     -0.0001     -0.0007      0.0007
     37.9283   -117.5772     13.3237      0.8419      0.8258      0.0000      0.0000      0.0000     89.5510     61.4182      0.0000     -0.0001     -0.0007      0.0006
     37.9247   -117.5772     14.0491      0.8421      0.8258      0.0000      0.0000      0.0000     89.6556     61.4943      0.0000     -0.0001     -0.0009      0.0006
     37.9212   -117.5773     14.7751      0.8422      0.8258      0.0000      0.0000      0.0000     89.7649     61.5705    -85.0000     -0.0002     -0.0009      0.0006
     37.9177   -117.5773     15.5016      0.8423      0.8258      0.0000      0.0000      0.0000     89.8789     61.6469    -85.0000     -0.0002     -0.0005      0.0006
     37.9142   -117.5774     16.2286      0.8424      0.8258      0.0000      0.0001      0.0001     89.9976     61.7235    -85.0000     -0.0003     -0.0000      0.0005
     37.9106   -117.5774     16.9561      0.8425      0.8258      0.0000      0.0001      0.0001     90.1210     61.8002    -85.0000     -0.0003      0.0007      0.0005
     37.9939   -117.5673      0.3580      0.7559      0.8262      0.0000      0.0000      0.0000     88.4566     60.0519      0.0000      0.0007     -0.0008      0.0013
     37.9901   -117.5673      1.0740      0.7560      0.8262      0.0000      0.0000      0.0000     88.4781     60.1228      0.0000      0.0007     -0.0007      0.0013
     37.9864   -117.5674      1.7907      0.7561      0.8262      0.0000      0.0000      0.0000     88.5041     60.1936      0.0000      0.0006     -0.0007      0.0012
     37.9828   -117.5674      2.5078      0.7562      0.8262      0.0000      0.0000      0.0000     88.5344     60.2644      0.0000      0.0006     -0.0007      0.0012
     37.9791   -117.5675      3.2254      0.7563      0.8262      0.0000      0.0000      0.0000     88.5690     60.3352      0.0000      0.0006     -0.0006      0.0011
     37.9754   -117.5675      3.9436      0.7564      0.8262      0.0000      0.0000      0.0000     88.6080     60.4059      0.0000      0.0005     -0.0006      0.0011
     37.9717   -117.5676      4.6622      0.7566      0.8262      0.0000      0.0000      0.0000     88.6514     60.4766      0.0000      0.0005     -0.0006      0.0010
     37.9681   -117.5676      5.3814      0.7567      0.8262      0.0000      0.0000      0.0000     88.6992     60.5473      0.0000      0.0004     -0.0006      0.0010
     37.9644   -117.5676      6.1011      0.7568      0.8262      0.0000      0.0000      0.0000     88.7514     60.6180      0.0000      0.0004     -0.0006      0.0010
     37.9608   -117.5677      6.8212      0.7569      0.8262      0.0000      0.0000      0.0000     88.8080     60.6886      0.0000      0.0003     -0.0006      0.0009
     37.9571   -117.5677      7.5419      0.7570      0.8263      0.0000      0.0000      0.0000     88.8691     60.7593      0.0000      0.0003     -0.0005      0.0009
     37.9535   -117.5678      8.2631      0.7571      0.8263      0.0000      0.0000      0.0000     88.9346     60.8299      0.0000      0.0002     -0.0005      0.0008
     37.9499   -117.5678      8.9848      0.7572      0.8263      0.0000      0.0000      0.0000     89.0045     60.9006      0.0000      0.0002     -0.0005      0.0008
     37.9463   -117.5679      9.7070      0.7573      0.8263      0.0000      0.0000      0.0000     89.0789     60.9713      0.0000      0.0001     -0.0006      0.0008
     37.9427   -117.5679     10.4297      0.7574      0.8263      0.0000      0.0000      0.0000     89.1578     61.0420      0.0000      0.0001     -0.0006      0.0007
     37.9391   -117.5679     11.1529      0.7575      0.8263      0.0000      0.0000      0.0000     89.2411     61.1128      0.0000      0.0000     -0.0006      0.0007
     37.9355   -117.5680     11.8765      0.7576      0.8263      0.0000      0.0000      0.0000     89.3289     61.1836      0.0000     -0.0000     -0.0006      0.0007
     37.9319   -117.5680     12.6007      0.7577      0.8263      0.0000      0.0000      0.0000     89.4213     61.2545      0.0000     -0.0000     -0.0006      0.0006
     37.9284   -117.5681     13.3254      0.7578      0.8263      0.0000      0.0000      0.0000     89.5181     61.3254      0.0000     -0.0001     -0.0006      0.0006
     37.9248   -117.5681     14.0506      0.7579      0.8263      0.0000      0.0000      0.0000     89.6195     61.3965      0.0000     -0.0001     -0.0007      0.0006
     37.9212   -117.5682     14.7763      0.7580      0.8263      0.0000      0.0000      0.0000     89.7254     61.4676    -85.0000     -0.0002     -0.0008      0.0006
     37.9177   -117.5682     15.5025      0.7581      0.8263      0.0000      0.0000      0.0000     89.8358     61.5389    -85.0000     -0.0002     -0.0006      0.0005
     37.9142   -117.5682     16.2291      0.7582      0.8263      0.0000      0.0000      0.0000     89.9508     61.6103    -85.0000     -0.0002     -0.0001      0.0005
     37.9106   -117.5683     16.9563      0.7583      0.8263      0.0000      0.0000      0.0000     90.0704     61.6819    -85.0000     -0.0003      0.0001      0.0005
     37.9940   -117.5582      0.3582      0.8399      0.8267      0.0000      0.0000      0.0000     88.4566     60.0492      0.0000      0.0006     -0.0007      0.0013
     37.9903   -117.5582      1.0746      0.8400      0.8267      0.0000      0.0000      0.0000     88.4791     60.1151      0.0000      0.0006     -0.0007      0.0012
     37.9866   -117.5583      1.7916      0.8401      0.8267      0.0000      0.0000      0.0000     88.5060     60.1810      0.0000      0.0006     -0.0006      0.0012
     37.9829   -117.5583      2.5090      0.8402      0.8267      0.0000      0.0000      0.0000     88.5375     60.2468      0.0000      0.0006     -0.0006      0.0011
     37.9793   -117.5584      3.2269      0.8404      0.8267      0.0000      0.0000      0.0000     88.5735     60.3125      0.0000      0.0005     -0.0006      0.0011
     37.9756   -117.5584      3.9453      0.8405      0.8267      0.0000      0.0000      0.0000     88.6140     60.3783      0.0000      0.0005     -0.0006      0.0010
     37.9719   -117.5584      4.6642      0.8406      0.8267      0.0000      0.0000      0.0000     88.6591     60.4439      0.0000      0.0005     -0.0006      0.0010
     37.9682   -117.5585      5.3835      0.8407      0.8267      0.0000      0.0000      0.0000     88.7088     60.5096      0.0000      0.0004     -0.0005      0.0009
     37.9646   -117.5585      6.1033      0.8408      0.8267      0.0000      0.0000      0.0000     88.7630     60.5752      0.0000      0.0004     -0.0005      0.0009
     37.9609   -117.5586      6.8236      0.8410      0.8267      0.0000      0.0000      0.0000     88.8218     60.6408      0.0000      0.0003     -0.0005      0.0009
     37.9573   -117.5586      7.5444      0.8411      0.8267      0.0000      0.0000      0.0000     88.8852     60.7064      0.0000      0.0003     -0.0005      0.0008
     37.9536   -117.5587      8.2656      0.8412      0.8267      0.0000      0.0000      0.0000     88.9531     60.7720      0.0000      0.0002     -0.0005      0.0008
     37.9500   -117.5587      8.9873      0.8413      0.8267      0.0000      0.0000      0.0000     89.0257     60.8376      0.0000      0.0002     -0.0005      0.0008
     37.9464   -117.5587      9.7094      0.8414      0.8268      0.0000      0.0000      0.0000     89.1029     60.9032      0.0000      0.0001     -0.0005      0.0007
     37.9428   -117.5588     10.4320      0.8415      0.8268      0.0000      0.0000      0.0000     89.1848     60.9689      0.0000      0.0001     -0.0005      0.0007
     37.9392   -117.5588     11.1551      0.8416      0.8268      0.0000      0.0000      0.0000     89.2713     61.0345      0.0000      0.0001     -0.0005      0.0007
     37.9356   -117.5589     11.8787      0.8417      0.8268      0.0000      0.0000      0.0000     89.3624     61.1003      0.0000      0.0000     -0.0005      0.0006
     37.9320   -117.5589     12.6027      0.8418      0.8268      0.0000      0.0000      0.0000     89.4582     61.1661      0.0000     -0.0000     -0.0005      0.0006
     37.9284   -117.5589     13.3271      0.8419      0.8268      0.0000      0.0000      0.0000     89.5587     61.2320      0.0000     -0.0001     -0.0006      0.0006
     37.9248   -117.5590     14.0521      0.8421      0.8268      0.0000      0.0000      0.0000     89.6639     61.2979      0.0000     -0.0001     -0.0006      0.0006
     37.9213   -117.5590     14.7775      0.8422      0.8268      0.0000      0.0000      0.0000     89.7737     61.3640      0.0000     -0.0001     -0.0007      0.0005
     37.9177   -117.5591     15.5034      0.8423      0.8268      0.0000      0.0000      0.0000     89.8882     61.4302    -85.0000     -0.0002     -0.0006      0.0005
     37.9142   -117.5591     16.2297      0.8424      0.8268      0.0000      0.0000      0.0000     90.0075     61.4965    -85.0000     -0.0002     -0.0004      0.0005
     37.9106   -117.5592     16.9565      0.8425      0.8268      0.0000      0.0000      0.0000     90.1315     61.5630    -85.0000     -0.0003      0.0000      0.0005
     37.9943   -117.5486      0.3584      0.8399      0.8272      0.0000      0.0000      0.0000     88.4564     60.0464      0.0000      0.0006     -0.0007      0.0012
     37.9905   -117.5486      1.0752      0.8400      0.8272      0.0000      0.0000      0.0000     88.4784     60.1070      0.0000      0.0006     -0.0006      0.0011
     37.9868   -117.5487      1.7926      0.8401      0.8272      0.0000      0.0000      0.0000     88.5047     60.1676      0.0000      0.0005     -0.0006      0.0011
     37.9831   -117.5487      2.5103      0.8402      0.8272      0.0000      0.0000      0.0000     88.5355     60.2282      0.0000      0.0005     -0.0006      0.0011
     37.9794   -117.5488      3.2286      0.8404      0.8272      0.0000      0.0000      0.0000     88.5707     60.2887      0.0000      0.0005     -0.0006      0.0010
     37.9758   -117.5488      3.9472      0.8405      0.8272      0.0000      0.0000      0.0000     88.6103     60.3491      0.0000      0.0005     -0.0005      0.0010
     37.9721   -117.5489      4.6663      0.8406      0.8272      0.0000      0.0000      0.0000     88.6543     60.4095      0.0000      0.0004     -0.0005      0.0009
     37.9684   -117.5489      5.3858      0.8407      0.8272      0.0000      0.0000      0.0000     88.7028     60.4699      0.0000      0.0004     -0.0005      0.0009
     37.9647   -117.5489      6.1057      0.8408      0.8272      0.0000      0.0000      0.0000     88.7558     60.5302      0.0000      0.0004     -0.0005      0.0009
     37.9611   -117.5490      6.8261      0.8410      0.8272      0.0000      0.0000      0.0000     88.8132     60.5905      0.0000      0.0003     -0.0005      0.0008
     37.9574   -117.5490      7.5469      0.8411      0.8272      0.0000      0.0000      0.0000     88.8751     60.6508      0.0000      0.0003     -0.0005      0.0008
     37.9538   -117.5491      8.2682      0.8412      0.8273      0.0000      0.0000      0.0000     88.9414     60.7111      0.0000      0.0002     -0.0005      0.0008
     37.9501   -117.5491      8.9899      0.8413      0.8273      0.0000      0.0000      0.0000     89.0123     60.7714      0.0000      0.0002     -0.0005      0.0007
     37.9465   -117.5491      9.7120      0.8414      0.8273      0.0000      0.0000      0.0000     89.0876     60.8317      0.0000      0.0001     -0.0005      0.0007
     37.9429   -117.5492     10.4345      0.8415      0.8273      0.0000      0.0000      0.0000     89.1675     60.8920      0.0000      0.0001     -0.0005      0.0007
     37.9393   -117.5492     11.1575      0.8416      0.8273      0.0000      0.0000      0.0000     89.2519     60.9523      0.0000      0.0001     -0.0005      0.0006
     37.9357   -117.5493     11.8809      0.8417      0.8273      0.0000      0.0000      0.0000     89.3408     61.0127      0.0000      0.0000     -0.0005      0.0006
     37.9321   -117.5493     12.6047      0.8418      0.8273      0.0000      0.0000      0.0000     89.4343     61.0732      0.0000     -0.0000     -0.0005      0.0006
     37.9285   -117.5493     13.3290      0.8419      0.8273      0.0000      0.0000      0.0000     89.5323     61.1337      0.0000     -0.0001     -0.0005      0.0006
     37.9249   -117.5494     14.0537      0.8421      0.8273      0.0000      0.0000      0.0000     89.6348     61.1943      0.0000     -0.0001     -0.0005      0.0005
     37.9213   -117.5494     14.7788      0.8422      0.8273      0.0000      0.0000      0.0000     89.7419     61.2550      0.0000     -0.0001     -0.0006      0.0005
     37.9177   -117.5495     15.5043      0.8423      0.8273      0.0000      0.0000      0.0000     89.8536     61.3158    -85.0000     -0.0001     -0.0006      0.0005
     37.9142   -117.5495     16.2303      0.8424      0.8273      0.0000      0.0000      0.0000     89.9699     61.3767    -85.0000     -0.0002     -0.0005      0.0005
     37.9106   -117.5496     16.9567      0.8425      0.8273      0.0000      0.0000      0.0000     90.0908     61.4378    -85.0000     -0.0002     -0.0003      0.0005
     37.9945   -117.5390      0.3586      0.8399      0.8277      0.0000      0.0000      0.0000     88.4567     60.0436      0.0000      0.0005     -0.0006      0.0011
     37.9907   -117.5391      1.0759      0.8400      0.8277      0.0000      0.0000      0.0000     88.4794     60.0989      0.0000      0.0005     -0.0006      0.0011
     37.9870   -117.5391      1.7936      0.8401      0.8277      0.0000      0.0000      0.0000     88.5067     60.1542      0.0000      0.0005     -0.0006      0.0010
     37.9833   -117.5391      2.5117      0.8402      0.8277      0.0000      0.0000      0.0000     88.5384     60.2095      0.0000      0.0005     -0.0005      0.0010
     37.9796   -117.5392      3.2302      0.8404      0.8277      0.0000      0.0000      0.0000     88.5748     60.2646      0.0000      0.0005     -0.0005      0.0010
     37.9759   -117.5392      3.9491      0.8405      0.8277      0.0000      0.0000      0.0000     88.6157     60.3198      0.0000      0.0004     -0.0005      0.0009
     37.9723   -117.5393      4.6684      0.8406      0.8277      0.0000      0.0000      0.0000     88.6612     60.3749      0.0000      0.0004     -0.0005      0.0009
     37.9686   -117.5393      5.3881      0.8407      0.8277      0.0000      0.0000      0.0000     88.7112     60.4299      0.0000      0.0004     -0.0005      0.0008
     37.9649   -117.5393      6.1082      0.8408      0.8277      0.0000      0.0000      0.0000     88.7659     60.4849      0.0000      0.0003     -0.0005      0.0008
     37.9612   -117.5394      6.8286      0.8409      0.8278      0.0000      0.0000      0.0000     88.8251     60.5399      0.0000      0.0003     -0.0004      0.0008
     37.9576   -117.5394      7.5495      0.8411      0.8278      0.0000      0.0000      0.0000     88.8890     60.5948      0.0000      0.0003     -0.0004      0.0007
     37.9539   -117.5395      8.2708      0.8412      0.8278      0.0000      0.0000      0.0000     88.9575     60.6498      0.0000      0.0002     -0.0004      0.0007
     37.9503   -117.5395      8.9925      0.8413      0.8278      0.0000      0.0000      0.0000     89.0306     60.7047      0.0000      0.0002     -0.0004      0.0007
     37.9466   -117.5396      9.7146      0.8414      0.8278      0.0000      0.0000      0.0000     89.1083     60.7596      0.0000      0.0001     -0.0004      0.0007
     37.9430   -117.5396     10.4370      0.8415      0.8278      0.0000      0.0000      0.0000     89.1907     60.8146      0.0000      0.0001     -0.0004      0.0006
     37.9394   -117.5396     11.1599      0.8416      0.8278      0.0000      0.0000      0.0000     89.2778     60.8696      0.0000      0.0001     -0.0004      0.0006
     37.9358   -117.5397     11.8831      0.8417      0.8278      0.0000      0.0000      0.0000     89.3695     60.9246      0.0000      0.0000     -0.0004      0.0006
     37.9321   -117.5397     12.6068      0.8418      0.8278      0.0000      0.0000      0.0000     89.4659     60.9797      0.0000     -0.0000     -0.0004      0.0006
     37.9285   -117.5397     13.3308      0.8419      0.8278      0.0000      0.0000      0.0000     89.5669     61.0348      0.0000     -0.0000     -0.0005      0.0005
     37.9249   -117.5398     14.0553      0.8420      0.8278      0.0000      0.0000      0.0000     89.6727     61.0900      0.0000     -0.0001     -0.0005      0.0005
     37.9213   -117.5398     14.7801      0.8422      0.8278      0.0000      0.0000      0.0000     89.7831     61.1454      0.0000     -0.0001     -0.0005      0.0005
     37.9177   -117.5399     15.5053      0.8423      0.8278      0.0000      0.0000      0.0000     89.8982     61.2008      0.0000     -0.0001     -0.0005      0.0005
     37.9142   -117.5399     16.2309      0.8424      0.8278      0.0000      0.0000      0.0000     90.0181     61.2564    -85.0000     -0.0002     -0.0005      0.0005
     37.9106   -117.5399     16.9569      0.8425      0.8278      0.0000      0.0000      0.0000     90.1426     61.3121    -85.0000     -0.0002     -0.0004      0.0004
     37.9947   -117.5294      0.3588      0.8399      0.8282      0.0000      0.0000      0.0000     88.4565     60.0407      0.0000      0.0005     -0.0006      0.0010
     37.9909   -117.5295      1.0765      0.8400      0.8282      0.0000      0.0000      0.0000     88.4787     60.0908      0.0000      0.0005     -0.0006      0.0010
     37.9872   -117.5295      1.7946      0.8401      0.8282      0.0000      0.0000      0.0000     88.5053     60.1408      0.0000      0.0005     -0.0005      0.0010
     37.9835   -117.5296      2.5130      0.8402      0.8282      0.0000      0.0000      0.0000     88.5364     60.1907      0.0000      0.0004     -0.0005      0.0009
     37.9798   -117.5296      3.2318      0.8404      0.8282      0.0000      0.0000      0.0000     88.5719     60.2406      0.0000      0.0004     -0.0005      0.0009
     37.9761   -117.5296      3.9510      0.8405      0.8282      0.0000      0.0000      0.0000     88.6119     60.2905      0.0000      0.0004     -0.0005      0.0009
     37.9724   -117.5297      4.6705      0.8406      0.8283      0.0000      0.0000      0.0000     88.6563     60.3402      0.0000      0.0004     -0.0005      0.0008
     37.9687   -117.5297      5.3904      0.8407      0.8283      0.0000      0.0000      0.0000     88.7052     60.3900      0.0000      0.0003     -0.0004      0.0008
     37.9651   -117.5298      6.1106      0.8408      0.8283      0.0000      0.0000      0.0000     88.7586     60.4397      0.0000      0.0003     -0.0004      0.0008
     37.9614   -117.5298      6.8312      0.8409      0.8283      0.0000      0.0000      0.0000     88.8164     60.4893      0.0000      0.0003     -0.0004      0.0007
     37.9577   -117.5298      7.5522      0.8411      0.8283      0.0000      0.0000      0.0000     88.8788     60.5390      0.0000      0.0002     -0.0004      0.0007
     37.9541   -117.5299      8.2735      0.8412      0.8283      0.0000      0.0000      0.0000     88.9457     60.5886      0.0000      0.0002     -0.0004      0.0007
     37.9504   -117.5299      8.9951      0.8413      0.8283      0.0000      0.0000      0.0000     89.0170     60.6382      0.0000      0.0002     -0.0004      0.0007
     37.9468   -117.5300      9.7172      0.8414      0.8283      0.0000      0.0000      0.0000     89.0929     60.6878      0.0000      0.0001     -0.0004      0.0006
     37.9431   -117.5300     10.4396      0.8415      0.8283      0.0000      0.0000      0.0000     89.1733     60.7374      0.0000      0.0001     -0.0004      0.0006
     37.9395   -117.5300     11.1623      0.8416      0.8283      0.0000      0.0000      0.0000     89.2582     60.7870      0.0000      0.0001     -0.0004      0.0006
     37.9358   -117.5301     11.8854      0.8417      0.8283      0.0000      0.0000      0.0000     89.3477     60.8367      0.0000      0.0000     -0.0004      0.0006
     37.9322   -117.5301     12.6089      0.8418      0.8283      0.0000      0.0000      0.0000     89.4417     60.8864      0.0000      0.0000     -0.0004      0.0005
     37.9286   -117.5302     13.3327      0.8419      0.8283      0.0000      0.0000      0.0000     89.5403     60.9362      0.0000     -0.0000     -0.0004      0.0005
     37.9250   -117.5302     14.0569      0.8421      0.8283      0.0000      0.0000      0.0000     89.6434     60.9860      0.0000     -0.0001     -0.0004      0.0005
     37.9214   -117.5302     14.7814      0.8422      0.8283      0.0000      0.0000      0.0000     89.7511     61.0359      0.0000     -0.0001     -0.0004      0.0005
     37.9178   -117.5303     15.5063      0.8423      0.8283      0.0000      0.0000      0.0000     89.8633     61.0860      0.0000     -0.0001     -0.0004      0.0005
     37.9142   -117.5303     16.2315      0.8424      0.8283      0.0000      0.0000      0.0000     89.9802     61.1361      0.0000     -0.0001     -0.0004      0.0004
     37.9106   -117.5303     16.9571      0.8425      0.8283      0.0000      0.0000      0.0000     90.1016     61.1864    -85.0000     -0.0002     -0.0004      0.0004
     37.9949   -117.5199      0.3591      0.8399      0.8287      0.0000      0.0000      0.0000     88.4566     60.0379      0.0000      0.0004     -0.0006      0.0010
     37.9911   -117.5199      1.0771      0.8400      0.8287      0.0000      0.0000      0.0000     88.4789     60.0827      0.0000      0.0004     -0.0005      0.0009
     37.9874   -117.5199      1.7955      0.8401      0.8287      0.0000      0.0000      0.0000     88.5056     60.1275      0.0000      0.0004     -0.0005      0.0009
     37.9837   -117.5200      2.5143      0.8402      0.8287      0.0000      0.0000      0.0000     88.5368     60.1722      0.0000      0.0004     -0.0005      0.0009
     37.9800   -117.5200      3.2334      0.8404      0.8287      0.0000      0.0000      0.0000     88.5725     60.2169      0.0000      0.0004     -0.0005      0.0008
     37.9763   -117.5201      3.9528      0.8405      0.8288      0.0000      0.0000      0.0000     88.6127     60.2614      0.0000      0.0004     -0.0004      0.0008
     37.9726   -117.5201      4.6726      0.8406      0.8288      0.0000      0.0000      0.0000     88.6573     60.3060      0.0000      0.0003     -0.0004      0.0008
     37.9689   -117.5201      5.3926      0.8407      0.8288      0.0000      0.0000      0.0000     88.7064     60.3505      0.0000      0.0003     -0.0004      0.0008
     37.9652   -117.5202      6.1130      0.8408      0.8288      0.0000      0.0000      0.0000     88.7600     60.3949      0.0000      0.0003     -0.0004      0.0007
     37.9615   -117.5202      6.8337      0.8409      0.8288      0.0000      0.0000      0.0000     88.8181     60.4393      0.0000      0.0003     -0.0004      0.0007
     37.9579   -117.5202      7.5547      0.8411      0.8288      0.0000      0.0000      0.0000     88.8807     60.4836      0.0000      0.0002     -0.0004      0.0007
     37.9542   -117.5203      8.2761      0.8412      0.8288      0.0000      0.0000      0.0000     88.9478     60.5280      0.0000      0.0002     -0.0004      0.0006
     37.9505   -117.5203      8.9978      0.8413      0.8288      0.0000      0.0000      0.0000     89.0194     60.5723      0.0000      0.0002     -0.0004      0.0006
     37.9469   -117.5204      9.7198      0.8414      0.8288      0.0000      0.0000      0.0000     89.0955     60.6166      0.0000      0.0001     -0.0004      0.0006
     37.9432   -117.5204     10.4421      0.8415      0.8288      0.0000      0.0000      0.0000     89.1762     60.6609      0.0000      0.0001     -0.0004      0.0006
     37.9396   -117.5204     11.1647      0.8416      0.8288      0.0000      0.0000      0.0000     89.2614     60.7053      0.0000      0.0001     -0.0004      0.0006
     37.9359   -117.5205     11.8877      0.8417      0.8288      0.0000      0.0000      0.0000     89.3511     60.7496      0.0000      0.0000     -0.0004      0.0005
     37.9323   -117.5205     12.6110      0.8418      0.8288      0.0000      0.0000      0.0000     89.4454     60.7940      0.0000      0.0000     -0.0004      0.0005
     37.9286   -117.5206     13.3346      0.8419      0.8288      0.0000      0.0000      0.0000     89.5442     60.8385      0.0000     -0.0000     -0.0004      0.0005
     37.9250   -117.5206     14.0585      0.8420      0.8288      0.0000      0.0000      0.0000     89.6476     60.8830      0.0000     -0.0000     -0.0004      0.0005
     37.9214   -117.5206     14.7827      0.8422      0.8288      0.0000      0.0000      0.0000     89.7556     60.9276      0.0000     -0.0001     -0.0004      0.0005
     37.9178   -117.5207     15.5073      0.8423      0.8288      0.0000      0.0000      0.0000     89.8681     60.9724      0.0000     -0.0001     -0.0004      0.0004
     37.9142   -117.5207     16.2321      0.8424      0.8288      0.0000      0.0000      0.0000     89.9852     61.0172      0.0000     -0.0001     -0.0004      0.0004
     37.9105   -117.5207     16.9573      0.8425      0.8288      0.0000      0.0000      0.0000     90.1069     61.0621      0.0000     -0.0001     -0.0004      0.0004
     37.9951   -117.5103      0.3593      0.8399      0.8292      0.0000      0.0000      0.0000     88.4566     60.0351      0.0000      0.0004     -0.0005      0.0009
     37.9913   -117.5103      1.0777      0.8400      0.8292      0.0000      0.0000      0.0000     88.4790     60.0747      0.0000      0.0004     -0.0005      0.0009
     37.9876   -117.5104      1.7965      0.8401      0.8292      0.0000      0.0000      0.0000     88.5059     60.1142      0.0000      0.0004     -0.0005      0.0009
     37.9839   -117.5104      2.5156      0.8402      0.8293      0.0000      0.0000      0.0000     88.5373     60.1536      0.0000      0.0004     -0.0005      0.0008
     37.9802   -117.5104      3.2350      0.8404      0.8293      0.0000      0.0000      0.0000     88.5731     60.1930      0.0000      0.0004     -0.0004      0.0008
     37.9765   -117.5105      3.9547      0.8405      0.8293      0.0000      0.0000      0.0000     88.6135     60.2324      0.0000      0.0003     -0.0004      0.0008
     37.9728   -117.5105      4.6747      0.8406      0.8293      0.0000      0.0000      0.0000     88.6583     60.2716      0.0000      0.0003     -0.0004      0.0007
     37.9691   -117.5105      5.3949      0.8407      0.8293      0.0000      0.0000      0.0000     88.7076     60.3108      0.0000      0.0003     -0.0004      0.0007
     37.9654   -117.5106      6.1154      0.8408      0.8293      0.0000      0.0000      0.0000     88.7614     60.3500      0.0000      0.0003     -0.0004      0.0007
     37.9617   -117.5106      6.8363      0.8409      0.8293      0.0000      0.0000      0.0000     88.8197     60.3891      0.0000      0.0002     -0.0004      0.0007
     37.9580   -117.5107      7.5574      0.8410      0.8293      0.0000      0.0000      0.0000     88.8825     60.4282      0.0000      0.0002     -0.0004      0.0006
     37.9543   -117.5107      8.2788      0.8412      0.8293      0.0000      0.0000      0.0000     88.9499     60.4672      0.0000      0.0002     -0.0004      0.0006
     37.9507   -117.5107      9.0004      0.8413      0.8293      0.0000      0.0000      0.0000     89.0217     60.5063      0.0000      0.0002     -0.0004      0.0006
     37.9470   -117.5108      9.7224      0.8414      0.8293      0.0000      0.0000      0.0000     89.0981     60.5453      0.0000      0.0001     -0.0003      0.0006
     37.9433   -117.5108     10.4446      0.8415      0.8293      0.0000      0.0000      0.0000     89.1791     60.5843      0.0000      0.0001     -0.0003      0.0005
     37.9397   -117.5108     11.1671      0.8416      0.8293      0.0000      0.0000      0.0000     89.2645     60.6233      0.0000      0.0001     -0.0003      0.0005
     37.9360   -117.5109     11.8900      0.8417      0.8293      0.0000      0.0000      0.0000     89.3545     60.6624      0.0000      0.0001     -0.0003      0.0005
     37.9324   -117.5109     12.6130      0.8418      0.8293      0.0000      0.0000      0.0000     89.4491     60.7015      0.0000      0.0000     -0.0003      0.0005
     37.9287   -117.5110     13.3364      0.8419      0.8293      0.0000      0.0000      0.0000     89.5482     60.7407      0.0000     -0.0000     -0.0003      0.0005
     37.9251   -117.5110     14.0601      0.8420      0.8293      0.0000      0.0000      0.0000     89.6519     60.7799      0.0000     -0.0000     -0.0004      0.0004
     37.9214   -117.5110     14.7840      0.8422      0.8293      0.0000      0.0000      0.0000     89.7601     60.8192      0.0000     -0.0001     -0.0004      0.0004
     37.9178   -117.5111     15.5082      0.8423      0.8293      0.0000      0.0000      0.0000     89.8730     60.8586      0.0000     -0.0001     -0.0004      0.0004
     37.9142   -117.5111     16.2327      0.8424      0.8293      0.0000      0.0000      0.0000     89.9904     60.8981      0.0000     -0.0001     -0.0004      0.0004
     37.9105   -117.5111     16.9575      0.8425      0.8294      0.0000      0.0000      0.0000     90.1123     60.9377      0.0000     -0.0001     -0.0004      0.0004
     37.9953   -117.5012      0.3595      0.7559      0.8297      0.0000      0.0000      0.0000     88.4569     60.0324      0.0000      0.0004     -0.0005      0.0009
     37.9915   -117.5012      1.0783      0.7560      0.8297      0.0000      0.0000      0.0000     88.4793     60.0670      0.0000      0.0004     -0.0005      0.0008
     37.9878   -117.5013      1.7975      0.7561      0.8297      0.0000      0.0000      0.0000     88.5061     60.1015      0.0000      0.0004     -0.0004      0.0008
     37.9841   -117.5013      2.5169      0.7562      0.8298      0.0000      0.0000      0.0000     88.5374     60.1360      0.0000      0.0004     -0.0004      0.0008
     37.9804   -117.5013      3.2366      0.7563      0.8298      0.0000      0.0000      0.0000     88.5732     60.1704      0.0000      0.0003     -0.0004      0.0008
     37.9767   -117.5014      3.9565      0.7564      0.8298      0.0000      0.0000      0.0000     88.6135     60.2048      0.0000      0.0003     -0.0004      0.0007
     37.9729   -117.5014      4.6767      0.7565      0.8298      0.0000      0.0000      0.0000     88.6582     60.2390      0.0000      0.0003     -0.0004      0.0007
     37.9692   -117.5014      5.3971      0.7566      0.8298      0.0000      0.0000      0.0000     88.7074     60.2732      0.0000      0.0003     -0.0004      0.0007
     37.9655   -117.5015      6.1178      0.7567      0.8298      0.0000      0.0000      0.0000     88.7611     60.3074      0.0000      0.0003     -0.0004      0.0007
     37.9618   -117.5015      6.8387      0.7568      0.8298      0.0000      0.0000      0.0000     88.8192     60.3415      0.0000      0.0002     -0.0004      0.0006
     37.9582   -117.5015      7.5599      0.7569      0.8298      0.0000      0.0000      0.0000     88.8819     60.3756      0.0000      0.0002     -0.0003      0.0006
     37.9545   -117.5016      8.2813      0.7570      0.8298      0.0000      0.0000      0.0000     88.9490     60.4096      0.0000      0.0002     -0.0003      0.0006
     37.9508   -117.5016      9.0030      0.7571      0.8298      0.0000      0.0000      0.0000     89.0207     60.4436      0.0000      0.0002     -0.0003      0.0006
     37.9471   -117.5017      9.7249      0.7572      0.8298      0.0000      0.0000      0.0000     89.0968     60.4776      0.0000      0.0001     -0.0003      0.0005
     37.9434   -117.5017     10.4470      0.7573      0.8298      0.0000      0.0000      0.0000     89.1775     60.5116      0.0000      0.0001     -0.0003      0.0005
     37.9398   -117.5017     11.1695      0.7574      0.8298      0.0000      0.0000      0.0000     89.2627     60.5457      0.0000      0.0001     -0.0003      0.0005
     37.9361   -117.5018     11.8921      0.7575      0.8298      0.0000      0.0000      0.0000     89.3524     60.5797      0.0000      0.0001     -0.0003      0.0005
     37.9324   -117.5018     12.6150      0.7576      0.8298      0.0000      0.0000      0.0000     89.4466     60.6138      0.0000      0.0000     -0.0003      0.0005
     37.9288   -117.5018     13.3382      0.7577      0.8298      0.0000      0.0000      0.0000     89.5454     60.6479      0.0000      0.0000     -0.0003      0.0004
     37.9251   -117.5019     14.0616      0.7578      0.8298      0.0000      0.0000      0.0000     89.6487     60.6820      0.0000     -0.0000     -0.0003      0.0004
     37.9215   -117.5019     14.7853      0.7579      0.8298      0.0000      0.0000      0.0000     89.7565     60.7163      0.0000     -0.0000     -0.0003      0.0004
     37.9178   -117.5019     15.5092      0.7580      0.8298      0.0000      0.0000      0.0000     89.8689     60.7506      0.0000     -0.0001     -0.0003      0.0004
     37.9142   -117.5020     16.2333      0.7582      0.8298      0.0000      0.0000      0.0000     89.9858     60.7851      0.0000     -0.0001     -0.0003      0.0004
     37.9105   -117.5020     16.9577      0.7583      0.8298      0.0000      0.0000      0.0000     90.1072     60.8197      0.0000     -0.0001     -0.0003      0.0004
     37.9954   -117.4921      0.3597      0.8398      0.8302      0.0000      0.0000      0.0000     88.4567     60.0297      0.0000      0.0004     -0.0005      0.0008
     37.9917   -117.4921      1.0789      0.8400      0.8302      0.0000      0.0000      0.0000     88.4794     60.0593      0.0000      0.0004     -0.0004      0.0008
     37.9880   -117.4921      1.7984      0.8401      0.8302      0.0000      0.0000      0.0000     88.5065     60.0889      0.0000      0.0003     -0.0004      0.0008
     37.9843   -117.4922      2.5182      0.8402      0.8302      0.0000      0.0000      0.0000     88.5382     60.1183      0.0000      0.0003     -0.0004      0.0007
     37.9805   -117.4922      3.2381      0.8403      0.8303      0.0000      0.0000      0.0000     88.5743     60.1477      0.0000      0.0003     -0.0004      0.0007
     37.9768   -117.4923      3.9583      0.8405      0.8303      0.0000      0.0000      0.0000     88.6150     60.1771      0.0000      0.0003     -0.0004      0.0007
     37.9731   -117.4923      4.6787      0.8406      0.8303      0.0000      0.0000      0.0000     88.6602     60.2063      0.0000      0.0003     -0.0004      0.0007
     37.9694   -117.4923      5.3993      0.8407      0.8303      0.0000      0.0000      0.0000     88.7099     60.2355      0.0000      0.0003     -0.0004      0.0007
     37.9657   -117.4924      6.1201      0.8408      0.8303      0.0000      0.0000      0.0000     88.7641     60.2647      0.0000      0.0002     -0.0003      0.0006
     37.9620   -117.4924      6.8411      0.8409      0.8303      0.0000      0.0000      0.0000     88.8228     60.2937      0.0000      0.0002     -0.0003      0.0006
     37.9583   -117.4924      7.5624      0.8410      0.8303      0.0000      0.0000      0.0000     88.8861     60.3228      0.0000      0.0002     -0.0003      0.0006
     37.9546   -117.4925      8.2838      0.8411      0.8303      0.0000      0.0000      0.0000     88.9539     60.3518      0.0000      0.0002     -0.0003      0.0006
     37.9509   -117.4925      9.0055      0.8413      0.8303      0.0000      0.0000      0.0000     89.0263     60.3808      0.0000      0.0002     -0.0003      0.0005
     37.9472   -117.4925      9.7274      0.8414      0.8303      0.0000      0.0000      0.0000     89.1032     60.4098      0.0000      0.0001     -0.0003      0.0005
     37.9435   -117.4926     10.4495      0.8415      0.8303      0.0000      0.0000      0.0000     89.1846     60.4387      0.0000      0.0001     -0.0003      0.0005
     37.9398   -117.4926     11.1718      0.8416      0.8303      0.0000      0.0000      0.0000     89.2706     60.4677      0.0000      0.0001     -0.0003      0.0005
     37.9362   -117.4926     11.8943      0.8417      0.8303      0.0000      0.0000      0.0000     89.3611     60.4967      0.0000      0.0001     -0.0003      0.0005
     37.9325   -117.4927     12.6170      0.8418      0.8303      0.0000      0.0000      0.0000     89.4562     60.5257      0.0000      0.0000     -0.0003      0.0004
     37.9288   -117.4927     13.3400      0.8419      0.8303      0.0000      0.0000      0.0000     89.5558     60.5548      0.0000      0.0000     -0.0003      0.0004
     37.9252   -117.4927     14.0632      0.8420      0.8303      0.0000      0.0000      0.0000     89.6600     60.5839      0.0000     -0.0000     -0.0003      0.0004
     37.9215   -117.4928     14.7865      0.8422      0.8303      0.0000      0.0000      0.0000     89.7688     60.6132      0.0000     -0.0000     -0.0003      0.0004
     37.9178   -117.4928     15.5101      0.8423      0.8303      0.0000      0.0000      0.0000     89.8822     60.6425      0.0000     -0.0001     -0.0003      0.0004
     37.9142   -117.4929     16.2339      0.8424      0.8303      0.0000      0.0000      0.0000     90.0001     60.6719      0.0000     -0.0001     -0.0003      0.0004
     37.9105   -117.4929     16.9579      0.8425      0.8303      0.0000      0.0000      0.0000     90.1226     60.7014      0.0000     -0.0001     -0.0003      0.0004
     37.9957   -117.4825      0.3599      0.8398      0.8307      0.0000      0.0000      0.0000     88.4568     60.0269      0.0000      0.0003     -0.0004      0.0008
     37.9919   -117.4825      1.0795      0.8400      0.8308      0.0000      0.0000      0.0000     88.4795     60.0512      0.0000      0.0003     -0.0004      0.0007
     37.9882   -117.4826      1.7994      0.8401      0.8308      0.0000      0.0000      0.0000     88.5068     60.0755      0.0000      0.0003     -0.0004      0.0007
     37.9845   -117.4826      2.5195      0.8402      0.8308      0.0000      0.0000      0.0000     88.5386     60.0996      0.0000      0.0003     -0.0004      0.0007
     37.9807   -117.4826      3.2398      0.8403      0.8308      0.0000      0.0000      0.0000     88.5749     60.1237      0.0000      0.0003     -0.0004      0.0007
     37.9770   -117.4827      3.9602      0.8405      0.8308      0.0000      0.0000      0.0000     88.6158     60.1478      0.0000      0.0003     -0.0004      0.0007
     37.9733   -117.4827      4.6808      0.8406      0.8308      0.0000      0.0000      0.0000     88.6612     60.1717      0.0000      0.0003     -0.0003      0.0006
     37.9696   -117.4827      5.4016      0.8407      0.8308      0.0000      0.0000      0.0000     88.7111     60.1956      0.0000      0.0003     -0.0003      0.0006
     37.9659   -117.4828      6.1226      0.8408      0.8308      0.0000      0.0000      0.0000     88.7655     60.2195      0.0000      0.0002     -0.0003      0.0006
     37.9622   -117.4828      6.8437      0.8409      0.8308      0.0000      0.0000      0.0000     88.8245     60.2432      0.0000      0.0002     -0.0003      0.0006
     37.9584   -117.4828      7.5650      0.8410      0.8308      0.0000      0.0000      0.0000     88.8880     60.2670      0.0000      0.0002     -0.0003      0.0006
     37.9547   -117.4829      8.2865      0.8411      0.8308      0.0000      0.0000      0.0000     88.9561     60.2907      0.0000      0.0002     -0.0003      0.0005
     37.9510   -117.4829      9.0082      0.8413      0.8308      0.0000      0.0000      0.0000     89.0287     60.3144      0.0000      0.0001     -0.0003      0.0005
     37.9473   -117.4829      9.7300      0.8414      0.8308      0.0000      0.0000      0.0000     89.1058     60.3380      0.0000      0.0001     -0.0003      0.0005
     37.9436   -117.4830     10.4521      0.8415      0.8308      0.0000      0.0000      0.0000     89.1875     60.3617      0.0000      0.0001     -0.0003      0.0005
     37.9399   -117.4830     11.1743      0.8416      0.8308      0.0000      0.0000      0.0000     89.2738     60.3853      0.0000      0.0001     -0.0003      0.0005
     37.9363   -117.4830     11.8966      0.8417      0.8308      0.0000      0.0000      0.0000     89.3646     60.4090      0.0000      0.0001     -0.0003      0.0004
     37.9326   -117.4831     12.6192      0.8418      0.8309      0.0000      0.0000      0.0000     89.4599     60.4327      0.0000      0.0000     -0.0003      0.0004
     37.9289   -117.4831     13.3419      0.8419      0.8309      0.0000      0.0000      0.0000     89.5599     60.4564      0.0000      0.0000     -0.0003      0.0004
     37.9252   -117.4831     14.0648      0.8420      0.8309      0.0000      0.0000      0.0000     89.6644     60.4802      0.0000     -0.0000     -0.0003      0.0004
     37.9215   -117.4832     14.7879      0.8422      0.8309      0.0000      0.0000      0.0000     89.7734     60.5041      0.0000     -0.0000     -0.0003      0.0004
     37.9178   -117.4832     15.5111      0.8423      0.8309      0.0000      0.0000      0.0000     89.8871     60.5281      0.0000     -0.0000     -0.0003      0.0004
     37.9142   -117.4833     16.2346      0.8424      0.8309      0.0000      0.0000      0.0000     90.0052     60.5522      0.0000     -0.0001     -0.0003      0.0004
     37.9105   -117.4833     16.9582      0.8425      0.8309      0.0000      0.0000      0.0000     90.1280     60.5764      0.0000     -0.0001     -0.0003      0.0003
     37.9959   -117.4729      0.3601      0.8398      0.8313      0.0000      0.0000      0.0000     88.4562     60.0241      0.0000      0.0003     -0.0004      0.0007
     37.9921   -117.4729      1.0802      0.8400      0.8313      0.0000      0.0000      0.0000     88.4778     60.0433      0.0000      0.0003     -0.0004      0.0007
     37.9884   -117.4730      1.8004      0.8401      0.8313      0.0000      0.0000      0.0000     88.5037     60.0624      0.0000      0.0003     -0.0004      0.0007
     37.9847   -117.4730      2.5208      0.8402      0.8313      0.0000      0.0000      0.0000     88.5339     60.0815      0.0000      0.0003     -0.0004      0.0007
     37.9809   -117.4731      3.2414      0.8403      0.8313      0.0000      0.0000      0.0000     88.5683     60.1004      0.0000      0.0003     -0.0004      0.0006
     37.9772   -117.4731      3.9621      0.8405      0.8313      0.0000      0.0000      0.0000     88.6070     60.1193      0.0000      0.0003     -0.0003      0.0006
     37.9735   -117.4731      4.6829      0.8406      0.8313      0.0000      0.0000      0.0000     88.6500     60.1381      0.0000      0.0003     -0.0003      0.0006
     37.9697   -117.4732      5.4039      0.8407      0.8313      0.0000      0.0000      0.0000     88.6973     60.1569      0.0000      0.0002     -0.0003      0.0006
     37.9660   -117.4732      6.1250      0.8408      0.8313      0.0000      0.0000      0.0000     88.7489     60.1756      0.0000      0.0002     -0.0003      0.0006
     37.9623   -117.4732      6.8463      0.8409      0.8313      0.0000      0.0000      0.0000     88.8047     60.1943      0.0000      0.0002     -0.0003      0.0005
     37.9586   -117.4733      7.5676      0.8410      0.8313      0.0000      0.0000      0.0000     88.8649     60.2129      0.0000      0.0002     -0.0003      0.0005
     37.9549   -117.4733      8.2892      0.8411      0.8313      0.0000      0.0000      0.0000     88.9293     60.2314      0.0000      0.0002     -0.0003      0.0005
     37.9512   -117.4733      9.0108      0.8413      0.8313      0.0000      0.0000      0.0000     88.9980     60.2500      0.0000      0.0001     -0.0003      0.0005
     37.9475   -117.4734      9.7326      0.8414      0.8313      0.0000      0.0000      0.0000     89.0711     60.2685      0.0000      0.0001     -0.0003      0.0005
     37.9437   -117.4734     10.4546      0.8415      0.8314      0.0000      0.0000      0.0000     89.1484     60.2870      0.0000      0.0001     -0.0003      0.0005
     37.9400   -117.4734     11.1767      0.8416      0.8314      0.0000      0.0000      0.0000     89.2300     60.3055      0.0000      0.0001     -0.0003      0.0004
     37.9363   -117.4735     11.8989      0.8417      0.8314      0.0000      0.0000      0.0000     89.3159     60.3240      0.0000      0.0001     -0.0003      0.0004
     37.9326   -117.4735     12.6213      0.8418      0.8314      0.0000      0.0000      0.0000     89.4061     60.3426      0.0000      0.0000     -0.0003      0.0004
     37.9289   -117.4735     13.3438      0.8419      0.8314      0.0000      0.0000      0.0000     89.5007     60.3611      0.0000      0.0000     -0.0003      0.0004
     37.9252   -117.4736     14.0664      0.8420      0.8314      0.0000      0.0000      0.0000     89.5995     60.3797      0.0000      0.0000     -0.0003      0.0004
     37.9215   -117.4736     14.7892      0.8422      0.8314      0.0000      0.0000      0.0000     89.7026     60.3984      0.0000     -0.0000     -0.0003      0.0004
     37.9179   -117.4736     15.5121      0.8423      0.8314      0.0000      0.0000      0.0000     89.8101     60.4172      0.0000     -0.0000     -0.0003      0.0004
     37.9142   -117.4736     16.2352      0.8424      0.8314      0.0000      0.0000      0.0000     89.9218     60.4360      0.0000     -0.0000     -0.0003      0.0003
     37.9105   -117.4737     16.9584      0.8425      0.8314      0.0000      0.0000      0.0000     90.0379     60.4550      0.0000     -0.0001     -0.0003      0.0003
     37.9961   -117.4633      0.3603      0.8398      0.8318      0.0000      0.0000      0.0000     88.4563     60.0214      0.0000      0.0003     -0.0004      0.0007
     37.9923   -117.4634      1.0808      0.8400      0.8318      0.0000      0.0000      0.0000     88.4780     60.0356      0.0000      0.0003     -0.0004      0.0007
     37.9886   -117.4634      1.8014      0.8401      0.8318      0.0000      0.0000      0.0000     88.5040     60.0497      0.0000      0.0003     -0.0004      0.0007
     37.9848   -117.4634      2.5221      0.8402      0.8318      0.0000      0.0000      0.0000     88.5343     60.0637      0.0000      0.0003     -0.0003      0.0006
     37.9811   -117.4635      3.2430      0.8403      0.8318      0.0000      0.0000      0.0000     88.5689     60.0777      0.0000      0.0003     -0.0003      0.0006
     37.9774   -117.4635      3.9639      0.8405      0.8318      0.0000      0.0000      0.0000     88.6077     60.0915      0.0000      0.0002     -0.0003      0.0006
     37.9736   -117.4635      4.6850      0.8406      0.8318      0.0000      0.0000      0.0000     88.6509     60.1054      0.0000      0.0002     -0.0003      0.0006
     37.9699   -117.4636      5.4061      0.8407      0.8318      0.0000      0.0000      0.0000     88.6984     60.1191      0.0000      0.0002     -0.0003      0.0006
     37.9662   -117.4636      6.1274      0.8408      0.8318      0.0000      0.0000      0.0000     88.7501     60.1328      0.0000      0.0002     -0.0003      0.0005
     37.9625   -117.4636      6.8487      0.8409      0.8318      0.0000      0.0000      0.0000     88.8062     60.1464      0.0000      0.0002     -0.0003      0.0005
     37.9587   -117.4637      7.5702      0.8410      0.8318      0.0000      0.0000      0.0000     88.8665     60.1600      0.0000      0.0002     -0.0003      0.0005
     37.9550   -117.4637      8.2918      0.8411      0.8318      0.0000      0.0000      0.0000     88.9312     60.1735      0.0000      0.0002     -0.0003      0.0005
     37.9513   -117.4637      9.0134      0.8413      0.8318      0.0000      0.0000      0.0000     89.0001     60.1870      0.0000      0.0001     -0.0003      0.0005
     37.9476   -117.4638      9.7352      0.8414      0.8318      0.0000      0.0000      0.0000     89.0734     60.2005      0.0000      0.0001     -0.0003      0.0005
     37.9439   -117.4638     10.4571      0.8415      0.8319      0.0000      0.0000      0.0000     89.1510     60.2140      0.0000      0.0001     -0.0003      0.0004
     37.9401   -117.4638     11.1790      0.8416      0.8319      0.0000      0.0000      0.0000     89.2328     60.2275      0.0000      0.0001     -0.0003      0.0004
     37.9364   -117.4639     11.9011      0.8417      0.8319      0.0000      0.0000      0.0000     89.3190     60.2410      0.0000      0.0001     -0.0003      0.0004
     37.9327   -117.4639     12.6233      0.8418      0.8319      0.0000      0.0000      0.0000     89.4094     60.2545      0.0000      0.0000     -0.0003      0.0004
     37.9290   -117.4639     13.3456      0.8419      0.8319      0.0000      0.0000      0.0000     89.5042     60.2680      0.0000      0.0000     -0.0003      0.0004
     37.9253   -117.4640     14.0680      0.8420      0.8319      0.0000      0.0000      0.0000     89.6033     60.2816      0.0000      0.0000     -0.0003      0.0004
     37.9216   -117.4640     14.7905      0.8422      0.8319      0.0000      0.0000      0.0000     89.7067     60.2952      0.0000     -0.0000     -0.0003      0.0004
     37.9179   -117.4640     15.5131      0.8423      0.8319      0.0000      0.0000      0.0000     89.8143     60.3089      0.0000     -0.0000     -0.0003      0.0003
     37.9142   -117.4640     16.2358      0.8424      0.8319      0.0000      0.0000      0.0000     89.9263     60.3228      0.0000     -0.0000     -0.0003      0.0003
     37.9105   -117.4641     16.9586      0.8425      0.8319      0.0000      0.0000      0.0000     90.0426     60.3367      0.0000     -0.0001     -0.0003      0.0003
     37.9963   -117.4538      0.3605      0.8398      0.8323      0.0000      0.0000      0.0000     88.4587     60.0184      0.0000      0.0003     -0.0004      0.0006
     37.9925   -117.4538      1.0814      0.8400      0.8323      0.0000      0.0000      0.0000     88.4857     60.0269      0.0000      0.0003     -0.0004      0.0006
     37.9888   -117.4538      1.8025      0.8401      0.8323      0.0000      0.0000      0.0000     88.5181     60.0353      0.0000      0.0003     -0.0003      0.0006
     37.9850   -117.4538      2.5236      0.8402      0.8324      0.0000      0.0000      0.0000     88.5558     60.0437      0.0000      0.0002     -0.0003      0.0006
     37.9813   -117.4539      3.2448      0.8403      0.8324      0.0000      0.0000      0.0000     88.5988     60.0519      0.0000      0.0002     -0.0003      0.0006
     37.9776   -117.4539      3.9660      0.8404      0.8324      0.0000      0.0000      0.0000     88.6472     60.0601      0.0000      0.0002     -0.0003      0.0006
     37.9738   -117.4539      4.6873      0.8405      0.8324      0.0000      0.0000      0.0000     88.7010     60.0681      0.0000      0.0002     -0.0003      0.0005
     37.9701   -117.4540      5.4086      0.8407      0.8324      0.0000      0.0000      0.0000     88.7601     60.0761      0.0000      0.0002     -0.0003      0.0005
     37.9664   -117.4540      6.1300      0.8408      0.8324      0.0000      0.0000      0.0000     88.8245     60.0840      0.0000      0.0002     -0.0003      0.0005
     37.9626   -117.4540      6.8515      0.8409      0.8324      0.0000      0.0000      0.0000     88.8943     60.0919      0.0000      0.0002     -0.0003      0.0005
     37.9589   -117.4541      7.5731      0.8410      0.8324      0.0000      0.0000      0.0000     88.9695     60.0997      0.0000      0.0002     -0.0003      0.0005
     37.9552   -117.4541      8.2947      0.8411      0.8324      0.0000      0.0000      0.0000     89.0500     60.1075      0.0000      0.0001     -0.0003      0.0005
     37.9514   -117.4541      9.0163      0.8412      0.8324      0.0000      0.0000      0.0000     89.1358     60.1152      0.0000      0.0001     -0.0003      0.0005
     37.9477   -117.4542      9.7381      0.8413      0.8324      0.0000      0.0000      0.0000     89.2270     60.1230      0.0000      0.0001     -0.0002      0.0004
     37.9440   -117.4542     10.4599      0.8414      0.8324      0.0000      0.0000      0.0000     89.3235     60.1307      0.0000      0.0001     -0.0002      0.0004
     37.9402   -117.4542     11.1817      0.8415      0.8324      0.0000      0.0000      0.0000     89.4254     60.1384      0.0000      0.0001     -0.0002      0.0004
     37.9365   -117.4543     11.9036      0.8416      0.8324      0.0000      0.0000      0.0000     89.5326     60.1462      0.0000      0.0001     -0.0002      0.0004
     37.9328   -117.4543     12.6256      0.8418      0.8324      0.0000      0.0000      0.0000     89.6452     60.1541      0.0000      0.0000     -0.0002      0.0004
     37.9291   -117.4543     13.3477      0.8419      0.8324      0.0000      0.0000      0.0000     89.7631     60.1620      0.0000      0.0000     -0.0002      0.0004
     37.9253   -117.4544     14.0698      0.8420      0.8324      0.0000      0.0000      0.0000     89.8864     60.1700      0.0000      0.0000     -0.0002      0.0003
     37.9216   -117.4544     14.7919      0.8421      0.8324      0.0000      0.0000      0.0000     90.0150     60.1781      0.0000      0.0000     -0.0002      0.0003
     37.9179   -117.4544     15.5142      0.8422      0.8324      0.0000      0.0000      0.0000     90.1489     60.1864      0.0000     -0.0000     -0.0002      0.0003
     37.9142   -117.4544     16.2365      0.8424      0.8324      0.0000      0.0000      0.0000     90.2882     60.1949      0.0000     -0.0000     -0.0002      0.0003
     37.9104   -117.4545     16.9588      0.8425      0.8324      0.0000      0.0000      0.0000     90.4328     60.2035      0.0000     -0.0000     -0.0002      0.0003
     37.9965   -117.4442      0.3608      0.8398      0.8328      0.0000      0.0000      0.0000     88.4540     60.0157      0.0000      0.0002     -0.0004      0.0006
     37.9927   -117.4442      1.0821      0.8400      0.8328      0.0000      0.0000      0.0000     88.4707     60.0192      0.0000      0.0002     -0.0003      0.0006
     37.9890   -117.4442      1.8035      0.8401      0.8328      0.0000      0.0000      0.0000     88.4907     60.0227      0.0000      0.0002     -0.0003      0.0006
     37.9852   -117.4443      2.5249      0.8402      0.8329      0.0000      0.0000      0.0000     88.5140     60.0261      0.0000      0.0002     -0.0003      0.0006
     37.9815   -117.4443      3.2464      0.8403      0.8329      0.0000      0.0000      0.0000     88.5406     60.0295      0.0000      0.0002     -0.0003      0.0006
     37.9777   -117.4443      3.9678      0.8405      0.8329      0.0000      0.0000      0.0000     88.5704     60.0328      0.0000      0.0002     -0.0003      0.0005
     37.9740   -117.4444      4.6893      0.8406      0.8329      0.0000      0.0000      0.0000     88.6035     60.0360      0.0000      0.0002     -0.0003      0.0005
     37.9703   -117.4444      5.4109      0.8407      0.8329      0.0000      0.0000      0.0000     88.6399     60.0392      0.0000      0.0002     -0.0003      0.0005
     37.9665   -117.4444      6.1324      0.8408      0.8329      0.0000      0.0000      0.0000     88.6796     60.0423      0.0000      0.0002     -0.0003      0.0005
     37.9628   -117.4444      6.8540      0.8409      0.8329      0.0000      0.0000      0.0000     88.7225     60.0454      0.0000      0.0002     -0.0003      0.0005
     37.9590   -117.4445      7.5756      0.8411      0.8329      0.0000      0.0000      0.0000     88.7687     60.0485      0.0000      0.0002     -0.0003      0.0005
     37.9553   -117.4445      8.2973      0.8412      0.8329      0.0000      0.0000      0.0000     88.8182     60.0515      0.0000      0.0001     -0.0002      0.0004
     37.9516   -117.4445      9.0190      0.8413      0.8329      0.0000      0.0000      0.0000     88.8709     60.0545      0.0000      0.0001     -0.0002      0.0004
     37.9478   -117.4446      9.7406      0.8414      0.8329      0.0000      0.0000      0.0000     88.9269     60.0574      0.0000      0.0001     -0.0002      0.0004
     37.9441   -117.4446     10.4624      0.8415      0.8329      0.0000      0.0000      0.0000     88.9862     60.0603      0.0000      0.0001     -0.0002      0.0004
     37.9403   -117.4446     11.1841      0.8416      0.8329      0.0000      0.0000      0.0000     89.0488     60.0633      0.0000      0.0001     -0.0002      0.0004
     37.9366   -117.4447     11.9059      0.8418      0.8329      0.0000      0.0000      0.0000     89.1146     60.0662      0.0000      0.0001     -0.0002      0.0004
     37.9329   -117.4447     12.6277      0.8419      0.8329      0.0000      0.0000      0.0000     89.1837     60.0690      0.0000      0.0000     -0.0002      0.0004
     37.9291   -117.4447     13.3495      0.8420      0.8329      0.0000      0.0000      0.0000     89.2561     60.0719      0.0000      0.0000     -0.0002      0.0003
     37.9254   -117.4448     14.0714      0.8421      0.8329      0.0000      0.0000      0.0000     89.3317     60.0749      0.0000      0.0000     -0.0002      0.0003
     37.9216   -117.4448     14.7932      0.8422      0.8329      0.0000      0.0000      0.0000     89.4106     60.0778      0.0000      0.0000     -0.0002      0.0003
     37.9179   -117.4448     15.5151      0.8423      0.8329      0.0000      0.0000      0.0000     89.4928     60.0807      0.0000     -0.0000     -0.0002      0.0003
     37.9142   -117.4448     16.2371      0.8425      0.8329      0.0000      0.0000      0.0000     89.5782     60.0837      0.0000     -0.0000     -0.0002      0.0003
     37.9104   -117.4449     16.9590      0.8426      0.8329      0.0000      0.0000      0.0000     89.6669     60.0868      0.0000     -0.0000     -0.0002      0.0003
     37.9967   -117.4351      0.3610      0.7558      0.8333      0.0000      0.0000      0.0000     88.4599     60.0130      0.0000      0.0002     -0.0003      0.0006
     37.9929   -117.4351      1.0827      0.7560      0.8333      0.0000      0.0000      0.0000     88.4889     60.0116      0.0000      0.0002     -0.0003      0.0006
     37.9892   -117.4351      1.8044      0.7561      0.8334      0.0000      0.0000      0.0000     88.5236     60.0101      0.0000      0.0002     -0.0003      0.0006
     37.9854   -117.4352      2.5262      0.7562      0.8334      0.0000      0.0000      0.0000     88.5641     60.0084      0.0000      0.0002     -0.0003      0.0005
     37.9817   -117.4352      3.2479      0.7563      0.8334      0.0000      0.0000      0.0000     88.6103     60.0067      0.0000      0.0002     -0.0003      0.0005
     37.9779   -117.4352      3.9697      0.7564      0.8334      0.0000      0.0000      0.0000     88.6622     60.0049      0.0000      0.0002     -0.0003      0.0005
     37.9742   -117.4352      4.6914      0.7565      0.8334      0.0000      0.0000      0.0000     88.7198     60.0029      0.0000      0.0002     -0.0003      0.0005
     37.9704   -117.4353      5.4131      0.7566      0.8334      0.0000      0.0000      0.0000     88.7832     60.0009      0.0000      0.0002     -0.0003      0.0005
     37.9667   -117.4353      6.1348      0.7567      0.8334      0.0000      0.0000      0.0000     88.8523     59.9989      0.0000      0.0002     -0.0003      0.0005
     37.9629   -117.4353      6.8565      0.7568      0.8334      0.0000      0.0000      0.0000     88.9271     59.9967      0.0000      0.0002     -0.0002      0.0005
     37.9592   -117.4354      7.5782      0.7569      0.8334      0.0000      0.0000      0.0000     89.0076     59.9945      0.0000      0.0001     -0.0002      0.0004
     37.9554   -117.4354      8.2999      0.7570      0.8334      0.0000      0.0000      0.0000     89.0938     59.9923      0.0000      0.0001     -0.0002      0.0004
     37.9517   -117.4354      9.0215      0.7571      0.8334      0.0000      0.0000      0.0000     89.1857     59.9901      0.0000      0.0001     -0.0002      0.0004
     37.9479   -117.4355      9.7432      0.7572      0.8334      0.0000      0.0000      0.0000     89.2833     59.9878      0.0000      0.0001     -0.0002      0.0004
     37.9442   -117.4355     10.4648      0.7573      0.8334      0.0000      0.0000      0.0000     89.3867     59.9856      0.0000      0.0001     -0.0002      0.0004
     37.9404   -117.4355     11.1865      0.7574      0.8334      0.0000      0.0000      0.0000     89.4957     59.9833      0.0000      0.0001     -0.0002      0.0004
     37.9367   -117.4355     11.9081      0.7575      0.8334      0.0000      0.0000      0.0000     89.6104     59.9812      0.0000      0.0001     -0.0002      0.0004
     37.9329   -117.4356     12.6297      0.7576      0.8334      0.0000      0.0000      0.0000     89.7308     59.9791      0.0000      0.0001     -0.0002      0.0003
     37.9292   -117.4356     13.3513      0.7577      0.8334      0.0000      0.0000      0.0000     89.8570     59.9771      0.0000      0.0000     -0.0002      0.0003
     37.9254   -117.4356     14.0729      0.7578      0.8334      0.0000      0.0000      0.0000     89.9888     59.9752      0.0000      0.0000     -0.0002      0.0003
     37.9217   -117.4357     14.7945      0.7579      0.8334      0.0000      0.0000      0.0000     90.1262     59.9735      0.0000      0.0000     -0.0002      0.0003
     37.9179   -117.4357     15.5161      0.7580      0.8334      0.0000      0.0000      0.0000     90.2694     59.9719      0.0000     -0.0000     -0.0002      0.0003
     37.9142   -117.4357     16.2377      0.7581      0.8334      0.0000      0.0000      0.0000     90.4182     59.9705      0.0000     -0.0000     -0.0002      0.0003
     37.9104   -117.4357     16.9592      0.7583      0.8334      0.0000      0.0000      0.0000     90.5727     59.9694      0.0000     -0.0000     -0.0002      0.0003
