     lat_deg     lon_deg    depth_km   length_km    width_km  slp_strk_m  slp_ddip_m    slp_am_m  strike_deg     dip_deg    rake_deg sig_stk_MPa sig_ddi_MPa sig_nrm_MPa
     37.9966   -118.5645      0.3610      0.8388      0.8333      0.0000      0.0000      0.0000     91.5242     60.0127      0.0000     -0.0003     -0.0004      0.0006
     37.9929   -118.5644      1.0826      0.8387      0.8333      0.0000      0.0000      0.0000     91.4976     60.0114      0.0000     -0.0003     -0.0004      0.0006
     37.9892   -118.5644      1.8044      0.8386      0.8333      0.0000      0.0000      0.0000     91.4655     60.0100      0.0000     -0.0003     -0.0003      0.0006
     37.9854   -118.5644      2.5261      0.8384      0.8334      0.0000      0.0000      0.0000     91.4281     60.0085      0.0000     -0.0003     -0.0003      0.0006
     37.9817   -118.5643      3.2479      0.8383      0.8334      0.0000      0.0000      0.0000     91.3853     60.0070      0.0000     -0.0003     -0.0003      0.0006
     37.9779   -118.5643      3.9696      0.8381      0.8334      0.0000      0.0000      0.0000     91.3370     60.0053      0.0000     -0.0003     -0.0003      0.0006
     37.9742   -118.5643      4.6913      0.8380      0.8334      0.0000      0.0000      0.0000     91.2834     60.0035      0.0000     -0.0003     -0.0003      0.0005
     37.9704   -118.5643      5.4130      0.8379      0.8334      0.0000      0.0000      0.0000     91.2244     60.0017      0.0000     -0.0002     -0.0003      0.0005
     37.9667   -118.5642      6.1347      0.8377      0.8334      0.0000      0.0000      0.0000     91.1599     59.9998      0.0000     -0.0002     -0.0003      0.0005
     37.9629   -118.5642      6.8564      0.8376      0.8334      0.0000      0.0000      0.0000     91.0901     59.9978      0.0000     -0.0002     -0.0003      0.0005
     37.9592   -118.5642      7.5781      0.8374      0.8334      0.0000      0.0000      0.0000     91.0148     59.9958      0.0000     -0.0002     -0.0003      0.0005
     37.9554   -118.5641      8.2998      0.8373      0.8334      0.0000      0.0000      0.0000     90.9341     59.9938      0.0000     -0.0002     -0.0002      0.0005
     37.9517   -118.5641      9.0215      0.8371      0.8334      0.0000      0.0000      0.0000     90.8480     59.9917      0.0000     -0.0002     -0.0002      0.0005
     37.9479   -118.5641      9.7431      0.8370      0.8334      0.0000      0.0000      0.0000     90.7564     59.9896      0.0000     -0.0002     -0.0002      0.0004
     37.9442   -118.5641     10.4648      0.8368      0.8334      0.0000      0.0000      0.0000     90.6595     59.9875      0.0000     -0.0001     -0.0002      0.0004
     37.9404   -118.5640     11.1864      0.8367      0.8334      0.0000      0.0000      0.0000     90.5571     59.9855      0.0000     -0.0001     -0.0002      0.0004
     37.9367   -118.5640     11.9080      0.8365      0.8334      0.0000      0.0000      0.0000     90.4493     59.9835      0.0000     -0.0001     -0.0002      0.0004
     37.9329   -118.5640     12.6297      0.8364      0.8334      0.0000      0.0000      0.0000     90.3360     59.9815      0.0000     -0.0001     -0.0002      0.0004
     37.9292   -118.5640     13.3513      0.8362      0.8334      0.0000      0.0000      0.0000     90.2173     59.9796      0.0000     -0.0001     -0.0002      0.0004
     37.9254   -118.5639     14.0729      0.8361      0.8334      0.0000      0.0000      0.0000     90.0932     59.9778      0.0000     -0.0001     -0.0002      0.0004
     37.9217   -118.5639     14.7945      0.8360      0.8334      0.0000      0.0000      0.0000     89.9637     59.9762      0.0000     -0.0000     -0.0002      0.0003
     37.9179   -118.5639     15.5161      0.8358      0.8334      0.0000      0.0000      0.0000     89.8287     59.9746      0.0000     -0.0000     -0.0002      0.0003
     37.9142   -118.5638     16.2376      0.8357      0.8334      0.0000      0.0000      0.0000     89.6882     59.9733      0.0000     -0.0000     -0.0002      0.0003
     37.9104   -118.5638     16.9592      0.8356      0.8334      0.0000      0.0000      0.0000     89.5423     59.9721      0.0000     -0.0000     -0.0002      0.0003
     37.9964   -118.5549      0.3607      0.8388      0.8328      0.0000      0.0000      0.0000     91.5266     60.0152      0.0000     -0.0003     -0.0004      0.0007
     37.9927   -118.5549      1.0820      0.8387      0.8328      0.0000      0.0000      0.0000     91.5053     60.0196      0.0000     -0.0003     -0.0004      0.0007
     37.9890   -118.5548      1.8033      0.8386      0.8328      0.0000      0.0000      0.0000     91.4797     60.0239      0.0000     -0.0003     -0.0004      0.0006
     37.9852   -118.5548      2.5247      0.8384      0.8328      0.0000      0.0000      0.0000     91.4498     60.0281      0.0000     -0.0003     -0.0003      0.0006
     37.9815   -118.5548      3.2461      0.8383      0.8328      0.0000      0.0000      0.0000     91.4155     60.0322      0.0000     -0.0003     -0.0003      0.0006
     37.9777   -118.5548      3.9675      0.8382      0.8328      0.0000      0.0000      0.0000     91.3769     60.0363      0.0000     -0.0003     -0.0003      0.0006
     37.9740   -118.5547      4.6890      0.8380      0.8328      0.0000      0.0000      0.0000     91.3339     60.0403      0.0000     -0.0003     -0.0003      0.0006
     37.9702   -118.5547      5.4105      0.8379      0.8328      0.0000      0.0000      0.0000     91.2866     60.0442      0.0000     -0.0003     -0.0003      0.0006
     37.9665   -118.5547      6.1320      0.8377      0.8328      0.0000      0.0000      0.0000     91.2350     60.0481      0.0000     -0.0002     -0.0003      0.0005
     37.9628   -118.5547      6.8536      0.8376      0.8328      0.0000      0.0000      0.0000     91.1790     60.0519      0.0000     -0.0002     -0.0003      0.0005
     37.9590   -118.5546      7.5752      0.8374      0.8328      0.0000      0.0000      0.0000     91.1187     60.0557      0.0000     -0.0002     -0.0003      0.0005
     37.9553   -118.5546      8.2968      0.8373      0.8328      0.0000      0.0000      0.0000     91.0540     60.0594      0.0000     -0.0002     -0.0003      0.0005
     37.9515   -118.5546      9.0185      0.8372      0.8328      0.0000      0.0000      0.0000     90.9849     60.0631      0.0000     -0.0002     -0.0002      0.0005
     37.9478   -118.5545      9.7402      0.8370      0.8328      0.0000      0.0000      0.0000     90.9115     60.0668      0.0000     -0.0002     -0.0002      0.0005
     37.9441   -118.5545     10.4619      0.8369      0.8328      0.0000      0.0000      0.0000     90.8337     60.0705      0.0000     -0.0001     -0.0002      0.0004
     37.9403   -118.5545     11.1837      0.8367      0.8328      0.0000      0.0000      0.0000     90.7516     60.0742      0.0000     -0.0001     -0.0002      0.0004
     37.9366   -118.5545     11.9055      0.8366      0.8328      0.0000      0.0000      0.0000     90.6651     60.0778      0.0000     -0.0001     -0.0002      0.0004
     37.9329   -118.5544     12.6273      0.8364      0.8328      0.0000      0.0000      0.0000     90.5742     60.0815      0.0000     -0.0001     -0.0002      0.0004
     37.9291   -118.5544     13.3492      0.8363      0.8329      0.0000      0.0000      0.0000     90.4789     60.0853      0.0000     -0.0001     -0.0002      0.0004
     37.9254   -118.5544     14.0711      0.8361      0.8329      0.0000      0.0000      0.0000     90.3793     60.0891      0.0000     -0.0001     -0.0002      0.0004
     37.9217   -118.5544     14.7930      0.8360      0.8329      0.0000      0.0000      0.0000     90.2752     60.0929      0.0000     -0.0000     -0.0002      0.0004
     37.9179   -118.5543     15.5150      0.8359      0.8329      0.0000      0.0000      0.0000     90.1668     60.0968      0.0000     -0.0000     -0.0002      0.0003
     37.9142   -118.5543     16.2370      0.8357      0.8329      0.0000      0.0000      0.0000     90.0540     60.1008      0.0000     -0.0000     -0.0002      0.0003
     37.9105   -118.5543     16.9590      0.8356      0.8329      0.0000      0.0000      0.0000     89.9368     60.1050      0.0000      0.0000     -0.0002      0.0003
     37.9962   -118.5453      0.3605      0.8389      0.8323      0.0000      0.0000      0.0000     91.5267     60.0174      0.0000     -0.0003     -0.0004      0.0007
     37.9925   -118.5453      1.0813      0.8387      0.8323      0.0000      0.0000      0.0000     91.5055     60.0268      0.0000     -0.0003     -0.0004      0.0007
     37.9888   -118.5453      1.8023      0.8386      0.8323      0.0000      0.0000      0.0000     91.4800     60.0361      0.0000     -0.0003     -0.0004      0.0007
     37.9850   -118.5452      2.5234      0.8384      0.8323      0.0000      0.0000      0.0000     91.4502     60.0453      0.0000     -0.0003     -0.0004      0.0007
     37.9813   -118.5452      3.2445      0.8383      0.8323      0.0000      0.0000      0.0000     91.4161     60.0545      0.0000     -0.0003     -0.0003      0.0006
     37.9775   -118.5452      3.9657      0.8382      0.8323      0.0000      0.0000      0.0000     91.3776     60.0636      0.0000     -0.0003     -0.0003      0.0006
     37.9738   -118.5452      4.6869      0.8380      0.8323      0.0000      0.0000      0.0000     91.3348     60.0726      0.0000     -0.0003     -0.0003      0.0006
     37.9701   -118.5451      5.4083      0.8379      0.8323      0.0000      0.0000      0.0000     91.2877     60.0816      0.0000     -0.0003     -0.0003      0.0006
     37.9663   -118.5451      6.1297      0.8377      0.8323      0.0000      0.0000      0.0000     91.2363     60.0905      0.0000     -0.0003     -0.0003      0.0006
     37.9626   -118.5451      6.8511      0.8376      0.8323      0.0000      0.0000      0.0000     91.1805     60.0994      0.0000     -0.0002     -0.0003      0.0005
     37.9589   -118.5451      7.5726      0.8374      0.8323      0.0000      0.0000      0.0000     91.1204     60.1082      0.0000     -0.0002     -0.0003      0.0005
     37.9551   -118.5451      8.2942      0.8373      0.8323      0.0000      0.0000      0.0000     91.0559     60.1169      0.0000     -0.0002     -0.0003      0.0005
     37.9514   -118.5450      9.0159      0.8372      0.8323      0.0000      0.0000      0.0000     90.9871     60.1257      0.0000     -0.0002     -0.0003      0.0005
     37.9477   -118.5450      9.7376      0.8370      0.8323      0.0000      0.0000      0.0000     90.9139     60.1344      0.0000     -0.0002     -0.0003      0.0005
     37.9440   -118.5450     10.4594      0.8369      0.8323      0.0000      0.0000      0.0000     90.8363     60.1431      0.0000     -0.0002     -0.0003      0.0005
     37.9402   -118.5450     11.1813      0.8367      0.8323      0.0000      0.0000      0.0000     90.7544     60.1518      0.0000     -0.0001     -0.0002      0.0004
     37.9365   -118.5449     11.9033      0.8366      0.8323      0.0000      0.0000      0.0000     90.6682     60.1606      0.0000     -0.0001     -0.0002      0.0004
     37.9328   -118.5449     12.6253      0.8364      0.8323      0.0000      0.0000      0.0000     90.5775     60.1693      0.0000     -0.0001     -0.0002      0.0004
     37.9291   -118.5449     13.3474      0.8363      0.8323      0.0000      0.0000      0.0000     90.4825     60.1781      0.0000     -0.0001     -0.0002      0.0004
     37.9253   -118.5449     14.0695      0.8361      0.8324      0.0000      0.0000      0.0000     90.3831     60.1869      0.0000     -0.0001     -0.0002      0.0004
     37.9216   -118.5448     14.7917      0.8360      0.8324      0.0000      0.0000      0.0000     90.2793     60.1958      0.0000     -0.0000     -0.0002      0.0004
     37.9179   -118.5448     15.5140      0.8359      0.8324      0.0000      0.0000      0.0000     90.1712     60.2048      0.0000     -0.0000     -0.0002      0.0004
     37.9142   -118.5448     16.2364      0.8357      0.8324      0.0000      0.0000      0.0000     90.0586     60.2139      0.0000     -0.0000     -0.0002      0.0003
     37.9105   -118.5448     16.9588      0.8356      0.8324      0.0000      0.0000      0.0000     89.9416     60.2231      0.0000      0.0000     -0.0002      0.0003
     37.9960   -118.5357      0.3603      0.8389      0.8318      0.0000      0.0000      0.0000     91.5267     60.0196      0.0000     -0.0004     -0.0004      0.0008
     37.9923   -118.5357      1.0807      0.8387      0.8318      0.0000      0.0000      0.0000     91.5057     60.0340      0.0000     -0.0004     -0.0004      0.0007
     37.9886   -118.5357      1.8014      0.8386      0.8318      0.0000      0.0000      0.0000     91.4803     60.0483      0.0000     -0.0004     -0.0004      0.0007
     37.9848   -118.5357      2.5221      0.8384      0.8318      0.0000      0.0000      0.0000     91.4506     60.0626      0.0000     -0.0003     -0.0004      0.0007
     37.9811   -118.5357      3.2429      0.8383      0.8318      0.0000      0.0000      0.0000     91.4166     60.0767      0.0000     -0.0003     -0.0004      0.0007
     37.9774   -118.5356      3.9638      0.8382      0.8318      0.0000      0.0000      0.0000     91.3783     60.0908      0.0000     -0.0003     -0.0003      0.0007
     37.9736   -118.5356      4.6849      0.8380      0.8318      0.0000      0.0000      0.0000     91.3357     60.1049      0.0000     -0.0003     -0.0003      0.0006
     37.9699   -118.5356      5.4060      0.8379      0.8318      0.0000      0.0000      0.0000     91.2888     60.1189      0.0000     -0.0003     -0.0003      0.0006
     37.9662   -118.5356      6.1273      0.8377      0.8318      0.0000      0.0000      0.0000     91.2376     60.1328      0.0000     -0.0003     -0.0003      0.0006
     37.9625   -118.5355      6.8486      0.8376      0.8318      0.0000      0.0000      0.0000     91.1820     60.1467      0.0000     -0.0003     -0.0003      0.0006
     37.9587   -118.5355      7.5701      0.8374      0.8318      0.0000      0.0000      0.0000     91.1221     60.1605      0.0000     -0.0002     -0.0003      0.0006
     37.9550   -118.5355      8.2917      0.8373      0.8318      0.0000      0.0000      0.0000     91.0578     60.1743      0.0000     -0.0002     -0.0003      0.0005
     37.9513   -118.5355      9.0133      0.8372      0.8318      0.0000      0.0000      0.0000     90.9892     60.1881      0.0000     -0.0002     -0.0003      0.0005
     37.9476   -118.5355      9.7351      0.8370      0.8318      0.0000      0.0000      0.0000     90.9162     60.2019      0.0000     -0.0002     -0.0003      0.0005
     37.9438   -118.5354     10.4570      0.8369      0.8318      0.0000      0.0000      0.0000     90.8389     60.2156      0.0000     -0.0002     -0.0003      0.0005
     37.9401   -118.5354     11.1790      0.8367      0.8318      0.0000      0.0000      0.0000     90.7573     60.2294      0.0000     -0.0001     -0.0003      0.0005
     37.9364   -118.5354     11.9010      0.8366      0.8318      0.0000      0.0000      0.0000     90.6712     60.2432      0.0000     -0.0001     -0.0003      0.0004
     37.9327   -118.5354     12.6232      0.8364      0.8318      0.0000      0.0000      0.0000     90.5808     60.2570      0.0000     -0.0001     -0.0003      0.0004
     37.9290   -118.5353     13.3455      0.8363      0.8318      0.0000      0.0000      0.0000     90.4861     60.2708      0.0000     -0.0001     -0.0003      0.0004
     37.9253   -118.5353     14.0679      0.8361      0.8319      0.0000      0.0000      0.0000     90.3869     60.2847      0.0000     -0.0001     -0.0003      0.0004
     37.9216   -118.5353     14.7904      0.8360      0.8319      0.0000      0.0000      0.0000     90.2834     60.2986      0.0000     -0.0000     -0.0003      0.0004
     37.9179   -118.5353     15.5130      0.8359      0.8319      0.0000      0.0000      0.0000     90.1755     60.3127      0.0000     -0.0000     -0.0003      0.0004
     37.9142   -118.5353     16.2357      0.8357      0.8319      0.0000      0.0000      0.0000     90.0632     60.3268      0.0000      0.0000     -0.0003      0.0004
     37.9105   -118.5352     16.9586      0.8356      0.8319      0.0000      0.0000      0.0000     89.9464     60.3410      0.0000      0.0000     -0.0003      0.0003
     37.9958   -118.5262      0.3601      0.8389      0.8312      0.0000      0.0000      0.0000     91.5262     60.0218      0.0000     -0.0004     -0.0005      0.0008
     37.9921   -118.5262      1.0801      0.8387      0.8313      0.0000      0.0000      0.0000     91.5039     60.0414      0.0000     -0.0004     -0.0004      0.0008
     37.9884   -118.5261      1.8004      0.8386      0.8313      0.0000      0.0000      0.0000     91.4772     60.0608      0.0000     -0.0004     -0.0004      0.0008
     37.9846   -118.5261      2.5208      0.8384      0.8313      0.0000      0.0000      0.0000     91.4458     60.0802      0.0000     -0.0004     -0.0004      0.0007
     37.9809   -118.5261      3.2413      0.8383      0.8313      0.0000      0.0000      0.0000     91.4099     60.0995      0.0000     -0.0004     -0.0004      0.0007
     37.9772   -118.5261      3.9620      0.8382      0.8313      0.0000      0.0000      0.0000     91.3695     60.1188      0.0000     -0.0004     -0.0004      0.0007
     37.9735   -118.5261      4.6828      0.8380      0.8313      0.0000      0.0000      0.0000     91.3245     60.1380      0.0000     -0.0003     -0.0003      0.0007
     37.9697   -118.5260      5.4037      0.8379      0.8313      0.0000      0.0000      0.0000     91.2749     60.1571      0.0000     -0.0003     -0.0003      0.0006
     37.9660   -118.5260      6.1248      0.8377      0.8313      0.0000      0.0000      0.0000     91.2208     60.1762      0.0000     -0.0003     -0.0003      0.0006
     37.9623   -118.5260      6.8461      0.8376      0.8313      0.0000      0.0000      0.0000     91.1620     60.1952      0.0000     -0.0003     -0.0003      0.0006
     37.9586   -118.5260      7.5675      0.8374      0.8313      0.0000      0.0000      0.0000     91.0987     60.2142      0.0000     -0.0003     -0.0003      0.0006
     37.9549   -118.5260      8.2890      0.8373      0.8313      0.0000      0.0000      0.0000     91.0308     60.2331      0.0000     -0.0002     -0.0003      0.0006
     37.9512   -118.5259      9.0107      0.8371      0.8313      0.0000      0.0000      0.0000     90.9583     60.2521      0.0000     -0.0002     -0.0003      0.0005
     37.9474   -118.5259      9.7325      0.8370      0.8313      0.0000      0.0000      0.0000     90.8811     60.2710      0.0000     -0.0002     -0.0003      0.0005
     37.9437   -118.5259     10.4544      0.8368      0.8313      0.0000      0.0000      0.0000     90.7994     60.2899      0.0000     -0.0002     -0.0003      0.0005
     37.9400   -118.5259     11.1765      0.8367      0.8313      0.0000      0.0000      0.0000     90.7130     60.3088      0.0000     -0.0001     -0.0003      0.0005
     37.9363   -118.5259     11.8988      0.8366      0.8313      0.0000      0.0000      0.0000     90.6221     60.3278      0.0000     -0.0001     -0.0003      0.0005
     37.9326   -118.5258     12.6211      0.8364      0.8313      0.0000      0.0000      0.0000     90.5264     60.3467      0.0000     -0.0001     -0.0003      0.0005
     37.9289   -118.5258     13.3437      0.8363      0.8313      0.0000      0.0000      0.0000     90.4262     60.3658      0.0000     -0.0001     -0.0003      0.0004
     37.9252   -118.5258     14.0663      0.8361      0.8313      0.0000      0.0000      0.0000     90.3213     60.3849      0.0000     -0.0000     -0.0003      0.0004
     37.9215   -118.5258     14.7891      0.8360      0.8313      0.0000      0.0000      0.0000     90.2118     60.4040      0.0000     -0.0000     -0.0003      0.0004
     37.9179   -118.5258     15.5120      0.8359      0.8313      0.0000      0.0000      0.0000     90.0976     60.4233      0.0000     -0.0000     -0.0003      0.0004
     37.9142   -118.5257     16.2351      0.8357      0.8313      0.0000      0.0000      0.0000     89.9787     60.4427      0.0000      0.0000     -0.0003      0.0004
     37.9105   -118.5257     16.9584      0.8356      0.8313      0.0000      0.0000      0.0000     89.8552     60.4622      0.0000      0.0000     -0.0003      0.0004
     37.9956   -118.5166      0.3599      0.8389      0.8307      0.0000      0.0000      0.0000     91.5262     60.0242      0.0000     -0.0004     -0.0005      0.0008
     37.9919   -118.5166      1.0795      0.8387      0.8307      0.0000      0.0000      0.0000     91.5041     60.0490      0.0000     -0.0004     -0.0005      0.0008
     37.9882   -118.5166      1.7994      0.8386      0.8307      0.0000      0.0000      0.0000     91.4775     60.0737      0.0000     -0.0004     -0.0004      0.0008
     37.9845   -118.5166      2.5194      0.8384      0.8307      0.0000      0.0000      0.0000     91.4463     60.0984      0.0000     -0.0004     -0.0004      0.0008
     37.9807   -118.5165      3.2396      0.8383      0.8308      0.0000      0.0000      0.0000     91.4106     60.1230      0.0000     -0.0004     -0.0004      0.0008
     37.9770   -118.5165      3.9601      0.8382      0.8308      0.0000      0.0000      0.0000     91.3703     60.1476      0.0000     -0.0004     -0.0004      0.0007
     37.9733   -118.5165      4.6806      0.8380      0.8308      0.0000      0.0000      0.0000     91.3255     60.1721      0.0000     -0.0004     -0.0004      0.0007
     37.9696   -118.5165      5.4014      0.8379      0.8308      0.0000      0.0000      0.0000     91.2761     60.1965      0.0000     -0.0003     -0.0004      0.0007
     37.9659   -118.5165      6.1224      0.8377      0.8308      0.0000      0.0000      0.0000     91.2222     60.2209      0.0000     -0.0003     -0.0003      0.0007
     37.9621   -118.5164      6.8435      0.8376      0.8308      0.0000      0.0000      0.0000     91.1637     60.2452      0.0000     -0.0003     -0.0003      0.0006
     37.9584   -118.5164      7.5648      0.8374      0.8308      0.0000      0.0000      0.0000     91.1006     60.2695      0.0000     -0.0003     -0.0003      0.0006
     37.9547   -118.5164      8.2863      0.8373      0.8308      0.0000      0.0000      0.0000     91.0329     60.2938      0.0000     -0.0002     -0.0003      0.0006
     37.9510   -118.5164      9.0080      0.8371      0.8308      0.0000      0.0000      0.0000     90.9607     60.3180      0.0000     -0.0002     -0.0003      0.0006
     37.9473   -118.5164      9.7298      0.8370      0.8308      0.0000      0.0000      0.0000     90.8838     60.3423      0.0000     -0.0002     -0.0003      0.0006
     37.9436   -118.5164     10.4518      0.8368      0.8308      0.0000      0.0000      0.0000     90.8024     60.3665      0.0000     -0.0002     -0.0003      0.0005
     37.9399   -118.5163     11.1740      0.8367      0.8308      0.0000      0.0000      0.0000     90.7163     60.3908      0.0000     -0.0001     -0.0003      0.0005
     37.9363   -118.5163     11.8964      0.8366      0.8308      0.0000      0.0000      0.0000     90.6256     60.4150      0.0000     -0.0001     -0.0003      0.0005
     37.9326   -118.5163     12.6190      0.8364      0.8308      0.0000      0.0000      0.0000     90.5302     60.4394      0.0000     -0.0001     -0.0003      0.0005
     37.9289   -118.5163     13.3417      0.8363      0.8308      0.0000      0.0000      0.0000     90.4303     60.4637      0.0000     -0.0001     -0.0003      0.0005
     37.9252   -118.5163     14.0647      0.8361      0.8308      0.0000      0.0000      0.0000     90.3257     60.4882      0.0000     -0.0000     -0.0003      0.0004
     37.9215   -118.5162     14.7878      0.8360      0.8308      0.0000      0.0000      0.0000     90.2164     60.5127      0.0000     -0.0000     -0.0003      0.0004
     37.9178   -118.5162     15.5110      0.8359      0.8308      0.0000      0.0000      0.0000     90.1025     60.5373      0.0000      0.0000     -0.0003      0.0004
     37.9142   -118.5162     16.2345      0.8357      0.8308      0.0000      0.0000      0.0000     89.9839     60.5621      0.0000      0.0000     -0.0003      0.0004
     37.9105   -118.5162     16.9581      0.8356      0.8308      0.0000      0.0000      0.0000     89.8607     60.5869      0.0000      0.0000     -0.0003      0.0004
     37.9954   -118.5070      0.3597      0.8389      0.8302      0.0000      0.0000      0.0000     91.5269     60.0264      0.0000     -0.0005     -0.0005      0.0009
     37.9917   -118.5070      1.0789      0.8387      0.8302      0.0000      0.0000      0.0000     91.5061     60.0564      0.0000     -0.0005     -0.0005      0.0009
     37.9880   -118.5070      1.7984      0.8386      0.8302      0.0000      0.0000      0.0000     91.4811     60.0862      0.0000     -0.0004     -0.0005      0.0009
     37.9843   -118.5070      2.5181      0.8384      0.8302      0.0000      0.0000      0.0000     91.4519     60.1161      0.0000     -0.0004     -0.0004      0.0008
     37.9805   -118.5070      3.2380      0.8383      0.8302      0.0000      0.0000      0.0000     91.4184     60.1458      0.0000     -0.0004     -0.0004      0.0008
     37.9768   -118.5070      3.9582      0.8382      0.8303      0.0000      0.0000      0.0000     91.3806     60.1755      0.0000     -0.0004     -0.0004      0.0008
     37.9731   -118.5069      4.6786      0.8380      0.8303      0.0000      0.0000      0.0000     91.3385     60.2052      0.0000     -0.0004     -0.0004      0.0007
     37.9694   -118.5069      5.3992      0.8379      0.8303      0.0000      0.0000      0.0000     91.2922     60.2348      0.0000     -0.0004     -0.0004      0.0007
     37.9657   -118.5069      6.1200      0.8377      0.8303      0.0000      0.0000      0.0000     91.2415     60.2643      0.0000     -0.0003     -0.0004      0.0007
     37.9620   -118.5069      6.8410      0.8376      0.8303      0.0000      0.0000      0.0000     91.1866     60.2938      0.0000     -0.0003     -0.0003      0.0007
     37.9583   -118.5069      7.5622      0.8374      0.8303      0.0000      0.0000      0.0000     91.1273     60.3233      0.0000     -0.0003     -0.0003      0.0006
     37.9546   -118.5069      8.2837      0.8373      0.8303      0.0000      0.0000      0.0000     91.0637     60.3528      0.0000     -0.0003     -0.0003      0.0006
     37.9509   -118.5068      9.0053      0.8371      0.8303      0.0000      0.0000      0.0000     90.9958     60.3822      0.0000     -0.0002     -0.0003      0.0006
     37.9472   -118.5068      9.7272      0.8370      0.8303      0.0000      0.0000      0.0000     90.9236     60.4117      0.0000     -0.0002     -0.0003      0.0006
     37.9435   -118.5068     10.4493      0.8369      0.8303      0.0000      0.0000      0.0000     90.8470     60.4411      0.0000     -0.0002     -0.0003      0.0006
     37.9398   -118.5068     11.1716      0.8367      0.8303      0.0000      0.0000      0.0000     90.7661     60.4705      0.0000     -0.0001     -0.0003      0.0005
     37.9362   -118.5068     11.8942      0.8366      0.8303      0.0000      0.0000      0.0000     90.6809     60.5000      0.0000     -0.0001     -0.0003      0.0005
     37.9325   -118.5068     12.6169      0.8364      0.8303      0.0000      0.0000      0.0000     90.5912     60.5295      0.0000     -0.0001     -0.0003      0.0005
     37.9288   -118.5067     13.3399      0.8363      0.8303      0.0000      0.0000      0.0000     90.4972     60.5591      0.0000     -0.0001     -0.0003      0.0005
     37.9251   -118.5067     14.0631      0.8361      0.8303      0.0000      0.0000      0.0000     90.3988     60.5887      0.0000     -0.0000     -0.0003      0.0005
     37.9215   -118.5067     14.7865      0.8360      0.8303      0.0000      0.0000      0.0000     90.2961     60.6184      0.0000     -0.0000     -0.0003      0.0004
     37.9178   -118.5067     15.5101      0.8359      0.8303      0.0000      0.0000      0.0000     90.1889     60.6481      0.0000      0.0000     -0.0003      0.0004
     37.9142   -118.5067     16.2339      0.8357      0.8303      0.0000      0.0000      0.0000     90.0774     60.6780      0.0000      0.0000     -0.0003      0.0004
     37.9105   -118.5067     16.9579      0.8356      0.8303      0.0000      0.0000      0.0000     89.9615     60.7080      0.0000      0.0001     -0.0003      0.0004
     37.9952   -118.4975      0.3595      0.8389      0.8297      0.0000      0.0000      0.0000     91.5263     60.0286      0.0000     -0.0005     -0.0005      0.0010
     37.9915   -118.4975      1.0783      0.8387      0.8297      0.0000      0.0000      0.0000     91.5045     60.0637      0.0000     -0.0005     -0.0005      0.0009
     37.9878   -118.4974      1.7974      0.8386      0.8297      0.0000      0.0000      0.0000     91.4781     60.0987      0.0000     -0.0005     -0.0005      0.0009
     37.9841   -118.4974      2.5168      0.8384      0.8297      0.0000      0.0000      0.0000     91.4472     60.1336      0.0000     -0.0005     -0.0005      0.0009
     37.9804   -118.4974      3.2365      0.8383      0.8297      0.0000      0.0000      0.0000     91.4118     60.1685      0.0000     -0.0005     -0.0004      0.0008
     37.9766   -118.4974      3.9564      0.8382      0.8298      0.0000      0.0000      0.0000     91.3719     60.2033      0.0000     -0.0004     -0.0004      0.0008
     37.9729   -118.4974      4.6765      0.8380      0.8298      0.0000      0.0000      0.0000     91.3274     60.2380      0.0000     -0.0004     -0.0004      0.0008
     37.9692   -118.4974      5.3969      0.8379      0.8298      0.0000      0.0000      0.0000     91.2785     60.2727      0.0000     -0.0004     -0.0004      0.0008
     37.9655   -118.4974      6.1176      0.8377      0.8298      0.0000      0.0000      0.0000     91.2250     60.3074      0.0000     -0.0004     -0.0004      0.0007
     37.9618   -118.4973      6.8385      0.8376      0.8298      0.0000      0.0000      0.0000     91.1669     60.3420      0.0000     -0.0003     -0.0004      0.0007
     37.9581   -118.4973      7.5597      0.8374      0.8298      0.0000      0.0000      0.0000     91.1043     60.3766      0.0000     -0.0003     -0.0004      0.0007
     37.9545   -118.4973      8.2811      0.8373      0.8298      0.0000      0.0000      0.0000     91.0371     60.4112      0.0000     -0.0003     -0.0004      0.0007
     37.9508   -118.4973      9.0027      0.8371      0.8298      0.0000      0.0000      0.0000     90.9653     60.4458      0.0000     -0.0002     -0.0003      0.0006
     37.9471   -118.4973      9.7247      0.8370      0.8298      0.0000      0.0000      0.0000     90.8890     60.4803      0.0000     -0.0002     -0.0003      0.0006
     37.9434   -118.4973     10.4468      0.8368      0.8298      0.0000      0.0000      0.0000     90.8080     60.5149      0.0000     -0.0002     -0.0003      0.0006
     37.9397   -118.4973     11.1693      0.8367      0.8298      0.0000      0.0000      0.0000     90.7225     60.5495      0.0000     -0.0001     -0.0003      0.0006
     37.9361   -118.4972     11.8920      0.8365      0.8298      0.0000      0.0000      0.0000     90.6323     60.5841      0.0000     -0.0001     -0.0003      0.0005
     37.9324   -118.4972     12.6149      0.8364      0.8298      0.0000      0.0000      0.0000     90.5375     60.6188      0.0000     -0.0001     -0.0003      0.0005
     37.9288   -118.4972     13.3381      0.8363      0.8298      0.0000      0.0000      0.0000     90.4381     60.6536      0.0000     -0.0001     -0.0003      0.0005
     37.9251   -118.4972     14.0615      0.8361      0.8298      0.0000      0.0000      0.0000     90.3340     60.6884      0.0000     -0.0000     -0.0003      0.0005
     37.9214   -118.4972     14.7852      0.8360      0.8298      0.0000      0.0000      0.0000     90.2253     60.7233      0.0000      0.0000     -0.0003      0.0005
     37.9178   -118.4972     15.5091      0.8358      0.8298      0.0000      0.0000      0.0000     90.1120     60.7583      0.0000      0.0000     -0.0003      0.0004
     37.9142   -118.4972     16.2333      0.8357      0.8298      0.0000      0.0000      0.0000     89.9939     60.7934      0.0000      0.0001     -0.0003      0.0004
     37.9105   -118.4971     16.9577      0.8356      0.8298      0.0000      0.0000      0.0000     89.8712     60.8287      0.0000      0.0001     -0.0003      0.0004
     37.9950   -118.4879      0.3592      0.8389      0.8292      0.0000      0.0000      0.0000     91.5264     60.0310      0.0000     -0.0005     -0.0006      0.0010
     37.9913   -118.4879      1.0776      0.8387      0.8292      0.0000      0.0000      0.0000     91.5046     60.0713      0.0000     -0.0005     -0.0006      0.0010
     37.9876   -118.4879      1.7964      0.8386      0.8292      0.0000      0.0000      0.0000     91.4784     60.1115      0.0000     -0.0005     -0.0005      0.0010
     37.9839   -118.4879      2.5155      0.8384      0.8292      0.0000      0.0000      0.0000     91.4476     60.1517      0.0000     -0.0005     -0.0005      0.0009
     37.9802   -118.4878      3.2348      0.8383      0.8292      0.0000      0.0000      0.0000     91.4124     60.1918      0.0000     -0.0005     -0.0005      0.0009
     37.9765   -118.4878      3.9545      0.8382      0.8292      0.0000      0.0000      0.0000     91.3727     60.2318      0.0000     -0.0005     -0.0005      0.0009
     37.9728   -118.4878      4.6744      0.8380      0.8292      0.0000      0.0000      0.0000     91.3284     60.2719      0.0000     -0.0004     -0.0004      0.0008
     37.9691   -118.4878      5.3946      0.8379      0.8293      0.0000      0.0000      0.0000     91.2797     60.3118      0.0000     -0.0004     -0.0004      0.0008
     37.9654   -118.4878      6.1151      0.8377      0.8293      0.0000      0.0000      0.0000     91.2264     60.3518      0.0000     -0.0004     -0.0004      0.0008
     37.9617   -118.4878      6.8359      0.8376      0.8293      0.0000      0.0000      0.0000     91.1686     60.3917      0.0000     -0.0003     -0.0004      0.0007
     37.9580   -118.4878      7.5570      0.8374      0.8293      0.0000      0.0000      0.0000     91.1062     60.4316      0.0000     -0.0003     -0.0004      0.0007
     37.9543   -118.4878      8.2784      0.8373      0.8293      0.0000      0.0000      0.0000     91.0392     60.4714      0.0000     -0.0003     -0.0004      0.0007
     37.9506   -118.4877      9.0001      0.8371      0.8293      0.0000      0.0000      0.0000     90.9677     60.5113      0.0000     -0.0002     -0.0004      0.0007
     37.9470   -118.4877      9.7221      0.8370      0.8293      0.0000      0.0000      0.0000     90.8916     60.5512      0.0000     -0.0002     -0.0004      0.0006
     37.9433   -118.4877     10.4443      0.8368      0.8293      0.0000      0.0000      0.0000     90.8109     60.5911      0.0000     -0.0002     -0.0004      0.0006
     37.9397   -118.4877     11.1668      0.8367      0.8293      0.0000      0.0000      0.0000     90.7256     60.6310      0.0000     -0.0001     -0.0004      0.0006
     37.9360   -118.4877     11.8897      0.8365      0.8293      0.0000      0.0000      0.0000     90.6357     60.6709      0.0000     -0.0001     -0.0004      0.0006
     37.9323   -118.4877     12.6128      0.8364      0.8293      0.0000      0.0000      0.0000     90.5412     60.7109      0.0000     -0.0001     -0.0004      0.0005
     37.9287   -118.4877     13.3362      0.8363      0.8293      0.0000      0.0000      0.0000     90.4421     60.7510      0.0000     -0.0000     -0.0004      0.0005
     37.9251   -118.4877     14.0599      0.8361      0.8293      0.0000      0.0000      0.0000     90.3383     60.7912      0.0000     -0.0000     -0.0004      0.0005
     37.9214   -118.4877     14.7839      0.8360      0.8293      0.0000      0.0000      0.0000     90.2299     60.8314      0.0000      0.0000     -0.0004      0.0005
     37.9178   -118.4876     15.5081      0.8358      0.8293      0.0000      0.0000      0.0000     90.1168     60.8717      0.0000      0.0000     -0.0004      0.0005
     37.9142   -118.4876     16.2327      0.8357      0.8293      0.0000      0.0000      0.0000     89.9991     60.9122      0.0000      0.0001     -0.0004      0.0004
     37.9105   -118.4876     16.9575      0.8356      0.8293      0.0000      0.0000      0.0000     89.8767     60.9528      0.0000      0.0001     -0.0004      0.0004
     37.9948   -118.4783      0.3590      0.8389      0.8287      0.0000      0.0000      0.0000     91.5265     60.0333      0.0000     -0.0006     -0.0006      0.0011
     37.9911   -118.4783      1.0770      0.8387      0.8287      0.0000      0.0000      0.0000     91.5048     60.0788      0.0000     -0.0006     -0.0006      0.0011
     37.9874   -118.4783      1.7954      0.8386      0.8287      0.0000      0.0000      0.0000     91.4787     60.1242      0.0000     -0.0006     -0.0006      0.0010
     37.9837   -118.4783      2.5142      0.8384      0.8287      0.0000      0.0000      0.0000     91.4481     60.1697      0.0000     -0.0005     -0.0005      0.0010
     37.9800   -118.4783      3.2332      0.8383      0.8287      0.0000      0.0000      0.0000     91.4130     60.2150      0.0000     -0.0005     -0.0005      0.0010
     37.9763   -118.4783      3.9526      0.8382      0.8287      0.0000      0.0000      0.0000     91.3735     60.2603      0.0000     -0.0005     -0.0005      0.0009
     37.9726   -118.4783      4.6723      0.8380      0.8287      0.0000      0.0000      0.0000     91.3294     60.3056      0.0000     -0.0005     -0.0005      0.0009
     37.9689   -118.4783      5.3923      0.8379      0.8287      0.0000      0.0000      0.0000     91.2809     60.3508      0.0000     -0.0004     -0.0004      0.0009
     37.9652   -118.4782      6.1127      0.8377      0.8287      0.0000      0.0000      0.0000     91.2278     60.3961      0.0000     -0.0004     -0.0004      0.0008
     37.9615   -118.4782      6.8334      0.8376      0.8287      0.0000      0.0000      0.0000     91.1702     60.4412      0.0000     -0.0004     -0.0004      0.0008
     37.9579   -118.4782      7.5544      0.8374      0.8288      0.0000      0.0000      0.0000     91.1080     60.4864      0.0000     -0.0003     -0.0004      0.0008
     37.9542   -118.4782      8.2758      0.8373      0.8288      0.0000      0.0000      0.0000     91.0413     60.5316      0.0000     -0.0003     -0.0004      0.0007
     37.9505   -118.4782      8.9975      0.8371      0.8288      0.0000      0.0000      0.0000     90.9701     60.5767      0.0000     -0.0003     -0.0004      0.0007
     37.9469   -118.4782      9.7195      0.8370      0.8288      0.0000      0.0000      0.0000     90.8942     60.6219      0.0000     -0.0002     -0.0004      0.0007
     37.9432   -118.4782     10.4418      0.8368      0.8288      0.0000      0.0000      0.0000     90.8138     60.6671      0.0000     -0.0002     -0.0004      0.0006
     37.9396   -118.4782     11.1644      0.8367      0.8288      0.0000      0.0000      0.0000     90.7288     60.7123      0.0000     -0.0001     -0.0004      0.0006
     37.9359   -118.4782     11.8874      0.8365      0.8288      0.0000      0.0000      0.0000     90.6392     60.7576      0.0000     -0.0001     -0.0004      0.0006
     37.9323   -118.4782     12.6107      0.8364      0.8288      0.0000      0.0000      0.0000     90.5449     60.8029      0.0000     -0.0001     -0.0004      0.0006
     37.9286   -118.4781     13.3343      0.8363      0.8288      0.0000      0.0000      0.0000     90.4461     60.8483      0.0000     -0.0000     -0.0004      0.0005
     37.9250   -118.4781     14.0583      0.8361      0.8288      0.0000      0.0000      0.0000     90.3426     60.8937      0.0000     -0.0000     -0.0004      0.0005
     37.9214   -118.4781     14.7825      0.8360      0.8288      0.0000      0.0000      0.0000     90.2344     60.9393      0.0000      0.0000     -0.0004      0.0005
     37.9178   -118.4781     15.5071      0.8358      0.8288      0.0000      0.0000      0.0000     90.1216     60.9850      0.0000      0.0001     -0.0004      0.0005
     37.9142   -118.4781     16.2321      0.8357      0.8288      0.0000      0.0000      0.0000     90.0042     61.0308      0.0000      0.0001     -0.0004      0.0005
     37.9105   -118.4781     16.9573      0.8356      0.8288      0.0000      0.0000      0.0000     89.8821     61.0768      0.0000      0.0001     -0.0004      0.0004
     37.9946   -118.4688      0.3588      0.8389      0.8282      0.0000      0.0000      0.0000     91.5265     60.0356      0.0000     -0.0006     -0.0007      0.0012
     37.9909   -118.4688      1.0764      0.8387      0.8282      0.0000      0.0000      0.0000     91.5050     60.0863      0.0000     -0.0006     -0.0006      0.0011
     37.9872   -118.4687      1.7944      0.8386      0.8282      0.0000      0.0000      0.0000     91.4790     60.1370      0.0000     -0.0006     -0.0006      0.0011
     37.9835   -118.4687      2.5128      0.8384      0.8282      0.0000      0.0000      0.0000     91.4485     60.1876      0.0000     -0.0006     -0.0006      0.0010
     37.9798   -118.4687      3.2316      0.8383      0.8282      0.0000      0.0000      0.0000     91.4136     60.2382      0.0000     -0.0006     -0.0005      0.0010
     37.9761   -118.4687      3.9507      0.8382      0.8282      0.0000      0.0000      0.0000     91.3743     60.2888      0.0000     -0.0005     -0.0005      0.0010
     37.9724   -118.4687      4.6702      0.8380      0.8282      0.0000      0.0000      0.0000     91.3304     60.3393      0.0000     -0.0005     -0.0005      0.0009
     37.9687   -118.4687      5.3901      0.8379      0.8282      0.0000      0.0000      0.0000     91.2821     60.3898      0.0000     -0.0005     -0.0005      0.0009
     37.9650   -118.4687      6.1103      0.8377      0.8282      0.0000      0.0000      0.0000     91.2292     60.4402      0.0000     -0.0004     -0.0005      0.0009
     37.9614   -118.4687      6.8309      0.8376      0.8282      0.0000      0.0000      0.0000     91.1718     60.4907      0.0000     -0.0004     -0.0004      0.0008
     37.9577   -118.4687      7.5518      0.8374      0.8282      0.0000      0.0000      0.0000     91.1099     60.5411      0.0000     -0.0004     -0.0004      0.0008
     37.9540   -118.4687      8.2732      0.8373      0.8282      0.0000      0.0000      0.0000     91.0434     60.5915      0.0000     -0.0003     -0.0004      0.0008
     37.9504   -118.4687      8.9948      0.8371      0.8283      0.0000      0.0000      0.0000     90.9724     60.6420      0.0000     -0.0003     -0.0004      0.0007
     37.9467   -118.4686      9.7169      0.8370      0.8283      0.0000      0.0000      0.0000     90.8968     60.6924      0.0000     -0.0002     -0.0004      0.0007
     37.9431   -118.4686     10.4393      0.8368      0.8283      0.0000      0.0000      0.0000     90.8167     60.7429      0.0000     -0.0002     -0.0004      0.0007
     37.9395   -118.4686     11.1620      0.8367      0.8283      0.0000      0.0000      0.0000     90.7319     60.7934      0.0000     -0.0001     -0.0004      0.0006
     37.9358   -118.4686     11.8852      0.8365      0.8283      0.0000      0.0000      0.0000     90.6426     60.8440      0.0000     -0.0001     -0.0004      0.0006
     37.9322   -118.4686     12.6086      0.8364      0.8283      0.0000      0.0000      0.0000     90.5486     60.8946      0.0000     -0.0001     -0.0004      0.0006
     37.9286   -118.4686     13.3325      0.8363      0.8283      0.0000      0.0000      0.0000     90.4501     60.9453      0.0000     -0.0000     -0.0004      0.0006
     37.9250   -118.4686     14.0567      0.8361      0.8283      0.0000      0.0000      0.0000     90.3468     60.9961      0.0000      0.0000     -0.0004      0.0005
     37.9214   -118.4686     14.7813      0.8360      0.8283      0.0000      0.0000      0.0000     90.2390     61.0470      0.0000      0.0000     -0.0004      0.0005
     37.9178   -118.4686     15.5062      0.8358      0.8283      0.0000      0.0000      0.0000     90.1265     61.0980      0.0000      0.0001     -0.0004      0.0005
     37.9142   -118.4686     16.2315      0.8357      0.8283      0.0000      0.0000      0.0000     90.0093     61.1492      0.0000      0.0001     -0.0004      0.0005
     37.9106   -118.4686     16.9571      0.8356      0.8283      0.0000      0.0000      0.0000     89.8874     61.2005      0.0000      0.0001     -0.0004      0.0005
     37.9944   -118.4592      0.3586      0.8389      0.8277      0.0000      0.0000      0.0000     91.5263     60.0379      0.0000     -0.0007     -0.0007      0.0012
     37.9907   -118.4592      1.0758      0.8387      0.8277      0.0000      0.0000      0.0000     91.5042     60.0939      0.0000     -0.0007     -0.0007      0.0012
     37.9870   -118.4592      1.7934      0.8386      0.8277      0.0000      0.0000      0.0000     91.4776     60.1499      0.0000     -0.0007     -0.0006      0.0012
     37.9833   -118.4592      2.5115      0.8384      0.8277      0.0000      0.0000      0.0000     91.4465     60.2058      0.0000     -0.0006     -0.0006      0.0011
     37.9796   -118.4592      3.2300      0.8383      0.8277      0.0000      0.0000      0.0000     91.4108     60.2617      0.0000     -0.0006     -0.0006      0.0011
     37.9759   -118.4592      3.9489      0.8382      0.8277      0.0000      0.0000      0.0000     91.3705     60.3175      0.0000     -0.0006     -0.0005      0.0010
     37.9722   -118.4592      4.6681      0.8380      0.8277      0.0000      0.0000      0.0000     91.3256     60.3733      0.0000     -0.0005     -0.0005      0.0010
     37.9686   -118.4591      5.3878      0.8379      0.8277      0.0000      0.0000      0.0000     91.2760     60.4291      0.0000     -0.0005     -0.0005      0.0010
     37.9649   -118.4591      6.1079      0.8377      0.8277      0.0000      0.0000      0.0000     91.2219     60.4849      0.0000     -0.0005     -0.0005      0.0009
     37.9612   -118.4591      6.8284      0.8376      0.8277      0.0000      0.0000      0.0000     91.1631     60.5406      0.0000     -0.0004     -0.0005      0.0009
     37.9576   -118.4591      7.5492      0.8374      0.8277      0.0000      0.0000      0.0000     91.0997     60.5964      0.0000     -0.0004     -0.0005      0.0008
     37.9539   -118.4591      8.2705      0.8373      0.8277      0.0000      0.0000      0.0000     91.0316     60.6521      0.0000     -0.0003     -0.0005      0.0008
     37.9503   -118.4591      8.9922      0.8371      0.8277      0.0000      0.0000      0.0000     90.9588     60.7079      0.0000     -0.0003     -0.0005      0.0008
     37.9466   -118.4591      9.7143      0.8370      0.8277      0.0000      0.0000      0.0000     90.8813     60.7637      0.0000     -0.0002     -0.0004      0.0007
     37.9430   -118.4591     10.4367      0.8368      0.8277      0.0000      0.0000      0.0000     90.7991     60.8196      0.0000     -0.0002     -0.0004      0.0007
     37.9394   -118.4591     11.1596      0.8367      0.8277      0.0000      0.0000      0.0000     90.7123     60.8754      0.0000     -0.0001     -0.0004      0.0007
     37.9357   -118.4591     11.8829      0.8365      0.8277      0.0000      0.0000      0.0000     90.6207     60.9314      0.0000     -0.0001     -0.0005      0.0006
     37.9321   -118.4591     12.6066      0.8364      0.8277      0.0000      0.0000      0.0000     90.5243     60.9874      0.0000     -0.0000     -0.0005      0.0006
     37.9285   -118.4591     13.3306      0.8363      0.8278      0.0000      0.0000      0.0000     90.4232     61.0435      0.0000     -0.0000     -0.0005      0.0006
     37.9249   -118.4591     14.0551      0.8361      0.8278      0.0000      0.0000      0.0000     90.3173     61.0997      0.0000      0.0000     -0.0005      0.0006
     37.9213   -118.4591     14.7799      0.8360      0.8278      0.0000      0.0000      0.0000     90.2067     61.1560      0.0000      0.0001     -0.0005      0.0005
     37.9177   -118.4591     15.5052      0.8358      0.8278      0.0000      0.0000      0.0000     90.0913     61.2124      0.0000      0.0001     -0.0005      0.0005
     37.9142   -118.4590     16.2308      0.8357      0.8278      0.0000      0.0000      0.0000     89.9711     61.2690      0.0000      0.0001     -0.0005      0.0005
     37.9106   -118.4590     16.9569      0.8356      0.8277      0.0000      0.0000      0.0000     89.8460     61.3258      0.0000      0.0002     -0.0005      0.0005
     37.9942   -118.4496      0.3584      0.8389      0.8272      0.0000      0.0000      0.0000     91.5266     60.0403      0.0000     -0.0008     -0.0008      0.0013
     37.9905   -118.4496      1.0752      0.8387      0.8272      0.0000      0.0000      0.0000     91.5053     60.1015      0.0000     -0.0007     -0.0007      0.0013
     37.9868   -118.4496      1.7925      0.8386      0.8272      0.0000      0.0000      0.0000     91.4796     60.1627      0.0000     -0.0007     -0.0007      0.0012
     37.9831   -118.4496      2.5102      0.8384      0.8272      0.0000      0.0000      0.0000     91.4494     60.2239      0.0000     -0.0007     -0.0006      0.0012
     37.9794   -118.4496      3.2284      0.8383      0.8272      0.0000      0.0000      0.0000     91.4149     60.2851      0.0000     -0.0007     -0.0006      0.0011
     37.9757   -118.4496      3.9470      0.8382      0.8272      0.0000      0.0000      0.0000     91.3759     60.3462      0.0000     -0.0006     -0.0006      0.0011
     37.9721   -118.4496      4.6660      0.8380      0.8272      0.0000      0.0000      0.0000     91.3324     60.4073      0.0000     -0.0006     -0.0006      0.0011
     37.9684   -118.4496      5.3855      0.8379      0.8272      0.0000      0.0000      0.0000     91.2845     60.4684      0.0000     -0.0005     -0.0005      0.0010
     37.9647   -118.4496      6.1055      0.8377      0.8272      0.0000      0.0000      0.0000     91.2320     60.5295      0.0000     -0.0005     -0.0005      0.0010
     37.9611   -118.4496      6.8258      0.8376      0.8272      0.0000      0.0000      0.0000     91.1751     60.5906      0.0000     -0.0004     -0.0005      0.0009
     37.9574   -118.4496      7.5467      0.8374      0.8272      0.0000      0.0000      0.0000     91.1136     60.6517      0.0000     -0.0004     -0.0005      0.0009
     37.9538   -118.4496      8.2679      0.8373      0.8272      0.0000      0.0000      0.0000     91.0477     60.7128      0.0000     -0.0003     -0.0005      0.0008
     37.9501   -118.4496      8.9896      0.8371      0.8272      0.0000      0.0000      0.0000     90.9772     60.7739      0.0000     -0.0003     -0.0005      0.0008
     37.9465   -118.4496      9.7117      0.8370      0.8272      0.0000      0.0000      0.0000     90.9021     60.8351      0.0000     -0.0002     -0.0005      0.0008
     37.9429   -118.4496     10.4342      0.8368      0.8272      0.0000      0.0000      0.0000     90.8225     60.8963      0.0000     -0.0002     -0.0005      0.0007
     37.9393   -118.4496     11.1572      0.8367      0.8272      0.0000      0.0000      0.0000     90.7383     60.9575      0.0000     -0.0001     -0.0005      0.0007
     37.9357   -118.4495     11.8806      0.8365      0.8272      0.0000      0.0000      0.0000     90.6495     61.0188      0.0000     -0.0001     -0.0005      0.0007
     37.9321   -118.4495     12.6045      0.8364      0.8272      0.0000      0.0000      0.0000     90.5561     61.0802      0.0000     -0.0000     -0.0005      0.0006
     37.9285   -118.4495     13.3288      0.8363      0.8272      0.0000      0.0000      0.0000     90.4581     61.1417      0.0000      0.0000     -0.0005      0.0006
     37.9249   -118.4495     14.0535      0.8361      0.8272      0.0000      0.0000      0.0000     90.3554     61.2033      0.0000      0.0001     -0.0005      0.0006
     37.9213   -118.4495     14.7786      0.8360      0.8272      0.0000      0.0000      0.0000     90.2481     61.2649      0.0000      0.0001     -0.0005      0.0006
     37.9177   -118.4495     15.5042      0.8358      0.8272      0.0000      0.0000      0.0000     90.1362     61.3268      0.0000      0.0001     -0.0005      0.0005
     37.9142   -118.4495     16.2302      0.8357      0.8272      0.0000      0.0000      0.0000     90.0196     61.3887      0.0000      0.0002     -0.0005      0.0005
     37.9106   -118.4495     16.9567      0.8356      0.8272      0.0000      0.0000      0.0000     89.8983     61.4508      0.0000      0.0002     -0.0005      0.0005
     37.9940   -118.4401      0.3582      0.8389      0.8267      0.0000      0.0000      0.0000     91.5265     60.0426      0.0000     -0.0008     -0.0008      0.0014
     37.9903   -118.4400      1.0746      0.8387      0.8267      0.0000      0.0000      0.0000     91.5050     60.1090      0.0000     -0.0008     -0.0008      0.0014
     37.9866   -118.4400      1.7915      0.8386      0.8267      0.0000      0.0000      0.0000     91.4791     60.1755      0.0000     -0.0008     -0.0007      0.0013
     37.9829   -118.4400      2.5089      0.8384      0.8267      0.0000      0.0000      0.0000     91.4487     60.2419      0.0000     -0.0008     -0.0007      0.0013
     37.9792   -118.4400      3.2268      0.8383      0.8267      0.0000      0.0000      0.0000     91.4138     60.3083      0.0000     -0.0007     -0.0006      0.0012
     37.9756   -118.4400      3.9452      0.8382      0.8267      0.0000      0.0000      0.0000     91.3744     60.3746      0.0000     -0.0007     -0.0006      0.0012
     37.9719   -118.4400      4.6640      0.8380      0.8267      0.0000      0.0000      0.0000     91.3305     60.4410      0.0000     -0.0006     -0.0006      0.0011
     37.9682   -118.4400      5.3833      0.8379      0.8267      0.0000      0.0000      0.0000     91.2820     60.5073      0.0000     -0.0006     -0.0006      0.0011
     37.9646   -118.4400      6.1031      0.8377      0.8267      0.0000      0.0000      0.0000     91.2291     60.5737      0.0000     -0.0005     -0.0006      0.0010
     37.9609   -118.4400      6.8234      0.8376      0.8267      0.0000      0.0000      0.0000     91.1716     60.6400      0.0000     -0.0005     -0.0005      0.0010
     37.9573   -118.4400      7.5441      0.8374      0.8267      0.0000      0.0000      0.0000     91.1095     60.7064      0.0000     -0.0004     -0.0005      0.0009
     37.9536   -118.4400      8.2653      0.8373      0.8267      0.0000      0.0000      0.0000     91.0428     60.7728      0.0000     -0.0003     -0.0005      0.0009
     37.9500   -118.4400      8.9870      0.8371      0.8267      0.0000      0.0000      0.0000     90.9716     60.8392      0.0000     -0.0003     -0.0005      0.0009
     37.9464   -118.4400      9.7091      0.8370      0.8267      0.0000      0.0000      0.0000     90.8957     60.9056      0.0000     -0.0002     -0.0005      0.0008
     37.9428   -118.4400     10.4318      0.8368      0.8267      0.0000      0.0000      0.0000     90.8152     60.9721      0.0000     -0.0002     -0.0005      0.0008
     37.9392   -118.4400     11.1549      0.8367      0.8267      0.0000      0.0000      0.0000     90.7301     61.0387      0.0000     -0.0001     -0.0005      0.0007
     37.9356   -118.4400     11.8784      0.8365      0.8267      0.0000      0.0000      0.0000     90.6403     61.1053      0.0000     -0.0001     -0.0005      0.0007
     37.9320   -118.4400     12.6025      0.8364      0.8267      0.0000      0.0000      0.0000     90.5458     61.1720      0.0000     -0.0000     -0.0005      0.0007
     37.9284   -118.4400     13.3270      0.8362      0.8267      0.0000      0.0000      0.0000     90.4467     61.2388      0.0000      0.0000     -0.0006      0.0006
     37.9248   -118.4400     14.0519      0.8361      0.8267      0.0000      0.0000      0.0000     90.3429     61.3058      0.0000      0.0001     -0.0006      0.0006
     37.9213   -118.4400     14.7774      0.8360      0.8267      0.0000      0.0000      0.0000     90.2343     61.3728      0.0000      0.0001     -0.0006      0.0006
     37.9177   -118.4400     15.5033      0.8358      0.8267      0.0000      0.0000      0.0000     90.1211     61.4400      0.0000      0.0002     -0.0006      0.0006
     37.9142   -118.4400     16.2296      0.8357      0.8267      0.0000      0.0000      0.0000     90.0031     61.5073      0.0000      0.0002     -0.0006      0.0005
     37.9106   -118.4400     16.9565      0.8356      0.8267      0.0000      0.0000      0.0000     89.8804     61.5748      0.0000      0.0002     -0.0006      0.0005
     37.9938   -118.4305      0.3580      0.8389      0.8262      0.0000      0.0000      0.0000     91.5266     60.0449      0.0000     -0.0009     -0.0009      0.0015
     37.9901   -118.4305      1.0739      0.8387      0.8262      0.0000      0.0000      0.0000     91.5052     60.1166      0.0000     -0.0009     -0.0008      0.0015
     37.9864   -118.4305      1.7905      0.8386      0.8262      0.0000      0.0000      0.0000     91.4794     60.1882      0.0000     -0.0009     -0.0008      0.0014
     37.9827   -118.4305      2.5076      0.8384      0.8262      0.0000      0.0000      0.0000     91.4491     60.2599      0.0000     -0.0008     -0.0007      0.0014
     37.9790   -118.4305      3.2252      0.8383      0.8262      0.0000      0.0000      0.0000     91.4144     60.3315      0.0000     -0.0008     -0.0007      0.0013
     37.9754   -118.4305      3.9433      0.8382      0.8262      0.0000      0.0000      0.0000     91.3752     60.4032      0.0000     -0.0007     -0.0007      0.0012
     37.9717   -118.4305      4.6619      0.8380      0.8262      0.0000      0.0000      0.0000     91.3315     60.4748      0.0000     -0.0007     -0.0006      0.0012
     37.9680   -118.4305      5.3811      0.8379      0.8262      0.0000      0.0000      0.0000     91.2832     60.5464      0.0000     -0.0006     -0.0006      0.0011
     37.9644   -118.4305      6.1007      0.8377      0.8262      0.0000      0.0000      0.0000     91.2305     60.6181      0.0000     -0.0006     -0.0006      0.0011
     37.9608   -118.4305      6.8209      0.8376      0.8262      0.0000      0.0000      0.0000     91.1732     60.6897      0.0000     -0.0005     -0.0006      0.0010
     37.9571   -118.4305      7.5415      0.8374      0.8262      0.0000      0.0000      0.0000     91.1114     60.7614      0.0000     -0.0004     -0.0006      0.0010
     37.9535   -118.4305      8.2627      0.8373      0.8262      0.0000      0.0000      0.0000     91.0449     60.8331      0.0000     -0.0004     -0.0006      0.0009
     37.9499   -118.4305      8.9844      0.8371      0.8262      0.0000      0.0000      0.0000     90.9739     60.9048      0.0000     -0.0003     -0.0006      0.0009
     37.9463   -118.4305      9.7066      0.8370      0.8262      0.0000      0.0000      0.0000     90.8983     60.9766      0.0000     -0.0002     -0.0006      0.0009
     37.9427   -118.4305     10.4293      0.8368      0.8262      0.0000      0.0000      0.0000     90.8181     61.0484      0.0000     -0.0002     -0.0006      0.0008
     37.9391   -118.4305     11.1525      0.8367      0.8262      0.0000      0.0000      0.0000     90.7332     61.1203      0.0000     -0.0001     -0.0006      0.0008
     37.9355   -118.4305     11.8762      0.8365      0.8262      0.0000      0.0000      0.0000     90.6437     61.1923      0.0000     -0.0001     -0.0006      0.0007
     37.9319   -118.4305     12.6004      0.8364      0.8262      0.0000      0.0000      0.0000     90.5496     61.2644      0.0000      0.0000     -0.0006      0.0007
     37.9283   -118.4305     13.3252      0.8362      0.8262      0.0000      0.0000      0.0000     90.4507     61.3366      0.0000      0.0001     -0.0006      0.0007
     37.9248   -118.4305     14.0504      0.8361      0.8262      0.0000      0.0000      0.0000     90.3472     61.4088      0.0000      0.0001     -0.0006      0.0006
     37.9212   -118.4305     14.7761      0.8360      0.8262      0.0000      0.0000      0.0000     90.2389     61.4813      0.0000      0.0002     -0.0006      0.0006
     37.9177   -118.4305     15.5023      0.8358      0.8262      0.0000      0.0000      0.0000     90.1260     61.5538      0.0000      0.0002     -0.0006      0.0006
     37.9142   -118.4305     16.2290      0.8357      0.8262      0.0000      0.0000      0.0000     90.0083     61.6266      0.0000      0.0002     -0.0006      0.0006
     37.9106   -118.4305     16.9563      0.8356      0.8262      0.0000      0.0000      0.0000     89.8858     61.6995      0.0000      0.0003     -0.0007      0.0005
     37.9936   -118.4209      0.3578      0.8389      0.8257      0.0000      0.0000      0.0000     91.5265     60.0472      0.0000     -0.0010     -0.0009      0.0017
     37.9899   -118.4209      1.0733      0.8387      0.8257      0.0000      0.0000      0.0000     91.5049     60.1242      0.0000     -0.0010     -0.0009      0.0016
     37.9862   -118.4209      1.7895      0.8386      0.8257      0.0000      0.0000      0.0000     91.4789     60.2011      0.0000     -0.0009     -0.0008      0.0015
     37.9825   -118.4209      2.5063      0.8384      0.8257      0.0000      0.0000      0.0000     91.4483     60.2780      0.0000     -0.0009     -0.0008      0.0015
     37.9789   -118.4209      3.2236      0.8383      0.8257      0.0000      0.0000      0.0000     91.4133     60.3549      0.0000     -0.0008     -0.0007      0.0014
     37.9752   -118.4209      3.9415      0.8382      0.8257      0.0000      0.0000      0.0000     91.3737     60.4318      0.0000     -0.0008     -0.0007      0.0013
     37.9715   -118.4209      4.6599      0.8380      0.8257      0.0000      0.0000      0.0000     91.3296     60.5088      0.0000     -0.0007     -0.0007      0.0013
     37.9679   -118.4209      5.3788      0.8379      0.8257      0.0000      0.0000      0.0000     91.2809     60.5857      0.0000     -0.0007     -0.0007      0.0012
     37.9642   -118.4209      6.0983      0.8377      0.8257      0.0000      0.0000      0.0000     91.2276     60.6626      0.0000     -0.0006     -0.0006      0.0011
     37.9606   -118.4209      6.8184      0.8376      0.8257      0.0000      0.0000      0.0000     91.1698     60.7396      0.0000     -0.0005     -0.0006      0.0011
     37.9570   -118.4209      7.5390      0.8374      0.8257      0.0000      0.0000      0.0000     91.1073     60.8166      0.0000     -0.0004     -0.0006      0.0010
     37.9534   -118.4209      8.2601      0.8373      0.8257      0.0000      0.0000      0.0000     91.0402     60.8936      0.0000     -0.0004     -0.0006      0.0010
     37.9497   -118.4209      8.9818      0.8371      0.8257      0.0000      0.0000      0.0000     90.9685     60.9707      0.0000     -0.0003     -0.0006      0.0009
     37.9462   -118.4209      9.7041      0.8370      0.8257      0.0000      0.0000      0.0000     90.8921     61.0478      0.0000     -0.0002     -0.0006      0.0009
     37.9426   -118.4209     10.4268      0.8368      0.8257      0.0000      0.0000      0.0000     90.8110     61.1250      0.0000     -0.0002     -0.0006      0.0009
     37.9390   -118.4209     11.1501      0.8367      0.8257      0.0000      0.0000      0.0000     90.7252     61.2023      0.0000     -0.0001     -0.0007      0.0008
     37.9354   -118.4209     11.8740      0.8365      0.8257      0.0000      0.0000      0.0000     90.6347     61.2797      0.0000     -0.0000     -0.0007      0.0008
     37.9318   -118.4209     12.5984      0.8364      0.8257      0.0000      0.0000      0.0000     90.5395     61.3571      0.0000      0.0000     -0.0007      0.0007
     37.9283   -118.4209     13.3233      0.8362      0.8257      0.0000      0.0000      0.0000     90.4396     61.4347      0.0000      0.0001     -0.0007      0.0007
     37.9247   -118.4209     14.0488      0.8361      0.8257      0.0000      0.0000      0.0000     90.3349     61.5124      0.0000      0.0001     -0.0007      0.0007
     37.9212   -118.4209     14.7748      0.8360      0.8257      0.0000      0.0000      0.0000     90.2254     61.5903      0.0000      0.0002     -0.0007      0.0006
     37.9177   -118.4209     15.5014      0.8358      0.8257      0.0000      0.0000      0.0000     90.1112     61.6683      0.0000      0.0002     -0.0007      0.0006
     37.9142   -118.4209     16.2284      0.8357      0.8257      0.0000      0.0000      0.0000     89.9921     61.7465      0.0000      0.0003     -0.0007      0.0006
     37.9106   -118.4209     16.9561      0.8356      0.8257     -0.0000      0.0000      0.0000     89.8683     61.8248    -95.0000      0.0003     -0.0007      0.0006
     37.9934   -118.4113      0.3576      0.8389      0.8252      0.0000      0.0000      0.0000     91.5267     60.0496      0.0000     -0.0011     -0.0010      0.0018
     37.9897   -118.4113      1.0727      0.8387      0.8252      0.0000      0.0000      0.0000     91.5055     60.1317      0.0000     -0.0011     -0.0010      0.0017
     37.9860   -118.4113      1.7886      0.8386      0.8252      0.0000      0.0000      0.0000     91.4800     60.2139      0.0000     -0.0010     -0.0009      0.0016
     37.9823   -118.4114      2.5050      0.8384      0.8252      0.0000      0.0000      0.0000     91.4500     60.2961      0.0000     -0.0010     -0.0008      0.0016
     37.9787   -118.4114      3.2220      0.8383      0.8252      0.0000      0.0000      0.0000     91.4156     60.3783      0.0000     -0.0009     -0.0008      0.0015
     37.9750   -118.4114      3.9396      0.8382      0.8252      0.0000      0.0000      0.0000     91.3768     60.4605      0.0000     -0.0009     -0.0008      0.0014
     37.9714   -118.4114      4.6578      0.8380      0.8252      0.0000      0.0000      0.0000     91.3334     60.5427      0.0000     -0.0008     -0.0007      0.0013
     37.9677   -118.4114      5.3766      0.8379      0.8252      0.0000      0.0000      0.0000     91.2856     60.6249      0.0000     -0.0007     -0.0007      0.0013
     37.9641   -118.4114      6.0960      0.8377      0.8252      0.0000      0.0000      0.0000     91.2333     60.7072      0.0000     -0.0006     -0.0007      0.0012
     37.9604   -118.4114      6.8159      0.8376      0.8252      0.0000      0.0000      0.0000     91.1765     60.7894      0.0000     -0.0005     -0.0007      0.0012
     37.9568   -118.4114      7.5365      0.8374      0.8252      0.0000      0.0000      0.0000     91.1151     60.8718      0.0000     -0.0005     -0.0007      0.0011
     37.9532   -118.4114      8.2576      0.8373      0.8252      0.0000      0.0000      0.0000     91.0492     60.9541      0.0000     -0.0004     -0.0007      0.0010
     37.9496   -118.4114      8.9793      0.8371      0.8252      0.0000      0.0000      0.0000     90.9787     61.0365      0.0000     -0.0003     -0.0007      0.0010
     37.9460   -118.4114      9.7015      0.8370      0.8252      0.0000      0.0000      0.0000     90.9036     61.1190      0.0000     -0.0002     -0.0007      0.0009
     37.9425   -118.4114     10.4244      0.8368      0.8252      0.0000      0.0000      0.0000     90.8239     61.2016      0.0000     -0.0001     -0.0007      0.0009
     37.9389   -118.4114     11.1478      0.8367      0.8252      0.0000      0.0000      0.0000     90.7396     61.2842      0.0000     -0.0001     -0.0007      0.0009
     37.9353   -118.4114     11.8718      0.8365      0.8252      0.0000      0.0000      0.0000     90.6506     61.3670      0.0000     -0.0000     -0.0007      0.0008
     37.9318   -118.4114     12.5964      0.8364      0.8252      0.0000      0.0000      0.0000     90.5570     61.4498      0.0000      0.0001     -0.0008      0.0008
     37.9282   -118.4114     13.3215      0.8362      0.8252      0.0000      0.0000      0.0000     90.4588     61.5328      0.0000      0.0001     -0.0008      0.0007
     37.9247   -118.4114     14.0473      0.8361      0.8252      0.0000      0.0000      0.0000     90.3558     61.6159      0.0000      0.0002     -0.0008      0.0007
     37.9212   -118.4114     14.7736      0.8360      0.8252      0.0000      0.0000      0.0000     90.2481     61.6991      0.0000      0.0002     -0.0008      0.0007
     37.9177   -118.4114     15.5004      0.8358      0.8252      0.0000      0.0000      0.0000     90.1357     61.7825      0.0000      0.0003     -0.0008      0.0006
     37.9142   -118.4114     16.2279      0.8357      0.8252      0.0000      0.0000      0.0000     90.0186     61.8661      0.0000      0.0003     -0.0008      0.0006
     37.9107   -118.4114     16.9559      0.8356      0.8252     -0.0000      0.0000      0.0000     89.8968     61.9499    -95.0000      0.0004     -0.0008      0.0006
     37.9932   -118.4018      0.3573      0.8389      0.8247      0.0000      0.0000      0.0000     91.5267     60.0519      0.0000     -0.0012     -0.0011      0.0019
     37.9895   -118.4018      1.0721      0.8387      0.8247      0.0000      0.0000      0.0000     91.5057     60.1392      0.0000     -0.0012     -0.0010      0.0018
     37.9858   -118.4018      1.7876      0.8386      0.8247      0.0000      0.0000      0.0000     91.4803     60.2266      0.0000     -0.0011     -0.0010      0.0018
     37.9822   -118.4018      2.5037      0.8384      0.8247      0.0000      0.0000      0.0000     91.4505     60.3140      0.0000     -0.0011     -0.0009      0.0017
     37.9785   -118.4018      3.2205      0.8383      0.8247      0.0000      0.0000      0.0000     91.4162     60.4014      0.0000     -0.0010     -0.0009      0.0016
     37.9748   -118.4018      3.9378      0.8382      0.8247      0.0000      0.0000      0.0000     91.3776     60.4888      0.0000     -0.0009     -0.0008      0.0015
     37.9712   -118.4018      4.6558      0.8380      0.8247      0.0000      0.0000      0.0000     91.3344     60.5762      0.0000     -0.0008     -0.0008      0.0014
     37.9675   -118.4018      5.3744      0.8379      0.8247      0.0000      0.0000      0.0000     91.2868     60.6637      0.0000     -0.0008     -0.0008      0.0014
     37.9639   -118.4018      6.0936      0.8377      0.8247      0.0000      0.0000      0.0000     91.2347     60.7512      0.0000     -0.0007     -0.0008      0.0013
     37.9603   -118.4018      6.8135      0.8376      0.8247      0.0000      0.0000      0.0000     91.1781     60.8388      0.0000     -0.0006     -0.0008      0.0012
     37.9567   -118.4018      7.5340      0.8374      0.8247      0.0000      0.0000      0.0000     91.1170     60.9264      0.0000     -0.0005     -0.0008      0.0012
     37.9531   -118.4018      8.2550      0.8373      0.8247      0.0000      0.0000      0.0000     91.0513     61.0140      0.0000     -0.0004     -0.0008      0.0011
     37.9495   -118.4018      8.9767      0.8371      0.8247      0.0000      0.0000      0.0000     90.9810     61.1017      0.0000     -0.0003     -0.0008      0.0010
     37.9459   -118.4018      9.6990      0.8370      0.8247      0.0000      0.0000      0.0000     90.9062     61.1895      0.0000     -0.0002     -0.0008      0.0010
     37.9423   -118.4018     10.4220      0.8368      0.8247      0.0000      0.0000      0.0000     90.8268     61.2774      0.0000     -0.0001     -0.0008      0.0009
     37.9388   -118.4019     11.1455      0.8367      0.8247      0.0000      0.0000      0.0000     90.7427     61.3654      0.0000     -0.0001     -0.0008      0.0009
     37.9352   -118.4019     11.8696      0.8365      0.8247      0.0000      0.0000      0.0000     90.6540     61.4534      0.0000      0.0000     -0.0008      0.0009
     37.9317   -118.4019     12.5944      0.8364      0.8247      0.0000      0.0000      0.0000     90.5607     61.5416      0.0000      0.0001     -0.0009      0.0008
     37.9282   -118.4019     13.3198      0.8362      0.8247      0.0000      0.0000      0.0000     90.4627     61.6299      0.0000      0.0002     -0.0009      0.0008
     37.9246   -118.4019     14.0457      0.8361      0.8247      0.0000      0.0000      0.0000     90.3600     61.7184      0.0000      0.0002     -0.0009      0.0007
     37.9211   -118.4019     14.7723      0.8360      0.8247      0.0000      0.0000      0.0000     90.2527     61.8070      0.0000      0.0003     -0.0009      0.0007
     37.9176   -118.4019     15.4995      0.8358      0.8247      0.0000      0.0000      0.0000     90.1406     61.8958      0.0000      0.0003     -0.0010      0.0007
     37.9141   -118.4019     16.2273      0.8357      0.8247     -0.0000      0.0000      0.0000     90.0237     61.9848    -95.0000      0.0004     -0.0009      0.0006
     37.9107   -118.4019     16.9557      0.8356      0.8247     -0.0000      0.0000      0.0000     89.9022     62.0739    -95.0000      0.0005     -0.0010      0.0006
     37.9930   -118.3922      0.3571      0.8389      0.8242      0.0000      0.0000      0.0000     91.5265     60.0542      0.0000     -0.0013     -0.0012      0.0021
     37.9893   -118.3922      1.0715      0.8387      0.8242      0.0000      0.0000      0.0000     91.5050     60.1468      0.0000     -0.0013     -0.0011      0.0020
     37.9856   -118.3922      1.7867      0.8386      0.8242      0.0000      0.0000      0.0000     91.4790     60.2394      0.0000     -0.0012     -0.0010      0.0019
     37.9820   -118.3922      2.5024      0.8384      0.8242      0.0000      0.0000      0.0000     91.4485     60.3321      0.0000     -0.0012     -0.0010      0.0018
     37.9783   -118.3922      3.2189      0.8383      0.8242      0.0000      0.0000      0.0000     91.4135     60.4247      0.0000     -0.0011     -0.0009      0.0017
     37.9746   -118.3922      3.9360      0.8382      0.8242      0.0000      0.0000      0.0000     91.3739     60.5174      0.0000     -0.0010     -0.0009      0.0016
     37.9710   -118.3922      4.6538      0.8380      0.8242      0.0000      0.0000      0.0000     91.3298     60.6102      0.0000     -0.0009     -0.0009      0.0015
     37.9674   -118.3923      5.3722      0.8379      0.8242      0.0000      0.0000      0.0000     91.2810     60.7029      0.0000     -0.0008     -0.0009      0.0014
     37.9637   -118.3923      6.0913      0.8377      0.8242      0.0000      0.0000      0.0000     91.2277     60.7957      0.0000     -0.0007     -0.0008      0.0014
     37.9601   -118.3923      6.8110      0.8376      0.8242      0.0000      0.0000      0.0000     91.1697     60.8886      0.0000     -0.0006     -0.0008      0.0013
     37.9565   -118.3923      7.5314      0.8374      0.8242      0.0000      0.0000      0.0000     91.1071     60.9815      0.0000     -0.0005     -0.0008      0.0012
     37.9529   -118.3923      8.2525      0.8373      0.8242      0.0000      0.0000      0.0000     91.0398     61.0745      0.0000     -0.0004     -0.0008      0.0012
     37.9494   -118.3923      8.9742      0.8371      0.8242      0.0000      0.0000      0.0000     90.9679     61.1676      0.0000     -0.0003     -0.0009      0.0011
     37.9458   -118.3923      9.6965      0.8370      0.8242      0.0000      0.0000      0.0000     90.8912     61.2607      0.0000     -0.0002     -0.0009      0.0010
     37.9422   -118.3923     10.4195      0.8368      0.8242      0.0000      0.0000      0.0000     90.8098     61.3540      0.0000     -0.0001     -0.0009      0.0010
     37.9387   -118.3923     11.1432      0.8367      0.8242      0.0000      0.0000      0.0000     90.7237     61.4473      0.0000     -0.0000     -0.0009      0.0009
     37.9351   -118.3923     11.8675      0.8365      0.8242      0.0000      0.0000      0.0000     90.6329     61.5408      0.0000      0.0001     -0.0010      0.0009
     37.9316   -118.3923     12.5924      0.8364      0.8242      0.0000      0.0000      0.0000     90.5372     61.6344      0.0000      0.0001     -0.0010      0.0009
     37.9281   -118.3923     13.3180      0.8362      0.8242      0.0000      0.0000      0.0000     90.4368     61.7282      0.0000      0.0002     -0.0010      0.0008
     37.9246   -118.3923     14.0442      0.8361      0.8242      0.0000      0.0000      0.0000     90.3315     61.8221      0.0000      0.0003     -0.0011      0.0008
     37.9211   -118.3923     14.7711      0.8360      0.8242      0.0000      0.0000      0.0000     90.2214     61.9161      0.0000      0.0003     -0.0012      0.0007
     37.9176   -118.3924     15.4986      0.8358      0.8242     -0.0000      0.0000      0.0000     90.1065     62.0104    -95.0000      0.0004     -0.0012      0.0007
     37.9141   -118.3924     16.2267      0.8357      0.8242     -0.0000      0.0000      0.0000     89.9867     62.1048    -95.0000      0.0005     -0.0010      0.0007
     37.9107   -118.3924     16.9555      0.8356      0.8242     -0.0000      0.0000      0.0000     89.8620     62.1995    -95.0000      0.0006     -0.0010      0.0006
     37.9928   -118.3831      0.3569      0.7550      0.8237      0.0000      0.0000      0.0000     91.5270     60.0565      0.0000     -0.0015     -0.0013      0.0023
     37.9891   -118.3831      1.0710      0.7549      0.8237      0.0000      0.0000      0.0000     91.5060     60.1540      0.0000     -0.0014     -0.0012      0.0022
     37.9855   -118.3831      1.7857      0.7547      0.8237      0.0000      0.0000      0.0000     91.4806     60.2517      0.0000     -0.0014     -0.0011      0.0020
     37.9818   -118.3831      2.5012      0.7546      0.8237      0.0000      0.0000      0.0000     91.4507     60.3493      0.0000     -0.0013     -0.0011      0.0019
     37.9781   -118.3831      3.2174      0.7545      0.8237      0.0000      0.0000      0.0000     91.4164     60.4470      0.0000     -0.0012     -0.0010      0.0018
     37.9745   -118.3832      3.9343      0.7543      0.8237      0.0000      0.0000      0.0000     91.3777     60.5448      0.0000     -0.0011     -0.0010      0.0017
     37.9708   -118.3832      4.6519      0.7542      0.8237      0.0000      0.0000      0.0000     91.3344     60.6426      0.0000     -0.0010     -0.0009      0.0016
     37.9672   -118.3832      5.3701      0.7541      0.8237      0.0000      0.0000      0.0000     91.2867     60.7404      0.0000     -0.0009     -0.0009      0.0015
     37.9636   -118.3832      6.0891      0.7539      0.8237      0.0000      0.0000      0.0000     91.2345     60.8383      0.0000     -0.0008     -0.0009      0.0014
     37.9600   -118.3832      6.8087      0.7538      0.8237      0.0000      0.0000      0.0000     91.1777     60.9362      0.0000     -0.0006     -0.0009      0.0014
     37.9564   -118.3832      7.5291      0.7537      0.8237      0.0000      0.0000      0.0000     91.1164     61.0343      0.0000     -0.0005     -0.0009      0.0013
     37.9528   -118.3832      8.2501      0.7535      0.8237      0.0000      0.0000      0.0000     91.0504     61.1324      0.0000     -0.0004     -0.0009      0.0012
     37.9492   -118.3832      8.9718      0.7534      0.8237      0.0000      0.0000      0.0000     90.9799     61.2305      0.0000     -0.0003     -0.0010      0.0012
     37.9457   -118.3832      9.6942      0.7533      0.8237      0.0000      0.0000      0.0000     90.9048     61.3288      0.0000     -0.0002     -0.0010      0.0011
     37.9421   -118.3832     10.4172      0.7531      0.8237      0.0000      0.0000      0.0000     90.8250     61.4272      0.0000     -0.0001     -0.0010      0.0010
     37.9386   -118.3832     11.1410      0.7530      0.8237      0.0000      0.0000      0.0000     90.7406     61.5257      0.0000      0.0000     -0.0010      0.0010
     37.9351   -118.3833     11.8654      0.7529      0.8237      0.0000      0.0000      0.0000     90.6515     61.6243      0.0000      0.0001     -0.0011      0.0009
     37.9316   -118.3833     12.5905      0.7527      0.8237      0.0000      0.0000      0.0000     90.5577     61.7231      0.0000      0.0002     -0.0011      0.0009
     37.9280   -118.3833     13.3163      0.7526      0.8237      0.0000      0.0000      0.0000     90.4592     61.8220      0.0000      0.0002     -0.0012      0.0008
     37.9246   -118.3833     14.0427      0.7525      0.8237      0.0000      0.0000      0.0000     90.3560     61.9210      0.0000      0.0003     -0.0014      0.0008
     37.9211   -118.3833     14.7699      0.7524      0.8237     -0.0000      0.0000      0.0000     90.2480     62.0203    -95.0000      0.0004     -0.0014      0.0008
     37.9176   -118.3833     15.4977      0.7522      0.8237     -0.0000      0.0000      0.0000     90.1353     62.1197    -95.0000      0.0004     -0.0011      0.0007
     37.9141   -118.3833     16.2261      0.7521      0.8237     -0.0000      0.0000      0.0000     90.0177     62.2194    -95.0000      0.0005     -0.0008      0.0007
     37.9107   -118.3833     16.9553      0.7520      0.8237     -0.0000      0.0000      0.0000     89.8954     62.3192    -95.0000      0.0007     -0.0006      0.0007
     37.9926   -118.3740      0.3567      0.8389      0.8232      0.0000      0.0000      0.0000     91.5266     60.0587      0.0000     -0.0016     -0.0014      0.0025
     37.9889   -118.3740      1.0704      0.8387      0.8232      0.0000      0.0000      0.0000     91.5053     60.1613      0.0000     -0.0016     -0.0013      0.0023
     37.9853   -118.3740      1.7848      0.8386      0.8232      0.0000      0.0000      0.0000     91.4796     60.2639      0.0000     -0.0015     -0.0012      0.0022
     37.9816   -118.3741      2.5000      0.8384      0.8232      0.0000      0.0000      0.0000     91.4494     60.3665      0.0000     -0.0014     -0.0011      0.0021
     37.9779   -118.3741      3.2159      0.8383      0.8232      0.0000      0.0000      0.0000     91.4147     60.4692      0.0000     -0.0013     -0.0011      0.0020
     37.9743   -118.3741      3.9326      0.8381      0.8232      0.0000      0.0000      0.0000     91.3755     60.5720      0.0000     -0.0012     -0.0011      0.0018
     37.9707   -118.3741      4.6499      0.8380      0.8233      0.0000      0.0000      0.0000     91.3317     60.6748      0.0000     -0.0011     -0.0010      0.0017
     37.9670   -118.3741      5.3680      0.8378      0.8233      0.0000      0.0000      0.0000     91.2833     60.7777      0.0000     -0.0009     -0.0010      0.0016
     37.9634   -118.3741      6.0869      0.8377      0.8233      0.0000      0.0000      0.0000     91.2304     60.8806      0.0000     -0.0008     -0.0010      0.0015
     37.9598   -118.3741      6.8064      0.8375      0.8233      0.0000      0.0000      0.0000     91.1729     60.9837      0.0000     -0.0007     -0.0010      0.0014
     37.9563   -118.3741      7.5267      0.8374      0.8233      0.0000      0.0000      0.0000     91.1107     61.0868      0.0000     -0.0005     -0.0010      0.0014
     37.9527   -118.3741      8.2477      0.8372      0.8233      0.0000      0.0000      0.0000     91.0440     61.1899      0.0000     -0.0004     -0.0011      0.0013
     37.9491   -118.3742      8.9694      0.8371      0.8233      0.0000      0.0000      0.0000     90.9725     61.2932      0.0000     -0.0003     -0.0011      0.0012
     37.9456   -118.3742      9.6918      0.8370      0.8233      0.0000      0.0000      0.0000     90.8963     61.3966      0.0000     -0.0002     -0.0011      0.0011
     37.9420   -118.3742     10.4149      0.8368      0.8233      0.0000      0.0000      0.0000     90.8155     61.5001      0.0000     -0.0001     -0.0012      0.0011
     37.9385   -118.3742     11.1388      0.8367      0.8233      0.0000      0.0000      0.0000     90.7299     61.6037      0.0000      0.0000     -0.0012      0.0010
     37.9350   -118.3742     11.8633      0.8365      0.8233      0.0000      0.0000      0.0000     90.6396     61.7075      0.0000      0.0001     -0.0013      0.0010
     37.9315   -118.3742     12.5886      0.8364      0.8233      0.0000      0.0000      0.0000     90.5445     61.8114      0.0000      0.0002     -0.0013      0.0009
     37.9280   -118.3742     13.3146      0.8362      0.8233      0.0000      0.0000      0.0000     90.4446     61.9155      0.0000      0.0003     -0.0015      0.0009
     37.9245   -118.3742     14.0413      0.8361      0.8233     -0.0000      0.0000      0.0000     90.3399     62.0198    -95.0000      0.0004     -0.0017      0.0008
     37.9210   -118.3742     14.7687      0.8360      0.8233     -0.0000      0.0000      0.0000     90.2304     62.1242    -95.0000      0.0004     -0.0016      0.0008
     37.9176   -118.3743     15.4968      0.8358      0.8233     -0.0000      0.0001      0.0001     90.1160     62.2288    -95.0000      0.0005     -0.0011      0.0008
     37.9141   -118.3743     16.2256      0.8357      0.8233     -0.0000      0.0001      0.0001     89.9968     62.3337    -95.0000      0.0006     -0.0004      0.0007
     37.9107   -118.3743     16.9551      0.8356      0.8233     -0.0000      0.0001      0.0001     89.8727     62.4388    -95.0000      0.0007      0.0001      0.0007
     37.9924   -118.3645      0.3565      0.8389      0.8227      0.0000      0.0000      0.0000     91.5268     60.0610      0.0000     -0.0018     -0.0015      0.0027
     37.9888   -118.3645      1.0698      0.8387      0.8227      0.0000      0.0000      0.0000     91.5059     60.1688      0.0000     -0.0017     -0.0014      0.0025
     37.9851   -118.3645      1.7839      0.8386      0.8227      0.0000      0.0000      0.0000     91.4807     60.2767      0.0000     -0.0016     -0.0013      0.0024
     37.9814   -118.3645      2.4987      0.8384      0.8227      0.0000      0.0000      0.0000     91.4510     60.3846      0.0000     -0.0015     -0.0013      0.0022
     37.9778   -118.3645      3.2144      0.8383      0.8227      0.0000      0.0000      0.0000     91.4170     60.4926      0.0000     -0.0014     -0.0012      0.0021
     37.9741   -118.3645      3.9308      0.8381      0.8228      0.0000      0.0000      0.0000     91.3784     60.6007      0.0000     -0.0013     -0.0012      0.0020
     37.9705   -118.3645      4.6479      0.8380      0.8228      0.0000      0.0000      0.0000     91.3355     60.7088      0.0000     -0.0011     -0.0011      0.0018
     37.9669   -118.3645      5.3659      0.8378      0.8228      0.0000      0.0000      0.0000     91.2880     60.8170      0.0000     -0.0010     -0.0011      0.0017
     37.9633   -118.3646      6.0845      0.8377      0.8228      0.0000      0.0000      0.0000     91.2360     60.9252      0.0000     -0.0008     -0.0011      0.0016
     37.9597   -118.3646      6.8040      0.8375      0.8228      0.0000      0.0000      0.0000     91.1795     61.0336      0.0000     -0.0007     -0.0011      0.0015
     37.9561   -118.3646      7.5242      0.8374      0.8228      0.0000      0.0000      0.0000     91.1184     61.1420      0.0000     -0.0005     -0.0012      0.0014
     37.9525   -118.3646      8.2452      0.8372      0.8228      0.0000      0.0000      0.0000     91.0528     61.2506      0.0000     -0.0004     -0.0012      0.0013
     37.9490   -118.3646      8.9669      0.8371      0.8228      0.0000      0.0000      0.0000     90.9826     61.3592      0.0000     -0.0003     -0.0012      0.0013
     37.9455   -118.3646      9.6893      0.8370      0.8228      0.0000      0.0000      0.0000     90.9077     61.4680      0.0000     -0.0001     -0.0013      0.0012
     37.9419   -118.3646     10.4125      0.8368      0.8228      0.0000      0.0000      0.0000     90.8282     61.5769      0.0000     -0.0000     -0.0013      0.0011
     37.9384   -118.3646     11.1365      0.8367      0.8228      0.0000      0.0000      0.0000     90.7441     61.6859      0.0000      0.0001     -0.0014      0.0011
     37.9349   -118.3647     11.8612      0.8365      0.8228      0.0000      0.0000      0.0000     90.6553     61.7951      0.0000      0.0002     -0.0015      0.0010
     37.9314   -118.3647     12.5867      0.8364      0.8228      0.0000      0.0000      0.0000     90.5617     61.9044      0.0000      0.0003     -0.0016      0.0010
     37.9279   -118.3647     13.3128      0.8362      0.8228      0.0000      0.0000      0.0000     90.4635     62.0140      0.0000      0.0004     -0.0019      0.0009
     37.9245   -118.3647     14.0398      0.8361      0.8228     -0.0000      0.0000      0.0000     90.3605     62.1237    -95.0000      0.0004     -0.0020      0.0009
     37.9210   -118.3647     14.7675      0.8360      0.8228     -0.0000      0.0001      0.0001     90.2528     62.2335    -95.0000      0.0005     -0.0016      0.0008
     37.9176   -118.3647     15.4959      0.8358      0.8228     -0.0000      0.0001      0.0001     90.1403     62.3436    -95.0000      0.0006     -0.0009      0.0008
     37.9141   -118.3647     16.2250      0.8357      0.8228     -0.0000      0.0001      0.0001     90.0230     62.4540    -95.0000      0.0007     -0.0000      0.0008
     37.9107   -118.3647     16.9549      0.8356      0.8228     -0.0000      0.0001      0.0001     89.9008     62.5645    -95.0000      0.0008      0.0010      0.0007
     37.9922   -118.3549      0.3563      0.8389      0.8222      0.0000      0.0000      0.0000     91.5267     60.0634      0.0000     -0.0020     -0.0017      0.0030
     37.9886   -118.3549      1.0692      0.8387      0.8222      0.0000      0.0000      0.0000     91.5057     60.1764      0.0000     -0.0019     -0.0016      0.0028
     37.9849   -118.3549      1.7829      0.8386      0.8222      0.0000      0.0000      0.0000     91.4802     60.2895      0.0000     -0.0018     -0.0015      0.0026
     37.9812   -118.3549      2.4975      0.8384      0.8223      0.0000      0.0000      0.0000     91.4503     60.4027      0.0000     -0.0017     -0.0014      0.0024
     37.9776   -118.3549      3.2128      0.8383      0.8223      0.0000      0.0000      0.0000     91.4159     60.5159      0.0000     -0.0016     -0.0013      0.0023
     37.9739   -118.3550      3.9290      0.8381      0.8223      0.0000      0.0000      0.0000     91.3771     60.6292      0.0000     -0.0014     -0.0013      0.0021
     37.9703   -118.3550      4.6459      0.8380      0.8223      0.0000      0.0000      0.0000     91.3337     60.7426      0.0000     -0.0012     -0.0012      0.0020
     37.9667   -118.3550      5.3637      0.8378      0.8223      0.0000      0.0000      0.0000     91.2858     60.8561      0.0000     -0.0011     -0.0012      0.0018
     37.9631   -118.3550      6.0822      0.8377      0.8223      0.0000      0.0000      0.0000     91.2333     60.9697      0.0000     -0.0009     -0.0013      0.0017
     37.9595   -118.3550      6.8016      0.8375      0.8223      0.0000      0.0000      0.0000     91.1762     61.0834      0.0000     -0.0007     -0.0013      0.0016
     37.9560   -118.3550      7.5217      0.8374      0.8223      0.0000      0.0000      0.0000     91.1145     61.1971      0.0000     -0.0006     -0.0013      0.0015
     37.9524   -118.3550      8.2427      0.8372      0.8223      0.0000      0.0000      0.0000     91.0482     61.3110      0.0000     -0.0004     -0.0014      0.0014
     37.9489   -118.3551      8.9644      0.8371      0.8223      0.0000      0.0000      0.0000     90.9773     61.4250      0.0000     -0.0002     -0.0014      0.0013
     37.9453   -118.3551      9.6869      0.8369      0.8223      0.0000      0.0000      0.0000     90.9017     61.5392      0.0000     -0.0001     -0.0015      0.0013
     37.9418   -118.3551     10.4102      0.8368      0.8223      0.0000      0.0000      0.0000     90.8214     61.6534      0.0000      0.0000     -0.0016      0.0012
     37.9383   -118.3551     11.1342      0.8367      0.8223      0.0000      0.0000      0.0000     90.7364     61.7679      0.0000      0.0001     -0.0016      0.0011
     37.9348   -118.3551     11.8591      0.8365      0.8223      0.0000      0.0000      0.0000     90.6466     61.8824      0.0000      0.0002     -0.0018      0.0011
     37.9313   -118.3551     12.5847      0.8364      0.8223      0.0000      0.0000      0.0000     90.5521     61.9972      0.0000      0.0003     -0.0020      0.0010
     37.9279   -118.3552     13.3111      0.8362      0.8223     -0.0000      0.0000      0.0000     90.4528     62.1121    -95.0000      0.0004     -0.0024      0.0010
     37.9244   -118.3552     14.0383      0.8361      0.8223     -0.0000      0.0000      0.0000     90.3487     62.2273    -95.0000      0.0005     -0.0023      0.0009
     37.9210   -118.3552     14.7662      0.8360      0.8223     -0.0000      0.0001      0.0001     90.2398     62.3426    -95.0000      0.0006     -0.0016      0.0009
     37.9176   -118.3552     15.4949      0.8358      0.8223     -0.0000      0.0002      0.0002     90.1260     62.4582    -95.0000      0.0007     -0.0006      0.0008
     37.9141   -118.3552     16.2244      0.8357      0.8223     -0.0000      0.0002      0.0002     90.0074     62.5740    -95.0000      0.0008      0.0005      0.0008
     37.9107   -118.3552     16.9547      0.8356      0.8223     -0.0000      0.0002      0.0002     89.8839     62.6901    -95.0000      0.0009      0.0020      0.0008
     37.9920   -118.3453      0.3561      0.8389      0.8217      0.0000      0.0000      0.0000     91.5268     60.0657      0.0000     -0.0022     -0.0019      0.0033
     37.9884   -118.3453      1.0686      0.8387      0.8218      0.0000      0.0000      0.0000     91.5058     60.1840      0.0000     -0.0021     -0.0017      0.0030
     37.9847   -118.3453      1.7820      0.8386      0.8218      0.0000      0.0000      0.0000     91.4805     60.3024      0.0000     -0.0020     -0.0016      0.0028
     37.9810   -118.3454      2.4962      0.8384      0.8218      0.0000      0.0000      0.0000     91.4508     60.4208      0.0000     -0.0019     -0.0015      0.0026
     37.9774   -118.3454      3.2113      0.8383      0.8218      0.0000      0.0000      0.0000     91.4166     60.5393      0.0000     -0.0017     -0.0014      0.0024
     37.9738   -118.3454      3.9272      0.8381      0.8218      0.0000      0.0000      0.0000     91.3779     60.6579      0.0000     -0.0015     -0.0014      0.0023
     37.9701   -118.3454      4.6440      0.8380      0.8218      0.0000      0.0000      0.0000     91.3347     60.7766      0.0000     -0.0013     -0.0014      0.0021
     37.9665   -118.3454      5.3615      0.8378      0.8218      0.0000      0.0000      0.0000     91.2870     60.8954      0.0000     -0.0011     -0.0014      0.0019
     37.9630   -118.3455      6.0799      0.8377      0.8218      0.0000      0.0000      0.0000     91.2347     61.0143      0.0000     -0.0009     -0.0014      0.0018
     37.9594   -118.3455      6.7992      0.8375      0.8218      0.0000      0.0000      0.0000     91.1779     61.1334      0.0000     -0.0007     -0.0015      0.0017
     37.9558   -118.3455      7.5193      0.8374      0.8218      0.0000      0.0000      0.0000     91.1164     61.2525      0.0000     -0.0006     -0.0015      0.0016
     37.9523   -118.3455      8.2402      0.8372      0.8218      0.0000      0.0000      0.0000     91.0504     61.3718      0.0000     -0.0004     -0.0016      0.0015
     37.9487   -118.3455      8.9619      0.8371      0.8218      0.0000      0.0000      0.0000     90.9797     61.4912      0.0000     -0.0002     -0.0016      0.0014
     37.9452   -118.3455      9.6844      0.8369      0.8218      0.0000      0.0000      0.0000     90.9044     61.6107      0.0000     -0.0001     -0.0017      0.0013
     37.9417   -118.3456     10.4078      0.8368      0.8218      0.0000      0.0000      0.0000     90.8243     61.7304      0.0000      0.0001     -0.0018      0.0012
     37.9382   -118.3456     11.1320      0.8367      0.8218      0.0000      0.0000      0.0000     90.7396     61.8502      0.0000      0.0002     -0.0020      0.0012
     37.9347   -118.3456     11.8569      0.8365      0.8218      0.0000      0.0000      0.0000     90.6501     61.9702      0.0000      0.0003     -0.0022      0.0011
     37.9313   -118.3456     12.5827      0.8364      0.8218     -0.0000      0.0000      0.0000     90.5559     62.0904    -95.0000      0.0004     -0.0027      0.0011
     37.9278   -118.3456     13.3094      0.8362      0.8218     -0.0000      0.0000      0.0000     90.4569     62.2108    -95.0000      0.0005     -0.0028      0.0010
     37.9244   -118.3456     14.0368      0.8361      0.8218     -0.0000      0.0001      0.0001     90.3531     62.3315    -95.0000      0.0006     -0.0024      0.0010
     37.9209   -118.3457     14.7650      0.8360      0.8218     -0.0000      0.0002      0.0002     90.2445     62.4523    -95.0000      0.0007     -0.0015      0.0009
     37.9175   -118.3457     15.4940      0.8358      0.8218     -0.0000      0.0002      0.0002     90.1310     62.5734    -95.0000      0.0008     -0.0002      0.0009
     37.9141   -118.3457     16.2239      0.8357      0.8218     -0.0000      0.0003      0.0003     90.0127     62.6947    -95.0000      0.0009      0.0010      0.0008
     37.9108   -118.3457     16.9545      0.8356      0.8218     -0.0000      0.0003      0.0003     89.8895     62.8163    -95.0000      0.0010      0.0032      0.0008
     37.9918   -118.3357      0.3559      0.8389      0.8213      0.0000      0.0000      0.0000     91.5267     60.0681      0.0000     -0.0025     -0.0020      0.0036
     37.9882   -118.3358      1.0680      0.8387      0.8213      0.0000      0.0000      0.0000     91.5056     60.1916      0.0000     -0.0024     -0.0019      0.0033
     37.9845   -118.3358      1.7810      0.8386      0.8213      0.0000      0.0000      0.0000     91.4801     60.3153      0.0000     -0.0022     -0.0017      0.0031
     37.9808   -118.3358      2.4950      0.8384      0.8213      0.0000      0.0000      0.0000     91.4501     60.4390      0.0000     -0.0021     -0.0017      0.0028
     37.9772   -118.3358      3.2098      0.8383      0.8213      0.0000      0.0000      0.0000     91.4156     60.5628      0.0000     -0.0019     -0.0016      0.0026
     37.9736   -118.3358      3.9254      0.8381      0.8213      0.0000      0.0000      0.0000     91.3765     60.6867      0.0000     -0.0016     -0.0016      0.0024
     37.9700   -118.3359      4.6420      0.8380      0.8213      0.0000      0.0000      0.0000     91.3329     60.8108      0.0000     -0.0014     -0.0016      0.0022
     37.9664   -118.3359      5.3594      0.8378      0.8213      0.0000      0.0000      0.0000     91.2848     60.9349      0.0000     -0.0012     -0.0016      0.0021
     37.9628   -118.3359      6.0777      0.8377      0.8213      0.0000      0.0000      0.0000     91.2320     61.0592      0.0000     -0.0010     -0.0016      0.0019
     37.9592   -118.3359      6.7968      0.8375      0.8213      0.0000      0.0000      0.0000     91.1747     61.1836      0.0000     -0.0008     -0.0017      0.0018
     37.9557   -118.3359      7.5168      0.8374      0.8213      0.0000      0.0000      0.0000     91.1126     61.3081      0.0000     -0.0006     -0.0017      0.0017
     37.9521   -118.3360      8.2377      0.8372      0.8213      0.0000      0.0000      0.0000     91.0460     61.4327      0.0000     -0.0004     -0.0018      0.0016
     37.9486   -118.3360      8.9594      0.8371      0.8213      0.0000      0.0000      0.0000     90.9746     61.5575      0.0000     -0.0002     -0.0019      0.0015
     37.9451   -118.3360      9.6820      0.8369      0.8213      0.0000      0.0000      0.0000     90.8985     61.6825      0.0000     -0.0000     -0.0020      0.0014
     37.9416   -118.3360     10.4054      0.8368      0.8213      0.0000      0.0000      0.0000     90.8176     61.8076      0.0000      0.0001     -0.0022      0.0013
     37.9381   -118.3360     11.1297      0.8366      0.8213      0.0000      0.0000      0.0000     90.7320     61.9329      0.0000      0.0003     -0.0024      0.0012
     37.9346   -118.3360     11.8548      0.8365      0.8213      0.0000      0.0000      0.0000     90.6416     62.0584      0.0000      0.0004     -0.0029      0.0012
     37.9312   -118.3361     12.5808      0.8364      0.8213     -0.0000      0.0000      0.0000     90.5464     62.1841    -95.0000      0.0005     -0.0033      0.0011
     37.9278   -118.3361     13.3076      0.8362      0.8213     -0.0000      0.0001      0.0001     90.4464     62.3100    -95.0000      0.0006     -0.0031      0.0010
     37.9243   -118.3361     14.0353      0.8361      0.8213     -0.0000      0.0001      0.0001     90.3415     62.4361    -95.0000      0.0007     -0.0024      0.0010
     37.9209   -118.3361     14.7638      0.8360      0.8213     -0.0000      0.0002      0.0002     90.2317     62.5625    -95.0000      0.0008     -0.0013      0.0010
     37.9175   -118.3361     15.4931      0.8358      0.8213     -0.0000      0.0003      0.0003     90.1170     62.6891    -95.0000      0.0009      0.0002      0.0009
     37.9141   -118.3362     16.2233      0.8357      0.8213     -0.0000      0.0004      0.0004     89.9974     62.8159    -95.0000      0.0010      0.0016      0.0009
     37.9108   -118.3362     16.9543      0.8356      0.8213     -0.0000      0.0004      0.0004     89.8728     62.9431    -95.0000      0.0011      0.0045      0.0008
     37.9916   -118.3262      0.3557      0.8389      0.8208      0.0000      0.0000      0.0000     91.5267     60.0705      0.0000     -0.0028     -0.0023      0.0040
     37.9880   -118.3262      1.0674      0.8387      0.8208      0.0000      0.0000      0.0000     91.5058     60.1993      0.0000     -0.0027     -0.0021      0.0037
     37.9843   -118.3262      1.7801      0.8386      0.8208      0.0000      0.0000      0.0000     91.4804     60.3282      0.0000     -0.0025     -0.0019      0.0034
     37.9806   -118.3262      2.4937      0.8384      0.8208      0.0000      0.0000      0.0000     91.4505     60.4573      0.0000     -0.0023     -0.0018      0.0031
     37.9770   -118.3263      3.2082      0.8383      0.8208      0.0000      0.0000      0.0000     91.4162     60.5864      0.0000     -0.0020     -0.0018      0.0028
     37.9734   -118.3263      3.9236      0.8381      0.8208      0.0000      0.0000      0.0000     91.3773     60.7157      0.0000     -0.0018     -0.0017      0.0026
     37.9698   -118.3263      4.6400      0.8380      0.8208      0.0000      0.0000      0.0000     91.3340     60.8451      0.0000     -0.0015     -0.0017      0.0024
     37.9662   -118.3263      5.3572      0.8378      0.8208      0.0000      0.0000      0.0000     91.2860     60.9746      0.0000     -0.0013     -0.0018      0.0022
     37.9626   -118.3263      6.0754      0.8377      0.8208      0.0000      0.0000      0.0000     91.2335     61.1042      0.0000     -0.0010     -0.0018      0.0020
     37.9591   -118.3264      6.7944      0.8375      0.8208      0.0000      0.0000      0.0000     91.1763     61.2340      0.0000     -0.0008     -0.0019      0.0019
     37.9555   -118.3264      7.5143      0.8374      0.8208      0.0000      0.0000      0.0000     91.1146     61.3639      0.0000     -0.0005     -0.0020      0.0017
     37.9520   -118.3264      8.2352      0.8372      0.8208      0.0000      0.0000      0.0000     91.0481     61.4940      0.0000     -0.0003     -0.0021      0.0016
     37.9485   -118.3264      8.9569      0.8371      0.8208      0.0000      0.0000      0.0000     90.9770     61.6242      0.0000     -0.0001     -0.0023      0.0015
     37.9450   -118.3264      9.6795      0.8369      0.8208      0.0000      0.0000      0.0000     90.9012     61.7547      0.0000      0.0001     -0.0024      0.0014
     37.9415   -118.3265     10.4030      0.8368      0.8208      0.0000      0.0000      0.0000     90.8206     61.8852      0.0000      0.0002     -0.0027      0.0014
     37.9380   -118.3265     11.1274      0.8366      0.8208      0.0000      0.0000      0.0000     90.7353     62.0160      0.0000      0.0004     -0.0031      0.0013
     37.9346   -118.3265     11.8527      0.8365      0.8208     -0.0000      0.0000      0.0000     90.6452     62.1470    -95.0000      0.0005     -0.0036      0.0012
     37.9311   -118.3265     12.5789      0.8364      0.8208     -0.0000      0.0000      0.0000     90.5503     62.2782    -95.0000      0.0006     -0.0038      0.0012
     37.9277   -118.3266     13.3059      0.8362      0.8208     -0.0000      0.0001      0.0001     90.4505     62.4096    -95.0000      0.0008     -0.0033      0.0011
     37.9243   -118.3266     14.0338      0.8361      0.8208     -0.0000      0.0002      0.0002     90.3459     62.5413    -95.0000      0.0009     -0.0023      0.0010
     37.9209   -118.3266     14.7626      0.8360      0.8208     -0.0000      0.0003      0.0003     90.2365     62.6732    -95.0000      0.0010     -0.0010      0.0010
     37.9175   -118.3266     15.4922      0.8358      0.8208     -0.0000      0.0004      0.0004     90.1221     62.8053    -95.0000      0.0011      0.0006      0.0010
     37.9141   -118.3266     16.2227      0.8357      0.8208     -0.0000      0.0005      0.0005     90.0028     62.9378    -95.0000      0.0012      0.0023      0.0009
     37.9108   -118.3266     16.9541      0.8356      0.8208     -0.0000      0.0005      0.0005     89.8785     63.0705    -95.0000      0.0012      0.0060      0.0009
     37.9914   -118.3166      0.3555      0.8389      0.8203      0.0000      0.0000      0.0000     91.5268     60.0729      0.0000     -0.0031     -0.0025      0.0044
     37.9878   -118.3166      1.0668      0.8387      0.8203      0.0000      0.0000      0.0000     91.5059     60.2070      0.0000     -0.0030     -0.0023      0.0040
     37.9841   -118.3167      1.7792      0.8386      0.8203      0.0000      0.0000      0.0000     91.4807     60.3412      0.0000     -0.0028     -0.0021      0.0037
     37.9805   -118.3167      2.4924      0.8384      0.8203      0.0000      0.0000      0.0000     91.4510     60.4755      0.0000     -0.0025     -0.0020      0.0034
     37.9768   -118.3167      3.2067      0.8383      0.8203      0.0000      0.0000      0.0000     91.4168     60.6099      0.0000     -0.0022     -0.0020      0.0030
     37.9732   -118.3167      3.9219      0.8381      0.8203      0.0000      0.0000      0.0000     91.3782     60.7445      0.0000     -0.0020     -0.0020      0.0028
     37.9696   -118.3167      4.6380      0.8380      0.8203      0.0000      0.0000      0.0000     91.3350     60.8793      0.0000     -0.0016     -0.0020      0.0025
     37.9660   -118.3168      5.3551      0.8378      0.8203      0.0000      0.0000      0.0000     91.2872     61.0141      0.0000     -0.0013     -0.0020      0.0023
     37.9625   -118.3168      6.0731      0.8377      0.8203      0.0000      0.0000      0.0000     91.2349     61.1491      0.0000     -0.0011     -0.0021      0.0021
     37.9589   -118.3168      6.7920      0.8375      0.8203      0.0000      0.0000      0.0000     91.1780     61.2843      0.0000     -0.0008     -0.0022      0.0020
     37.9554   -118.3168      7.5119      0.8374      0.8203      0.0000      0.0000      0.0000     91.1165     61.4196      0.0000     -0.0005     -0.0024      0.0018
     37.9519   -118.3169      8.2327      0.8372      0.8203      0.0000      0.0000      0.0000     91.0503     61.5551      0.0000     -0.0003     -0.0025      0.0017
     37.9483   -118.3169      8.9544      0.8371      0.8203      0.0000      0.0000      0.0000     90.9795     61.6908      0.0000     -0.0001     -0.0027      0.0016
     37.9449   -118.3169      9.6771      0.8369      0.8203      0.0000      0.0000      0.0000     90.9039     61.8267      0.0000      0.0001     -0.0029      0.0015
     37.9414   -118.3169     10.4007      0.8368      0.8203      0.0000      0.0000      0.0000     90.8236     61.9627      0.0000      0.0003     -0.0033      0.0014
     37.9379   -118.3170     11.1252      0.8366      0.8203     -0.0000      0.0000      0.0000     90.7386     62.0989    -95.0000      0.0005     -0.0040      0.0013
     37.9345   -118.3170     11.8506      0.8365      0.8203     -0.0000      0.0000      0.0000     90.6488     62.2354    -95.0000      0.0006     -0.0043      0.0013
     37.9310   -118.3170     12.5769      0.8364      0.8203     -0.0000      0.0001      0.0001     90.5541     62.3721    -95.0000      0.0008     -0.0041      0.0012
     37.9276   -118.3170     13.3042      0.8362      0.8203     -0.0000      0.0002      0.0002     90.4547     62.5090    -95.0000      0.0009     -0.0033      0.0011
     37.9242   -118.3170     14.0323      0.8361      0.8203     -0.0000      0.0003      0.0003     90.3504     62.6462    -95.0000      0.0011     -0.0021      0.0011
     37.9209   -118.3171     14.7614      0.8360      0.8203     -0.0000      0.0004      0.0004     90.2412     62.7836    -95.0000      0.0012     -0.0007      0.0010
     37.9175   -118.3171     15.4913      0.8358      0.8203     -0.0000      0.0006      0.0006     90.1272     62.9213    -95.0000      0.0013      0.0011      0.0010
     37.9141   -118.3171     16.2222      0.8357      0.8203     -0.0001      0.0006      0.0006     90.0082     63.0593    -95.0000      0.0014      0.0029      0.0010
     37.9108   -118.3171     16.9539      0.8356      0.8203     -0.0001      0.0006      0.0006     89.8842     63.1977    -95.0000      0.0014      0.0077      0.0009
     37.9912   -118.3070      0.3553      0.8389      0.8198      0.0000      0.0000      0.0000     91.5268     60.0752      0.0000     -0.0035     -0.0028      0.0049
     37.9876   -118.3071      1.0662      0.8387      0.8198      0.0000      0.0000      0.0000     91.5061     60.2146      0.0000     -0.0034     -0.0026      0.0045
     37.9839   -118.3071      1.7782      0.8386      0.8198      0.0000      0.0000      0.0000     91.4810     60.3540      0.0000     -0.0031     -0.0024      0.0040
     37.9803   -118.3071      2.4912      0.8384      0.8198      0.0000      0.0000      0.0000     91.4514     60.4937      0.0000     -0.0028     -0.0023      0.0036
     37.9766   -118.3071      3.2052      0.8383      0.8198      0.0000      0.0000      0.0000     91.4174     60.6334      0.0000     -0.0025     -0.0022      0.0033
     37.9730   -118.3072      3.9201      0.8381      0.8198      0.0000      0.0000      0.0000     91.3790     60.7733      0.0000     -0.0021     -0.0022      0.0030
     37.9694   -118.3072      4.6360      0.8380      0.8198      0.0000      0.0000      0.0000     91.3360     60.9134      0.0000     -0.0018     -0.0023      0.0027
     37.9659   -118.3072      5.3529      0.8378      0.8198      0.0000      0.0000      0.0000     91.2884     61.0536      0.0000     -0.0014     -0.0024      0.0025
     37.9623   -118.3072      6.0708      0.8377      0.8198      0.0000      0.0000      0.0000     91.2364     61.1940      0.0000     -0.0011     -0.0025      0.0022
     37.9588   -118.3073      6.7897      0.8375      0.8198      0.0000      0.0000      0.0000     91.1797     61.3345      0.0000     -0.0008     -0.0026      0.0021
     37.9552   -118.3073      7.5095      0.8374      0.8198      0.0000      0.0000      0.0000     91.1184     61.4752      0.0000     -0.0005     -0.0028      0.0019
     37.9517   -118.3073      8.2302      0.8372      0.8198      0.0000      0.0000      0.0000     91.0525     61.6161      0.0000     -0.0002     -0.0030      0.0018
     37.9482   -118.3073      8.9520      0.8371      0.8198      0.0000      0.0000      0.0000     90.9819     61.7572      0.0000      0.0000     -0.0033      0.0017
     37.9447   -118.3074      9.6747      0.8369      0.8198      0.0000      0.0000      0.0000     90.9066     61.8985      0.0000      0.0002     -0.0037      0.0016
     37.9413   -118.3074     10.3983      0.8368      0.8198      0.0000      0.0000      0.0000     90.8266     62.0400      0.0000      0.0004     -0.0044      0.0015
     37.9378   -118.3074     11.1229      0.8366      0.8198     -0.0000      0.0000      0.0000     90.7418     62.1817    -95.0000      0.0006     -0.0049      0.0014
     37.9344   -118.3074     11.8485      0.8365      0.8198     -0.0000      0.0001      0.0001     90.6523     62.3236    -95.0000      0.0008     -0.0048      0.0013
     37.9310   -118.3075     12.5750      0.8364      0.8198     -0.0000      0.0002      0.0002     90.5580     62.4658    -95.0000      0.0010     -0.0042      0.0012
     37.9276   -118.3075     13.3025      0.8362      0.8198     -0.0000      0.0003      0.0003     90.4588     62.6082    -95.0000      0.0011     -0.0032      0.0012
     37.9242   -118.3075     14.0308      0.8361      0.8198     -0.0000      0.0004      0.0004     90.3548     62.7509    -95.0000      0.0013     -0.0019      0.0011
     37.9208   -118.3075     14.7602      0.8359      0.8198     -0.0001      0.0006      0.0006     90.2460     62.8939    -95.0000      0.0014     -0.0003      0.0011
     37.9175   -118.3076     15.4904      0.8358      0.8198     -0.0001      0.0007      0.0007     90.1322     63.0371    -95.0000      0.0015      0.0015      0.0010
     37.9141   -118.3076     16.2216      0.8357      0.8198     -0.0001      0.0008      0.0008     90.0135     63.1807    -95.0000      0.0016      0.0036      0.0010
     37.9108   -118.3076     16.9537      0.8356      0.8198     -0.0001      0.0007      0.0007     89.8899     63.3246    -95.0000      0.0015      0.0094      0.0010
     37.9910   -118.2975      0.3551      0.8389      0.8193      0.0000      0.0000      0.0000     91.5269     60.0776      0.0000     -0.0040     -0.0032      0.0055
     37.9874   -118.2975      1.0657      0.8388      0.8193      0.0000      0.0000      0.0000     91.5063     60.2222      0.0000     -0.0038     -0.0029      0.0050
     37.9837   -118.2975      1.7773      0.8386      0.8193      0.0000      0.0000      0.0000     91.4813     60.3669      0.0000     -0.0035     -0.0027      0.0045
     37.9801   -118.2975      2.4900      0.8384      0.8193      0.0000      0.0000      0.0000     91.4519     60.5118      0.0000     -0.0031     -0.0025      0.0040
     37.9765   -118.2976      3.2037      0.8383      0.8193      0.0000      0.0000      0.0000     91.4181     60.6568      0.0000     -0.0027     -0.0025      0.0036
     37.9729   -118.2976      3.9184      0.8381      0.8193      0.0000      0.0000      0.0000     91.3798     60.8020      0.0000     -0.0023     -0.0025      0.0032
     37.9693   -118.2976      4.6341      0.8380      0.8193      0.0000      0.0000      0.0000     91.3370     60.9474      0.0000     -0.0019     -0.0026      0.0029
     37.9657   -118.2977      5.3508      0.8378      0.8193      0.0000      0.0000      0.0000     91.2896     61.0929      0.0000     -0.0015     -0.0027      0.0026
     37.9621   -118.2977      6.0686      0.8377      0.8193      0.0000      0.0000      0.0000     91.2378     61.2387      0.0000     -0.0011     -0.0029      0.0024
     37.9586   -118.2977      6.7873      0.8375      0.8193      0.0000      0.0000      0.0000     91.1813     61.3846      0.0000     -0.0008     -0.0031      0.0022
     37.9551   -118.2977      7.5071      0.8374      0.8194      0.0000      0.0000      0.0000     91.1203     61.5307      0.0000     -0.0004     -0.0033      0.0020
     37.9516   -118.2978      8.2278      0.8372      0.8194      0.0000      0.0000      0.0000     91.0546     61.6770      0.0000     -0.0001     -0.0036      0.0019
     37.9481   -118.2978      8.9496      0.8371      0.8194      0.0000      0.0000      0.0000     90.9843     61.8235      0.0000      0.0001     -0.0040      0.0017
     37.9446   -118.2978      9.6723      0.8369      0.8194      0.0000      0.0000      0.0000     90.9093     61.9702      0.0000      0.0003     -0.0048      0.0016
     37.9412   -118.2978     10.3960      0.8368      0.8194     -0.0000      0.0000      0.0000     90.8295     62.1171    -95.0000      0.0006     -0.0055      0.0015
     37.9377   -118.2979     11.1207      0.8366      0.8194     -0.0000      0.0001      0.0001     90.7451     62.2643    -95.0000      0.0008     -0.0056      0.0014
     37.9343   -118.2979     11.8464      0.8365      0.8194     -0.0000      0.0002      0.0002     90.6558     62.4117    -95.0000      0.0010     -0.0051      0.0014
     37.9309   -118.2979     12.5731      0.8364      0.8194     -0.0000      0.0003      0.0003     90.5618     62.5593    -95.0000      0.0012     -0.0042      0.0013
     37.9275   -118.2979     13.3008      0.8362      0.8194     -0.0000      0.0004      0.0004     90.4629     62.7072    -95.0000      0.0013     -0.0030      0.0012
     37.9241   -118.2980     14.0294      0.8361      0.8194     -0.0001      0.0006      0.0006     90.3592     62.8554    -95.0000      0.0015     -0.0016      0.0012
     37.9208   -118.2980     14.7590      0.8359      0.8194     -0.0001      0.0007      0.0007     90.2507     63.0039    -95.0000      0.0016      0.0001      0.0011
     37.9175   -118.2980     15.4895      0.8358      0.8194     -0.0001      0.0009      0.0009     90.1372     63.1527    -95.0000      0.0017      0.0020      0.0011
     37.9141   -118.2981     16.2211      0.8357      0.8193     -0.0001      0.0009      0.0009     90.0189     63.3018    -95.0000      0.0018      0.0042      0.0011
     37.9108   -118.2981     16.9535      0.8356      0.8193     -0.0001      0.0009      0.0009     89.8955     63.4513    -95.0000      0.0017      0.0114      0.0010
     37.9908   -118.2879      0.3549      0.8389      0.8188      0.0000      0.0000      0.0000     91.5268     60.0800      0.0000     -0.0045     -0.0035      0.0062
     37.9872   -118.2879      1.0651      0.8388      0.8188      0.0000      0.0000      0.0000     91.5060     60.2298      0.0000     -0.0043     -0.0032      0.0055
     37.9835   -118.2880      1.7764      0.8386      0.8188      0.0000      0.0000      0.0000     91.4809     60.3798      0.0000     -0.0039     -0.0030      0.0049
     37.9799   -118.2880      2.4887      0.8384      0.8188      0.0000      0.0000      0.0000     91.4512     60.5300      0.0000     -0.0035     -0.0029      0.0043
     37.9763   -118.2880      3.2021      0.8383      0.8188      0.0000      0.0000      0.0000     91.4171     60.6803      0.0000     -0.0030     -0.0028      0.0038
     37.9727   -118.2880      3.9166      0.8381      0.8189      0.0000      0.0000      0.0000     91.3785     60.8309      0.0000     -0.0025     -0.0029      0.0034
     37.9691   -118.2881      4.6321      0.8380      0.8189      0.0000      0.0000      0.0000     91.3353     60.9816      0.0000     -0.0020     -0.0030      0.0030
     37.9655   -118.2881      5.3487      0.8378      0.8189      0.0000      0.0000      0.0000     91.2876     61.1325      0.0000     -0.0016     -0.0032      0.0027
     37.9620   -118.2881      6.0663      0.8377      0.8189      0.0000      0.0000      0.0000     91.2352     61.2835      0.0000     -0.0011     -0.0034      0.0025
     37.9584   -118.2882      6.7850      0.8375      0.8189      0.0000      0.0000      0.0000     91.1783     61.4348      0.0000     -0.0007     -0.0037      0.0023
     37.9549   -118.2882      7.5046      0.8374      0.8189      0.0000      0.0000      0.0000     91.1166     61.5863      0.0000     -0.0004     -0.0041      0.0021
     37.9514   -118.2882      8.2254      0.8372      0.8189      0.0000      0.0000      0.0000     91.0503     61.7380      0.0000     -0.0000     -0.0045      0.0019
     37.9480   -118.2882      8.9471      0.8371      0.8189      0.0000      0.0000      0.0000     90.9793     61.8900      0.0000      0.0002     -0.0052      0.0018
     37.9445   -118.2883      9.6699      0.8369      0.8189     -0.0000      0.0000      0.0000     90.9036     62.0421    -95.0000      0.0005     -0.0062      0.0017
     37.9411   -118.2883     10.3937      0.8368      0.8189     -0.0000      0.0001      0.0001     90.8231     62.1945    -95.0000      0.0007     -0.0065      0.0016
     37.9376   -118.2883     11.1185      0.8366      0.8189     -0.0000      0.0002      0.0002     90.7377     62.3471    -95.0000      0.0010     -0.0061      0.0015
     37.9342   -118.2884     11.8444      0.8365      0.8189     -0.0000      0.0003      0.0003     90.6476     62.5000    -95.0000      0.0012     -0.0052      0.0014
     37.9308   -118.2884     12.5712      0.8363      0.8189     -0.0000      0.0005      0.0005     90.5526     62.6532    -95.0000      0.0014     -0.0041      0.0013
     37.9275   -118.2884     13.2991      0.8362      0.8189     -0.0001      0.0006      0.0006     90.4528     62.8067    -95.0000      0.0016     -0.0028      0.0013
     37.9241   -118.2884     14.0279      0.8361      0.8189     -0.0001      0.0008      0.0008     90.3480     62.9604    -95.0000      0.0018     -0.0013      0.0012
     37.9208   -118.2885     14.7578      0.8359      0.8189     -0.0001      0.0009      0.0009     90.2383     63.1145    -95.0000      0.0019      0.0005      0.0012
     37.9174   -118.2885     15.4886      0.8358      0.8189     -0.0001      0.0010      0.0011     90.1236     63.2688    -95.0000      0.0020      0.0024      0.0012
     37.9141   -118.2885     16.2205      0.8357      0.8189     -0.0001      0.0011      0.0011     90.0040     63.4236    -95.0000      0.0021      0.0050      0.0011
     37.9108   -118.2886     16.9533      0.8356      0.8189     -0.0001      0.0011      0.0011     89.8794     63.5786    -95.0000      0.0018      0.0135      0.0011
     37.9906   -118.2783      0.3547      0.8389      0.8183      0.0000      0.0000      0.0000     91.5269     60.0824      0.0000     -0.0052     -0.0040      0.0070
     37.9870   -118.2784      1.0645      0.8388      0.8184      0.0000      0.0000      0.0000     91.5062     60.2375      0.0000     -0.0049     -0.0036      0.0062
     37.9833   -118.2784      1.7754      0.8386      0.8184      0.0000      0.0000      0.0000     91.4812     60.3928      0.0000     -0.0044     -0.0034      0.0054
     37.9797   -118.2784      2.4875      0.8384      0.8184      0.0000      0.0000      0.0000     91.4517     60.5483      0.0000     -0.0039     -0.0033      0.0047
     37.9761   -118.2785      3.2006      0.8383      0.8184      0.0000      0.0000      0.0000     91.4177     60.7039      0.0000     -0.0033     -0.0033      0.0041
     37.9725   -118.2785      3.9149      0.8381      0.8184      0.0000      0.0000      0.0000     91.3793     60.8598      0.0000     -0.0027     -0.0034      0.0036
     37.9689   -118.2785      4.6302      0.8380      0.8184      0.0000      0.0000      0.0000     91.3363     61.0159      0.0000     -0.0021     -0.0036      0.0032
     37.9654   -118.2785      5.3466      0.8378      0.8184      0.0000      0.0000      0.0000     91.2888     61.1721      0.0000     -0.0016     -0.0038      0.0029
     37.9618   -118.2786      6.0641      0.8377      0.8184      0.0000      0.0000      0.0000     91.2367     61.3286      0.0000     -0.0011     -0.0041      0.0026
     37.9583   -118.2786      6.7826      0.8375      0.8184      0.0000      0.0000      0.0000     91.1799     61.4853      0.0000     -0.0007     -0.0045      0.0024
     37.9548   -118.2786      7.5022      0.8374      0.8184      0.0000      0.0000      0.0000     91.1186     61.6422      0.0000     -0.0003     -0.0050      0.0022
     37.9513   -118.2787      8.2229      0.8372      0.8184      0.0000      0.0000      0.0000     91.0525     61.7994      0.0000      0.0001     -0.0057      0.0020
     37.9478   -118.2787      8.9447      0.8371      0.8184     -0.0000      0.0000      0.0000     90.9818     61.9568    -95.0000      0.0004     -0.0070      0.0019
     37.9444   -118.2787      9.6675      0.8369      0.8184     -0.0000      0.0001      0.0001     90.9063     62.1144    -95.0000      0.0007     -0.0075      0.0017
     37.9409   -118.2788     10.3914      0.8368      0.8184     -0.0000      0.0002      0.0002     90.8261     62.2723    -95.0000      0.0010     -0.0072      0.0016
     37.9375   -118.2788     11.1163      0.8366      0.8184     -0.0000      0.0003      0.0003     90.7410     62.4304    -95.0000      0.0012     -0.0063      0.0015
     37.9341   -118.2788     11.8423      0.8365      0.8184     -0.0000      0.0005      0.0005     90.6512     62.5889    -95.0000      0.0015     -0.0051      0.0015
     37.9308   -118.2789     12.5693      0.8363      0.8184     -0.0001      0.0007      0.0007     90.5565     62.7476    -95.0000      0.0018     -0.0038      0.0014
     37.9274   -118.2789     13.2974      0.8362      0.8184     -0.0001      0.0008      0.0008     90.4570     62.9066    -95.0000      0.0020     -0.0025      0.0013
     37.9240   -118.2789     14.0265      0.8361      0.8184     -0.0001      0.0010      0.0010     90.3525     63.0659    -95.0000      0.0021     -0.0010      0.0013
     37.9207   -118.2789     14.7566      0.8359      0.8184     -0.0001      0.0012      0.0012     90.2431     63.2255    -95.0000      0.0022      0.0008      0.0012
     37.9174   -118.2790     15.4878      0.8358      0.8184     -0.0001      0.0013      0.0013     90.1288     63.3855    -95.0000      0.0023      0.0029      0.0012
     37.9141   -118.2790     16.2199      0.8357      0.8184     -0.0001      0.0013      0.0013     90.0095     63.5458    -95.0000      0.0023      0.0057      0.0012
     37.9109   -118.2790     16.9531      0.8356      0.8184     -0.0001      0.0012      0.0012     89.8851     63.7065    -95.0000      0.0020      0.0159      0.0012
     37.9904   -118.2688      0.3545      0.8389      0.8179      0.0000      0.0000      0.0000     91.5269     60.0848      0.0000     -0.0059     -0.0046      0.0079
     37.9868   -118.2688      1.0639      0.8388      0.8179      0.0000      0.0000      0.0000     91.5064     60.2452      0.0000     -0.0055     -0.0041      0.0069
     37.9831   -118.2688      1.7745      0.8386      0.8179      0.0000      0.0000      0.0000     91.4815     60.4057      0.0000     -0.0050     -0.0038      0.0060
     37.9795   -118.2689      2.4863      0.8384      0.8179      0.0000      0.0000      0.0000     91.4521     60.5665      0.0000     -0.0043     -0.0037      0.0052
     37.9759   -118.2689      3.1991      0.8383      0.8179      0.0000      0.0000      0.0000     91.4184     60.7275      0.0000     -0.0036     -0.0038      0.0044
     37.9723   -118.2689      3.9131      0.8381      0.8179      0.0000      0.0000      0.0000     91.3801     60.8887      0.0000     -0.0029     -0.0040      0.0039
     37.9687   -118.2690      4.6282      0.8380      0.8179      0.0000      0.0000      0.0000     91.3373     61.0501      0.0000     -0.0023     -0.0042      0.0034
     37.9652   -118.2690      5.3445      0.8378      0.8179      0.0000      0.0000      0.0000     91.2900     61.2117      0.0000     -0.0016     -0.0046      0.0030
     37.9617   -118.2690      6.0618      0.8377      0.8179      0.0000      0.0000      0.0000     91.2381     61.3736      0.0000     -0.0011     -0.0050      0.0027
     37.9581   -118.2691      6.7803      0.8375      0.8179      0.0000      0.0000      0.0000     91.1816     61.5357      0.0000     -0.0006     -0.0056      0.0024
     37.9546   -118.2691      7.4999      0.8374      0.8179      0.0000      0.0000      0.0000     91.1205     61.6980      0.0000     -0.0002     -0.0063      0.0022
     37.9512   -118.2691      8.2205      0.8372      0.8179      0.0000      0.0000      0.0000     91.0547     61.8606      0.0000      0.0002     -0.0077      0.0021
     37.9477   -118.2692      8.9423      0.8371      0.8179     -0.0000      0.0000      0.0000     90.9842     62.0234    -95.0000      0.0006     -0.0087      0.0019
     37.9443   -118.2692      9.6652      0.8369      0.8179     -0.0000      0.0001      0.0001     90.9090     62.1865    -95.0000      0.0009     -0.0085      0.0018
     37.9408   -118.2692     10.3891      0.8368      0.8179     -0.0000      0.0003      0.0003     90.8290     62.3499    -95.0000      0.0013     -0.0077      0.0017
     37.9374   -118.2693     11.1141      0.8366      0.8179     -0.0000      0.0005      0.0005     90.7443     62.5135    -95.0000      0.0016     -0.0063      0.0016
     37.9340   -118.2693     11.8403      0.8365      0.8179     -0.0001      0.0007      0.0007     90.6548     62.6775    -95.0000      0.0019     -0.0049      0.0015
     37.9307   -118.2693     12.5674      0.8363      0.8179     -0.0001      0.0009      0.0009     90.5604     62.8417    -95.0000      0.0021     -0.0036      0.0015
     37.9273   -118.2693     13.2957      0.8362      0.8179     -0.0001      0.0011      0.0011     90.4611     63.0063    -95.0000      0.0023     -0.0022      0.0014
     37.9240   -118.2694     14.0250      0.8361      0.8179     -0.0001      0.0013      0.0013     90.3570     63.1711    -95.0000      0.0025     -0.0007      0.0013
     37.9207   -118.2694     14.7554      0.8359      0.8179     -0.0001      0.0014      0.0014     90.2479     63.3363    -95.0000      0.0026      0.0012      0.0013
     37.9174   -118.2694     15.4869      0.8358      0.8179     -0.0001      0.0015      0.0015     90.1339     63.5019    -95.0000      0.0026      0.0034      0.0013
     37.9141   -118.2695     16.2194      0.8357      0.8179     -0.0001      0.0015      0.0015     90.0149     63.6678    -95.0000      0.0026      0.0066      0.0013
     37.9109   -118.2695     16.9530      0.8356      0.8179     -0.0001      0.0015      0.0015     89.8909     63.8341    -95.0000      0.0022      0.0185      0.0013
     37.9902   -118.2592      0.3543      0.8389      0.8174      0.0000      0.0000      0.0000     91.5268     60.0872      0.0000     -0.0068     -0.0052      0.0090
     37.9866   -118.2592      1.0633      0.8388      0.8174      0.0000      0.0000      0.0000     91.5062     60.2528      0.0000     -0.0063     -0.0046      0.0078
     37.9829   -118.2593      1.7736      0.8386      0.8174      0.0000      0.0000      0.0000     91.4811     60.4187      0.0000     -0.0056     -0.0044      0.0066
     37.9793   -118.2593      2.4850      0.8384      0.8174      0.0000      0.0000      0.0000     91.4515     60.5848      0.0000     -0.0048     -0.0043      0.0056
     37.9757   -118.2593      3.1976      0.8383      0.8174      0.0000      0.0000      0.0000     91.4174     60.7511      0.0000     -0.0040     -0.0044      0.0048
     37.9721   -118.2594      3.9114      0.8381      0.8174      0.0000      0.0000      0.0000     91.3789     60.9176      0.0000     -0.0031     -0.0047      0.0041
     37.9686   -118.2594      4.6263      0.8380      0.8174      0.0000      0.0000      0.0000     91.3357     61.0844      0.0000     -0.0024     -0.0051      0.0035
     37.9650   -118.2594      5.3424      0.8378      0.8174      0.0000      0.0000      0.0000     91.2880     61.2514      0.0000     -0.0017     -0.0056      0.0031
     37.9615   -118.2595      6.0596      0.8377      0.8174      0.0000      0.0000      0.0000     91.2356     61.4187      0.0000     -0.0010     -0.0062      0.0028
     37.9580   -118.2595      6.7780      0.8375      0.8174      0.0000      0.0000      0.0000     91.1786     61.5862      0.0000     -0.0005     -0.0070      0.0025
     37.9545   -118.2595      7.4975      0.8374      0.8174      0.0000      0.0000      0.0000     91.1169     61.7540      0.0000      0.0000     -0.0084      0.0023
     37.9510   -118.2596      8.2181      0.8372      0.8174     -0.0000      0.0000      0.0000     91.0505     61.9220    -95.0000      0.0005     -0.0099      0.0021
     37.9476   -118.2596      8.9399      0.8371      0.8174     -0.0000      0.0001      0.0001     90.9794     62.0903    -95.0000      0.0008     -0.0100      0.0020
     37.9441   -118.2596      9.6628      0.8369      0.8174     -0.0000      0.0003      0.0003     90.9035     62.2589    -95.0000      0.0012     -0.0093      0.0018
     37.9407   -118.2597     10.3868      0.8368      0.8174     -0.0000      0.0005      0.0005     90.8227     62.4278    -95.0000      0.0016     -0.0077      0.0017
     37.9373   -118.2597     11.1120      0.8366      0.8174     -0.0001      0.0008      0.0008     90.7372     62.5970    -95.0000      0.0020     -0.0062      0.0016
     37.9340   -118.2597     11.8382      0.8365      0.8174     -0.0001      0.0010      0.0010     90.6468     62.7664    -95.0000      0.0023     -0.0046      0.0016
     37.9306   -118.2598     12.5656      0.8363      0.8174     -0.0001      0.0012      0.0012     90.5514     62.9362    -95.0000      0.0026     -0.0032      0.0015
     37.9273   -118.2598     13.2940      0.8362      0.8174     -0.0001      0.0014      0.0014     90.4512     63.1064    -95.0000      0.0028     -0.0019      0.0015
     37.9240   -118.2598     14.0236      0.8361      0.8174     -0.0001      0.0016      0.0016     90.3460     63.2769    -95.0000      0.0029     -0.0003      0.0014
     37.9207   -118.2599     14.7543      0.8359      0.8174     -0.0001      0.0017      0.0017     90.2358     63.4477    -95.0000      0.0030      0.0015      0.0014
     37.9174   -118.2599     15.4860      0.8358      0.8174     -0.0002      0.0018      0.0018     90.1206     63.6189    -95.0000      0.0030      0.0040      0.0014
     37.9141   -118.2599     16.2189      0.8357      0.8174     -0.0002      0.0018      0.0018     90.0003     63.7904    -95.0000      0.0030      0.0075      0.0013
     37.9109   -118.2600     16.9528      0.8356      0.8174     -0.0001      0.0017      0.0017     89.8750     63.9624    -95.0000      0.0024      0.0216      0.0013
     37.9900   -118.2496      0.3541      0.8389      0.8169      0.0000      0.0000      0.0000     91.5269     60.0896      0.0000     -0.0079     -0.0060      0.0104
     37.9864   -118.2497      1.0628      0.8388      0.8169      0.0000      0.0000      0.0000     91.5065     60.2605      0.0000     -0.0073     -0.0053      0.0088
     37.9827   -118.2497      1.7727      0.8386      0.8169      0.0000      0.0000      0.0000     91.4817     60.4317      0.0000     -0.0064     -0.0050      0.0073
     37.9791   -118.2497      2.4838      0.8384      0.8169      0.0000      0.0000      0.0000     91.4525     60.6031      0.0000     -0.0054     -0.0050      0.0061
     37.9755   -118.2498      3.1961      0.8383      0.8169      0.0000      0.0000      0.0000     91.4188     60.7747      0.0000     -0.0044     -0.0053      0.0051
     37.9719   -118.2498      3.9097      0.8381      0.8169      0.0000      0.0000      0.0000     91.3807     60.9466      0.0000     -0.0034     -0.0057      0.0043
     37.9684   -118.2498      4.6244      0.8380      0.8169      0.0000      0.0000      0.0000     91.3380     61.1188      0.0000     -0.0025     -0.0062      0.0037
     37.9648   -118.2499      5.3403      0.8378      0.8169      0.0000      0.0000      0.0000     91.2908     61.2912      0.0000     -0.0016     -0.0069      0.0032
     37.9613   -118.2499      6.0574      0.8377      0.8169      0.0000      0.0000      0.0000     91.2390     61.4639      0.0000     -0.0009     -0.0078      0.0028
     37.9578   -118.2500      6.7757      0.8375      0.8169      0.0000      0.0000      0.0000     91.1826     61.6368      0.0000     -0.0003     -0.0092      0.0026
     37.9543   -118.2500      7.4951      0.8374      0.8169     -0.0000      0.0000      0.0000     91.1216     61.8100    -91.2735      0.0003     -0.0113      0.0023
     37.9509   -118.2500      8.2157      0.8372      0.8169     -0.0000      0.0001      0.0001     91.0559     61.9835    -95.0000      0.0007     -0.0118      0.0021
     37.9474   -118.2501      8.9375      0.8371      0.8169     -0.0000      0.0003      0.0003     90.9855     62.1573    -95.0000      0.0012     -0.0113      0.0020
     37.9440   -118.2501      9.6604      0.8369      0.8169     -0.0000      0.0005      0.0005     90.9103     62.3314    -95.0000      0.0016     -0.0095      0.0019
     37.9406   -118.2501     10.3845      0.8368      0.8169     -0.0001      0.0008      0.0008     90.8304     62.5058    -95.0000      0.0021     -0.0077      0.0018
     37.9372   -118.2502     11.1098      0.8366      0.8169     -0.0001      0.0011      0.0011     90.7457     62.6805    -95.0000      0.0024     -0.0057      0.0017
     37.9339   -118.2502     11.8362      0.8365      0.8169     -0.0001      0.0013      0.0013     90.6561     62.8555    -95.0000      0.0028     -0.0042      0.0016
     37.9305   -118.2502     12.5637      0.8363      0.8169     -0.0001      0.0016      0.0016     90.5617     63.0309    -95.0000      0.0031     -0.0028      0.0016
     37.9272   -118.2503     13.2924      0.8362      0.8169     -0.0002      0.0017      0.0017     90.4624     63.2066    -95.0000      0.0033     -0.0016      0.0015
     37.9239   -118.2503     14.0222      0.8361      0.8169     -0.0002      0.0019      0.0019     90.3582     63.3827    -95.0000      0.0034     -0.0001      0.0015
     37.9206   -118.2504     14.7531      0.8359      0.8169     -0.0002      0.0020      0.0020     90.2491     63.5591    -95.0000      0.0034      0.0019      0.0015
     37.9174   -118.2504     15.4852      0.8358      0.8169     -0.0002      0.0021      0.0021     90.1349     63.7359    -95.0000      0.0034      0.0045      0.0014
     37.9141   -118.2504     16.2183      0.8357      0.8169     -0.0002      0.0021      0.0021     90.0158     63.9131    -95.0000      0.0033      0.0086      0.0014
     37.9109   -118.2505     16.9526      0.8356      0.8169     -0.0002      0.0019      0.0020     89.8916     64.0907    -95.0000      0.0026      0.0248      0.0014
     37.9898   -118.2400      0.3539      0.8389      0.8164      0.0000      0.0000      0.0000     91.5269     60.0920    -85.0000     -0.0092     -0.0069      0.0119
     37.9862   -118.2401      1.0622      0.8388      0.8164      0.0000      0.0000      0.0000     91.5065     60.2682      0.0000     -0.0084     -0.0062      0.0099
     37.9825   -118.2401      1.7718      0.8386      0.8164      0.0000      0.0000      0.0000     91.4817     60.4446      0.0000     -0.0073     -0.0059      0.0081
     37.9789   -118.2402      2.4826      0.8384      0.8165      0.0000      0.0000      0.0000     91.4524     60.6213      0.0000     -0.0060     -0.0060      0.0066
     37.9753   -118.2402      3.1947      0.8383      0.8165      0.0000      0.0000      0.0000     91.4187     60.7983      0.0000     -0.0048     -0.0063      0.0054
     37.9718   -118.2403      3.9079      0.8381      0.8165      0.0000      0.0000      0.0000     91.3805     60.9755      0.0000     -0.0036     -0.0070      0.0045
     37.9682   -118.2403      4.6225      0.8380      0.8165      0.0000      0.0000      0.0000     91.3377     61.1531      0.0000     -0.0025     -0.0077      0.0038
     37.9647   -118.2403      5.3382      0.8378      0.8165      0.0000      0.0000      0.0000     91.2904     61.3308      0.0000     -0.0016     -0.0087      0.0033
     37.9612   -118.2404      6.0552      0.8377      0.8165      0.0000      0.0000      0.0000     91.2385     61.5089      0.0000     -0.0008     -0.0101      0.0029
     37.9577   -118.2404      6.7734      0.8375      0.8165      0.0000      0.0000      0.0000     91.1820     61.6873    -85.0000     -0.0001     -0.0126      0.0026
     37.9542   -118.2404      7.4927      0.8374      0.8165     -0.0000      0.0001      0.0001     91.1208     61.8659    -95.0000      0.0005     -0.0139      0.0023
     37.9507   -118.2405      8.2133      0.8372      0.8165     -0.0000      0.0003      0.0003     91.0549     62.0449    -95.0000      0.0011     -0.0138      0.0022
     37.9473   -118.2405      8.9351      0.8371      0.8165     -0.0000      0.0005      0.0005     90.9843     62.2241    -95.0000      0.0016     -0.0118      0.0020
     37.9439   -118.2406      9.6581      0.8369      0.8165     -0.0001      0.0009      0.0009     90.9089     62.4037    -95.0000      0.0022     -0.0098      0.0019
     37.9405   -118.2406     10.3823      0.8368      0.8165     -0.0001      0.0012      0.0012     90.8288     62.5836    -95.0000      0.0026     -0.0072      0.0018
     37.9371   -118.2406     11.1076      0.8366      0.8165     -0.0001      0.0015      0.0015     90.7438     62.7638    -95.0000      0.0030     -0.0054      0.0018
     37.9338   -118.2407     11.8342      0.8365      0.8165     -0.0002      0.0018      0.0018     90.6540     62.9444    -95.0000      0.0034     -0.0036      0.0017
     37.9305   -118.2407     12.5619      0.8363      0.8165     -0.0002      0.0020      0.0020     90.5593     63.1253    -95.0000      0.0036     -0.0025      0.0016
     37.9271   -118.2407     13.2907      0.8362      0.8165     -0.0002      0.0021      0.0021     90.4596     63.3066    -95.0000      0.0038     -0.0012      0.0016
     37.9239   -118.2408     14.0208      0.8361      0.8165     -0.0002      0.0023      0.0023     90.3551     63.4883    -95.0000      0.0040      0.0002      0.0016
     37.9206   -118.2408     14.7520      0.8359      0.8165     -0.0002      0.0024      0.0024     90.2455     63.6703    -95.0000      0.0040      0.0021      0.0015
     37.9173   -118.2409     15.4843      0.8358      0.8165     -0.0002      0.0024      0.0024     90.1309     63.8528    -95.0000      0.0039      0.0049      0.0015
     37.9141   -118.2409     16.2178      0.8357      0.8165     -0.0002      0.0024      0.0024     90.0114     64.0356    -95.0000      0.0037      0.0093      0.0015
     37.9109   -118.2409     16.9524      0.8356      0.8165     -0.0002      0.0022      0.0022     89.8867     64.2189    -95.0000      0.0028      0.0281      0.0015
     37.9896   -118.2305      0.3537      0.8389      0.8160      0.0000      0.0000      0.0000     91.5269     60.0945    -85.0000     -0.0108     -0.0079      0.0139
     37.9860   -118.2305      1.0616      0.8388      0.8160      0.0000      0.0000      0.0000     91.5065     60.2759      0.0000     -0.0097     -0.0072      0.0113
     37.9823   -118.2306      1.7709      0.8386      0.8160      0.0000      0.0000      0.0000     91.4816     60.4576      0.0000     -0.0083     -0.0069      0.0090
     37.9787   -118.2306      2.4814      0.8384      0.8160      0.0000      0.0000      0.0000     91.4523     60.6397      0.0000     -0.0067     -0.0072      0.0071
     37.9751   -118.2307      3.1932      0.8383      0.8160      0.0000      0.0000      0.0000     91.4186     60.8220      0.0000     -0.0052     -0.0078      0.0057
     37.9716   -118.2307      3.9062      0.8381      0.8160      0.0000      0.0000      0.0000     91.3803     61.0046      0.0000     -0.0038     -0.0087      0.0046
     37.9680   -118.2307      4.6206      0.8380      0.8160      0.0000      0.0000      0.0000     91.3375     61.1875      0.0000     -0.0025     -0.0098      0.0039
     37.9645   -118.2308      5.3361      0.8378      0.8160      0.0000      0.0000      0.0000     91.2901     61.3707      0.0000     -0.0015     -0.0113      0.0033
     37.9610   -118.2308      6.0530      0.8377      0.8160      0.0000      0.0000      0.0000     91.2381     61.5541      0.0000     -0.0006     -0.0137      0.0029
     37.9575   -118.2309      6.7711      0.8375      0.8160     -0.0000      0.0000      0.0000     91.1814     61.7379    -93.3999      0.0003     -0.0163      0.0026
     37.9540   -118.2309      7.4904      0.8374      0.8160     -0.0000      0.0002      0.0002     91.1201     61.9220    -95.0000      0.0010     -0.0169      0.0023
     37.9506   -118.2309      8.2110      0.8372      0.8160     -0.0000      0.0005      0.0005     91.0540     62.1065    -95.0000      0.0016     -0.0149      0.0022
     37.9472   -118.2310      8.9328      0.8371      0.8160     -0.0001      0.0009      0.0009     90.9832     62.2912    -95.0000      0.0023     -0.0127      0.0020
     37.9438   -118.2310      9.6558      0.8369      0.8160     -0.0001      0.0013      0.0013     90.9076     62.4763    -95.0000      0.0028     -0.0093      0.0019
     37.9404   -118.2311     10.3800      0.8368      0.8160     -0.0001      0.0017      0.0017     90.8272     62.6617    -95.0000      0.0034     -0.0072      0.0019
     37.9370   -118.2311     11.1055      0.8366      0.8160     -0.0002      0.0020      0.0020     90.7420     62.8475    -95.0000      0.0037     -0.0048      0.0018
     37.9337   -118.2311     11.8321      0.8365      0.8160     -0.0002      0.0022      0.0022     90.6519     63.0337    -95.0000      0.0041     -0.0036      0.0018
     37.9304   -118.2312     12.5600      0.8363      0.8160     -0.0002      0.0024      0.0025     90.5568     63.2202    -95.0000      0.0043     -0.0022      0.0017
     37.9271   -118.2312     13.2891      0.8362      0.8160     -0.0002      0.0026      0.0026     90.4569     63.4071    -95.0000      0.0045     -0.0011      0.0017
     37.9238   -118.2313     14.0194      0.8361      0.8160     -0.0002      0.0027      0.0027     90.3519     63.5944    -95.0000      0.0046      0.0004      0.0017
     37.9206   -118.2313     14.7508      0.8359      0.8160     -0.0002      0.0027      0.0028     90.2420     63.7820    -95.0000      0.0046      0.0023      0.0016
     37.9173   -118.2313     15.4834      0.8358      0.8160     -0.0002      0.0027      0.0027     90.1270     63.9701    -95.0000      0.0046      0.0048      0.0016
     37.9141   -118.2314     16.2172      0.8357      0.8160     -0.0002      0.0026      0.0027     90.0070     64.1587    -95.0000      0.0043      0.0094      0.0016
     37.9109   -118.2314     16.9522      0.8356      0.8160     -0.0002      0.0025      0.0025     89.8819     64.3476    -95.0000      0.0030      0.0306      0.0016
     37.9894   -118.2209      0.3535      0.8389      0.8155      0.0000      0.0000      0.0000     91.5270     60.0969    -85.0000     -0.0128     -0.0092      0.0162
     37.9858   -118.2210      1.0610      0.8388      0.8155      0.0000      0.0000      0.0000     91.5067     60.2836    -85.0000     -0.0113     -0.0085      0.0128
     37.9821   -118.2210      1.7700      0.8386      0.8155      0.0000      0.0000      0.0000     91.4819     60.4707      0.0000     -0.0094     -0.0083      0.0099
     37.9785   -118.2210      2.4802      0.8384      0.8155      0.0000      0.0000      0.0000     91.4528     60.6580      0.0000     -0.0075     -0.0087      0.0077
     37.9750   -118.2211      3.1917      0.8383      0.8155      0.0000      0.0000      0.0000     91.4192     60.8457      0.0000     -0.0056     -0.0097      0.0059
     37.9714   -118.2211      3.9045      0.8381      0.8155      0.0000      0.0000      0.0000     91.3811     61.0336      0.0000     -0.0039     -0.0110      0.0047
     37.9679   -118.2212      4.6187      0.8380      0.8155      0.0000      0.0000      0.0000     91.3385     61.2219      0.0000     -0.0025     -0.0127      0.0038
     37.9643   -118.2212      5.3341      0.8378      0.8155      0.0000      0.0000      0.0000     91.2913     61.4105      0.0000     -0.0013     -0.0151      0.0032
     37.9608   -118.2213      6.0508      0.8377      0.8155      0.0000      0.0000      0.0000     91.2395     61.5994    -86.6551     -0.0001     -0.0188      0.0028
     37.9574   -118.2213      6.7688      0.8375      0.8155     -0.0000      0.0002      0.0002     91.1831     61.7886    -95.0000      0.0007     -0.0207      0.0025
     37.9539   -118.2213      7.4880      0.8374      0.8155     -0.0000      0.0005      0.0005     91.1220     61.9782    -95.0000      0.0015     -0.0188      0.0023
     37.9505   -118.2214      8.2086      0.8372      0.8155     -0.0001      0.0009      0.0009     91.0562     62.1681    -95.0000      0.0024     -0.0166      0.0021
     37.9471   -118.2214      8.9304      0.8370      0.8155     -0.0001      0.0014      0.0014     90.9857     62.3584    -95.0000      0.0030     -0.0123      0.0020
     37.9437   -118.2215      9.6535      0.8369      0.8155     -0.0002      0.0018      0.0018     90.9104     62.5490    -95.0000      0.0037     -0.0098      0.0020
     37.9403   -118.2215     10.3778      0.8368      0.8155     -0.0002      0.0022      0.0023     90.8303     62.7400    -95.0000      0.0042     -0.0065      0.0019
     37.9369   -118.2216     11.1033      0.8366      0.8155     -0.0002      0.0026      0.0026     90.7453     62.9313    -95.0000      0.0046     -0.0052      0.0019
     37.9336   -118.2216     11.8301      0.8365      0.8155     -0.0002      0.0028      0.0028     90.6555     63.1230    -95.0000      0.0049     -0.0034      0.0018
     37.9303   -118.2216     12.5582      0.8363      0.8155     -0.0003      0.0030      0.0030     90.5608     63.3151    -95.0000      0.0051     -0.0025      0.0018
     37.9270   -118.2217     13.2875      0.8362      0.8155     -0.0003      0.0031      0.0031     90.4611     63.5076    -95.0000      0.0051     -0.0010      0.0018
     37.9238   -118.2217     14.0180      0.8361      0.8155     -0.0003      0.0032      0.0032     90.3565     63.7005    -95.0000      0.0052      0.0006      0.0018
     37.9205   -118.2218     14.7497      0.8359      0.8155     -0.0003      0.0032      0.0032     90.2469     63.8939    -95.0000      0.0053      0.0025      0.0018
     37.9173   -118.2218     15.4826      0.8358      0.8155     -0.0003      0.0031      0.0031     90.1322     64.0876    -95.0000      0.0053      0.0045      0.0017
     37.9141   -118.2218     16.2167      0.8357      0.8155     -0.0003      0.0029      0.0029     90.0125     64.2818    -95.0000      0.0050      0.0084      0.0017
     37.9109   -118.2219     16.9520      0.8356      0.8155     -0.0002      0.0027      0.0027     89.8877     64.4765    -95.0000      0.0034      0.0320      0.0018
     37.9892   -118.2113      0.3533      0.8389      0.8150      0.0000      0.0000      0.0000     91.5270     60.0993    -85.0000     -0.0152     -0.0113      0.0191
     37.9856   -118.2114      1.0605      0.8388      0.8150      0.0000      0.0000      0.0000     91.5068     60.2913    -85.0000     -0.0133     -0.0099      0.0146
     37.9820   -118.2114      1.7690      0.8386      0.8150      0.0000      0.0000      0.0000     91.4823     60.4836      0.0000     -0.0108     -0.0101      0.0109
     37.9784   -118.2115      2.4790      0.8384      0.8150      0.0000      0.0000      0.0000     91.4533     60.6763      0.0000     -0.0083     -0.0109      0.0081
     37.9748   -118.2115      3.1902      0.8383      0.8150      0.0000      0.0000      0.0000     91.4198     60.8693      0.0000     -0.0060     -0.0124      0.0061
     37.9712   -118.2116      3.9028      0.8381      0.8150      0.0000      0.0000      0.0000     91.3819     61.0626      0.0000     -0.0041     -0.0144      0.0047
     37.9677   -118.2116      4.6168      0.8380      0.8150      0.0000      0.0000      0.0000     91.3395     61.2562      0.0000     -0.0025     -0.0170      0.0037
     37.9642   -118.2117      5.3320      0.8378      0.8150      0.0000      0.0000      0.0000     91.2925     61.4502    -85.0000     -0.0011     -0.0217      0.0031
     37.9607   -118.2117      6.0486      0.8377      0.8150     -0.0000      0.0001      0.0001     91.2410     61.6445    -94.5114      0.0003     -0.0250      0.0027
     37.9572   -118.2118      6.7665      0.8375      0.8150     -0.0000      0.0005      0.0005     91.1848     61.8392    -95.0000      0.0013     -0.0236      0.0024
     37.9538   -118.2118      7.4857      0.8373      0.8150     -0.0001      0.0009      0.0009     91.1239     62.0342    -95.0000      0.0024     -0.0217      0.0022
     37.9503   -118.2118      8.2062      0.8372      0.8151     -0.0001      0.0015      0.0015     91.0584     62.2296    -95.0000      0.0032     -0.0163      0.0021
     37.9469   -118.2119      8.9281      0.8370      0.8151     -0.0002      0.0020      0.0021     90.9881     62.4254    -95.0000      0.0042     -0.0134      0.0020
     37.9435   -118.2119      9.6512      0.8369      0.8151     -0.0002      0.0026      0.0026     90.9131     62.6215    -95.0000      0.0047     -0.0088      0.0020
     37.9402   -118.2120     10.3755      0.8367      0.8151     -0.0003      0.0029      0.0029     90.8333     62.8180    -95.0000      0.0054     -0.0074      0.0019
     37.9368   -118.2120     11.1012      0.8366      0.8151     -0.0003      0.0032      0.0033     90.7486     63.0149    -95.0000      0.0057     -0.0049      0.0019
     37.9335   -118.2121     11.8282      0.8365      0.8150     -0.0003      0.0034      0.0035     90.6591     63.2121    -95.0000      0.0059     -0.0044      0.0019
     37.9302   -118.2121     12.5564      0.8363      0.8150     -0.0003      0.0036      0.0036     90.5647     63.4098    -95.0000      0.0060     -0.0028      0.0019
     37.9270   -118.2121     13.2858      0.8362      0.8150     -0.0003      0.0037      0.0037     90.4654     63.6079    -95.0000      0.0059     -0.0015      0.0019
     37.9237   -118.2122     14.0166      0.8361      0.8150     -0.0003      0.0037      0.0037     90.3611     63.8065    -95.0000      0.0058      0.0009      0.0019
     37.9205   -118.2122     14.7485      0.8359      0.8150     -0.0003      0.0037      0.0037     90.2518     64.0054    -95.0000      0.0059      0.0031      0.0019
     37.9173   -118.2123     15.4817      0.8358      0.8150     -0.0003      0.0035      0.0035     90.1374     64.2049    -95.0000      0.0060      0.0046      0.0019
     37.9141   -118.2123     16.2162      0.8357      0.8150     -0.0003      0.0032      0.0032     90.0181     64.4047    -95.0000      0.0060      0.0069      0.0019
     37.9110   -118.2124     16.9519      0.8356      0.8150     -0.0003      0.0029      0.0029     89.8936     64.6051    -95.0000      0.0041      0.0309      0.0019
     37.9890   -118.2018      0.3531      0.8389      0.8146      0.0000      0.0000      0.0000     91.5270     60.1018    -85.0000     -0.0183     -0.0136      0.0227
     37.9854   -118.2018      1.0599      0.8388      0.8146      0.0000      0.0000      0.0000     91.5066     60.2990    -85.0000     -0.0156     -0.0117      0.0167
     37.9818   -118.2019      1.7681      0.8386      0.8146      0.0000      0.0000      0.0000     91.4819     60.4967      0.0000     -0.0123     -0.0126      0.0119
     37.9782   -118.2019      2.4778      0.8384      0.8146      0.0000      0.0000      0.0000     91.4527     60.6946      0.0000     -0.0092     -0.0141      0.0084
     37.9746   -118.2020      3.1888      0.8383      0.8146      0.0000      0.0000      0.0000     91.4190     60.8930      0.0000     -0.0065     -0.0164      0.0060
     37.9710   -118.2020      3.9011      0.8381      0.8146      0.0000      0.0000      0.0000     91.3808     61.0917      0.0000     -0.0042     -0.0195      0.0045
     37.9675   -118.2021      4.6149      0.8380      0.8146      0.0000      0.0000      0.0000     91.3380     61.2907      0.0000     -0.0025     -0.0246      0.0035
     37.9640   -118.2021      5.3300      0.8378      0.8146     -0.0000      0.0001      0.0001     91.2906     61.4901    -90.1245     -0.0004     -0.0299      0.0028
     37.9605   -118.2022      6.0464      0.8377      0.8146     -0.0000      0.0004      0.0004     91.2386     61.6898    -94.9609      0.0008     -0.0294      0.0025
     37.9570   -118.2022      6.7642      0.8375      0.8146     -0.0001      0.0010      0.0010     91.1819     61.8900    -95.0000      0.0023     -0.0281      0.0022
     37.9536   -118.2023      7.4834      0.8373      0.8146     -0.0001      0.0017      0.0017     91.1205     62.0905    -95.0000      0.0034     -0.0214      0.0021
     37.9502   -118.2023      8.2039      0.8372      0.8146     -0.0002      0.0023      0.0023     91.0544     62.2913    -95.0000      0.0046     -0.0182      0.0020
     37.9468   -118.2023      8.9257      0.8370      0.8146     -0.0003      0.0030      0.0030     90.9835     62.4926    -95.0000      0.0053     -0.0118      0.0020
     37.9434   -118.2024      9.6489      0.8369      0.8146     -0.0003      0.0034      0.0034     90.9078     62.6942    -95.0000      0.0062     -0.0102      0.0020
     37.9401   -118.2024     10.3733      0.8367      0.8146     -0.0003      0.0038      0.0038     90.8273     62.8963    -95.0000      0.0066     -0.0066      0.0020
     37.9367   -118.2025     11.0991      0.8366      0.8146     -0.0004      0.0040      0.0041     90.7418     63.0988    -95.0000      0.0070     -0.0065      0.0020
     37.9334   -118.2025     11.8262      0.8365      0.8146     -0.0004      0.0042      0.0042     90.6514     63.3016    -95.0000      0.0070     -0.0047      0.0020
     37.9302   -118.2026     12.5546      0.8363      0.8146     -0.0004      0.0043      0.0043     90.5561     63.5049    -95.0000      0.0071     -0.0043      0.0020
     37.9269   -118.2026     13.2842      0.8362      0.8146     -0.0004      0.0044      0.0044     90.4558     63.7087    -95.0000      0.0069     -0.0020      0.0020
     37.9237   -118.2027     14.0152      0.8361      0.8146     -0.0004      0.0044      0.0044     90.3505     63.9129    -95.0000      0.0066      0.0006      0.0020
     37.9205   -118.2027     14.7474      0.8359      0.8146     -0.0004      0.0043      0.0043     90.2401     64.1175    -95.0000      0.0064      0.0041      0.0020
     37.9173   -118.2027     15.4809      0.8358      0.8146     -0.0004      0.0041      0.0041     90.1247     64.3226    -95.0000      0.0064      0.0066      0.0020
     37.9141   -118.2028     16.2157      0.8357      0.8146     -0.0003      0.0036      0.0036     90.0041     64.5282    -95.0000      0.0069      0.0071      0.0020
     37.9110   -118.2028     16.9517      0.8356      0.8146     -0.0003      0.0030      0.0030     89.8784     64.7343    -95.0000      0.0052      0.0260      0.0021
     37.9888   -118.1927      0.3530      0.7550      0.8141      0.0000      0.0000      0.0000     91.5273     60.1041    -85.0000     -0.0219     -0.0163      0.0271
     37.9852   -118.1927      1.0594      0.7549      0.8141      0.0000      0.0000      0.0000     91.5071     60.3064      0.0000     -0.0182     -0.0149      0.0188
     37.9816   -118.1928      1.7673      0.7547      0.8141      0.0000      0.0000      0.0000     91.4826     60.5091    -85.0000     -0.0140     -0.0158      0.0126
     37.9780   -118.1928      2.4766      0.7546      0.8141      0.0000      0.0000      0.0000     91.4536     60.7121      0.0000     -0.0101     -0.0185      0.0084
     37.9744   -118.1929      3.1874      0.7545      0.8141      0.0000      0.0000      0.0000     91.4201     60.9156      0.0000     -0.0069     -0.0221      0.0057
     37.9709   -118.1929      3.8995      0.7543      0.8141      0.0000      0.0000      0.0000     91.3822     61.1194      0.0000     -0.0045     -0.0278      0.0040
     37.9673   -118.1930      4.6131      0.7542      0.8141      0.0000      0.0001      0.0001     91.3397     61.3235    -85.0000     -0.0018     -0.0348      0.0030
     37.9638   -118.1930      5.3280      0.7540      0.8141     -0.0000      0.0004      0.0004     91.2926     61.5281    -93.3632      0.0000     -0.0353      0.0025
     37.9604   -118.1931      6.0444      0.7539      0.8141     -0.0001      0.0010      0.0010     91.2409     61.7330    -95.0000      0.0016     -0.0342      0.0021
     37.9569   -118.1931      6.7621      0.7537      0.8141     -0.0002      0.0019      0.0019     91.1846     61.9383    -95.0000      0.0030     -0.0265      0.0020
     37.9535   -118.1932      7.4812      0.7536      0.8141     -0.0002      0.0027      0.0027     91.1236     62.1440    -95.0000      0.0047     -0.0224      0.0019
     37.9501   -118.1932      8.2017      0.7535      0.8141     -0.0003      0.0035      0.0035     91.0578     62.3502    -95.0000      0.0056     -0.0142      0.0019
     37.9467   -118.1933      8.9235      0.7533      0.8141     -0.0004      0.0041      0.0041     90.9874     62.5567    -95.0000      0.0068     -0.0120      0.0019
     37.9433   -118.1933      9.6467      0.7532      0.8141     -0.0004      0.0046      0.0046     90.9121     62.7636    -95.0000      0.0073     -0.0069      0.0020
     37.9400   -118.1934     10.3712      0.7531      0.8141     -0.0004      0.0049      0.0049     90.8320     62.9709    -95.0000      0.0079     -0.0071      0.0020
     37.9367   -118.1934     11.0971      0.7529      0.8141     -0.0004      0.0051      0.0051     90.7470     63.1787    -95.0000      0.0080     -0.0047      0.0021
     37.9334   -118.1935     11.8243      0.7528      0.8141     -0.0004      0.0051      0.0051     90.6571     63.3869    -95.0000      0.0082     -0.0053      0.0021
     37.9301   -118.1935     12.5528      0.7527      0.8141     -0.0005      0.0051      0.0052     90.5623     63.5956    -95.0000      0.0080     -0.0036      0.0021
     37.9268   -118.1936     13.2827      0.7526      0.8141     -0.0004      0.0051      0.0051     90.4625     63.8047    -95.0000      0.0078     -0.0024      0.0021
     37.9236   -118.1936     14.0139      0.7524      0.8141     -0.0004      0.0051      0.0051     90.3577     64.0143    -95.0000      0.0074      0.0010      0.0021
     37.9204   -118.1936     14.7463      0.7523      0.8141     -0.0004      0.0050      0.0050     90.2479     64.2243    -95.0000      0.0069      0.0051      0.0021
     37.9173   -118.1937     15.4801      0.7522      0.8141     -0.0004      0.0047      0.0047     90.1330     64.4349    -95.0000      0.0065      0.0100      0.0022
     37.9141   -118.1937     16.2152      0.7521      0.8141     -0.0004      0.0042      0.0042     90.0130     64.6459    -95.0000      0.0064      0.0146      0.0022
     37.9110   -118.1938     16.9515      0.7520      0.8141     -0.0003      0.0029      0.0029     89.8878     64.8574    -95.0000      0.0074      0.0101      0.0022
     37.9886   -118.1836      0.3528      0.8389      0.8137      0.0000      0.0000      0.0000     91.5271     60.1064    -85.0000     -0.0267     -0.0200      0.0326
     37.9850   -118.1836      1.0588      0.8388      0.8137      0.0000      0.0000      0.0000     91.5070     60.3137      0.0000     -0.0214     -0.0187      0.0210
     37.9814   -118.1837      1.7664      0.8386      0.8137      0.0000      0.0000      0.0000     91.4825     60.5215      0.0000     -0.0159     -0.0211      0.0130
     37.9778   -118.1838      2.4755      0.8384      0.8137      0.0000      0.0000      0.0000     91.4535     60.7296      0.0000     -0.0113     -0.0255      0.0080
     37.9742   -118.1838      3.1860      0.8383      0.8137      0.0000      0.0000      0.0000     91.4202     60.9381      0.0000     -0.0077     -0.0321      0.0050
     37.9707   -118.1839      3.8979      0.8381      0.8137      0.0000      0.0000      0.0000     91.3823     61.1470    -85.0000     -0.0046     -0.0419      0.0033
     37.9672   -118.1839      4.6113      0.8380      0.8137      0.0000      0.0004      0.0004     91.3399     61.3563    -89.6558     -0.0008     -0.0444      0.0024
     37.9637   -118.1840      5.3261      0.8378      0.8137     -0.0001      0.0010      0.0011     91.2930     61.5660    -94.2536      0.0011     -0.0437      0.0019
     37.9602   -118.1840      6.0423      0.8376      0.8137     -0.0002      0.0020      0.0020     91.2414     61.7761    -95.0000      0.0027     -0.0350      0.0017
     37.9567   -118.1841      6.7600      0.8375      0.8137     -0.0003      0.0030      0.0030     91.1852     61.9866    -95.0000      0.0048     -0.0292      0.0017
     37.9533   -118.1841      7.4790      0.8373      0.8137     -0.0004      0.0041      0.0041     91.1243     62.1975    -95.0000      0.0061     -0.0186      0.0017
     37.9499   -118.1842      8.1995      0.8372      0.8137     -0.0004      0.0049      0.0049     91.0586     62.4088    -95.0000      0.0075     -0.0149      0.0018
     37.9465   -118.1842      8.9213      0.8370      0.8137     -0.0005      0.0055      0.0056     90.9882     62.6206    -95.0000      0.0082     -0.0080      0.0019
     37.9432   -118.1843      9.6445      0.8369      0.8137     -0.0005      0.0059      0.0059     90.9131     62.8328    -95.0000      0.0090     -0.0077      0.0020
     37.9399   -118.1843     10.3691      0.8367      0.8137     -0.0005      0.0062      0.0062     90.8331     63.0454    -95.0000      0.0092     -0.0045      0.0021
     37.9366   -118.1844     11.0951      0.8366      0.8137     -0.0005      0.0062      0.0062     90.7482     63.2585    -95.0000      0.0094     -0.0056      0.0022
     37.9333   -118.1844     11.8224      0.8365      0.8137     -0.0005      0.0062      0.0062     90.6584     63.4720    -95.0000      0.0092     -0.0040      0.0022
     37.9300   -118.1845     12.5511      0.8363      0.8137     -0.0005      0.0061      0.0061     90.5637     63.6860    -95.0000      0.0091     -0.0041      0.0023
     37.9268   -118.1845     13.2812      0.8362      0.8137     -0.0005      0.0060      0.0060     90.4640     63.9005    -95.0000      0.0086     -0.0017      0.0023
     37.9236   -118.1845     14.0126      0.8360      0.8137     -0.0005      0.0059      0.0059     90.3593     64.1154    -95.0000      0.0081      0.0010      0.0023
     37.9204   -118.1846     14.7453      0.8359      0.8137     -0.0005      0.0057      0.0057     90.2495     64.3309    -95.0000      0.0075      0.0055      0.0023
     37.9172   -118.1846     15.4793      0.8358      0.8137     -0.0005      0.0053      0.0054     90.1347     64.5468    -95.0000      0.0069      0.0097      0.0023
     37.9141   -118.1847     16.2147      0.8357      0.8137     -0.0004      0.0047      0.0047     90.0147     64.7633    -95.0000      0.0064      0.0122      0.0023
     37.9110   -118.1847     16.9513      0.8356      0.8137     -0.0003      0.0037      0.0037     89.8897     64.9803    -95.0000      0.0061      0.0297      0.0024
     37.9884   -118.1740      0.3526      0.8389      0.8132      0.0000      0.0000      0.0000     91.5271     60.1089      0.0000     -0.0331     -0.0254      0.0399
     37.9848   -118.1741      1.0583      0.8388      0.8132      0.0000      0.0000      0.0000     91.5069     60.3215      0.0000     -0.0255     -0.0254      0.0230
     37.9812   -118.1741      1.7655      0.8386      0.8132      0.0000      0.0000      0.0000     91.4824     60.5345      0.0000     -0.0186     -0.0312      0.0127
     37.9776   -118.1742      2.4743      0.8384      0.8132      0.0000      0.0000      0.0000     91.4535     60.7480      0.0000     -0.0133     -0.0405      0.0069
     37.9740   -118.1742      3.1845      0.8383      0.8132      0.0000      0.0001      0.0001     91.4201     60.9618    -85.0000     -0.0089     -0.0507      0.0037
     37.9705   -118.1743      3.8963      0.8381      0.8132      0.0000      0.0005      0.0005     91.3822     61.1761    -85.0000     -0.0028     -0.0548      0.0021
     37.9670   -118.1744      4.6094      0.8380      0.8132     -0.0000      0.0012      0.0012     91.3397     61.3908    -91.7061      0.0005     -0.0551      0.0014
     37.9635   -118.1744      5.3241      0.8378      0.8132     -0.0002      0.0023      0.0023     91.2926     61.6059    -94.7105      0.0021     -0.0461      0.0011
     37.9600   -118.1745      6.0402      0.8376      0.8132     -0.0003      0.0036      0.0036     91.2410     61.8214    -95.0000      0.0047     -0.0384      0.0011
     37.9566   -118.1745      6.7577      0.8375      0.8132     -0.0004      0.0049      0.0049     91.1846     62.0374    -95.0000      0.0065     -0.0251      0.0013
     37.9532   -118.1746      7.4767      0.8373      0.8132     -0.0005      0.0059      0.0059     91.1236     62.2538    -95.0000      0.0084     -0.0190      0.0015
     37.9498   -118.1746      8.1972      0.8372      0.8132     -0.0006      0.0068      0.0068     91.0578     62.4707    -95.0000      0.0094     -0.0101      0.0017
     37.9464   -118.1747      8.9190      0.8370      0.8132     -0.0006      0.0073      0.0073     90.9872     62.6880    -95.0000      0.0104     -0.0087      0.0019
     37.9431   -118.1747      9.6423      0.8369      0.8132     -0.0007      0.0076      0.0077     90.9119     62.9057    -95.0000      0.0107     -0.0046      0.0020
     37.9398   -118.1748     10.3669      0.8367      0.8132     -0.0007      0.0077      0.0077     90.8316     63.1239    -95.0000      0.0110     -0.0058      0.0022
     37.9365   -118.1748     11.0930      0.8366      0.8132     -0.0007      0.0076      0.0077     90.7465     63.3426    -95.0000      0.0108     -0.0040      0.0023
     37.9332   -118.1749     11.8205      0.8364      0.8132     -0.0007      0.0075      0.0075     90.6565     63.5618    -95.0000      0.0106     -0.0050      0.0024
     37.9299   -118.1749     12.5494      0.8363      0.8132     -0.0006      0.0073      0.0073     90.5615     63.7814    -95.0000      0.0102     -0.0034      0.0024
     37.9267   -118.1750     13.2796      0.8362      0.8132     -0.0006      0.0070      0.0070     90.4614     64.0015    -95.0000      0.0097     -0.0025      0.0025
     37.9235   -118.1750     14.0112      0.8360      0.8132     -0.0006      0.0067      0.0068     90.3564     64.2222    -95.0000      0.0090      0.0006      0.0025
     37.9204   -118.1751     14.7442      0.8359      0.8132     -0.0006      0.0064      0.0065     90.2463     64.4433    -95.0000      0.0083      0.0041      0.0025
     37.9172   -118.1751     15.4785      0.8358      0.8132     -0.0005      0.0060      0.0060     90.1311     64.6650    -95.0000      0.0074      0.0082      0.0025
     37.9141   -118.1752     16.2142      0.8357      0.8132     -0.0005      0.0054      0.0054     90.0107     64.8872    -95.0000      0.0066      0.0139      0.0025
     37.9110   -118.1752     16.9512      0.8356      0.8132     -0.0004      0.0046      0.0047     89.8852     65.1099    -95.0000      0.0054      0.0471      0.0026
     37.9882   -118.1645      0.3524      0.8389      0.8127      0.0000      0.0000      0.0000     91.5271     60.1113      0.0000     -0.0416     -0.0339      0.0488
     37.9846   -118.1645      1.0577      0.8388      0.8127      0.0000      0.0000      0.0000     91.5071     60.3292      0.0000     -0.0308     -0.0395      0.0239
     37.9810   -118.1646      1.7647      0.8386      0.8127      0.0000      0.0001      0.0001     91.4827     60.5476    -85.0000     -0.0223     -0.0490      0.0110
     37.9774   -118.1646      2.4731      0.8384      0.8127      0.0000      0.0004      0.0004     91.4539     60.7663    -85.0000     -0.0153     -0.0584      0.0047
     37.9739   -118.1647      3.1831      0.8383      0.8127      0.0001      0.0009      0.0009     91.4207     60.9856    -85.0000     -0.0080     -0.0636      0.0017
     37.9703   -118.1647      3.8946      0.8381      0.8127      0.0001      0.0017      0.0017     91.3830     61.2052    -87.4222     -0.0005     -0.0666      0.0004
     37.9668   -118.1648      4.6076      0.8380      0.8128     -0.0001      0.0029      0.0029     91.3407     61.4253    -92.5300      0.0020     -0.0587      0.0001
     37.9633   -118.1648      5.3221      0.8378      0.8128     -0.0004      0.0043      0.0044     91.2939     61.6459    -94.9389      0.0034     -0.0502      0.0001
     37.9599   -118.1649      6.0381      0.8376      0.8128     -0.0005      0.0060      0.0060     91.2424     61.8669    -95.0000      0.0066     -0.0336      0.0004
     37.9564   -118.1650      6.7555      0.8375      0.8128     -0.0006      0.0073      0.0074     91.1863     62.0883    -95.0000      0.0091     -0.0240      0.0008
     37.9530   -118.1650      7.4744      0.8373      0.8128     -0.0007      0.0085      0.0085     91.1255     62.3102    -95.0000      0.0105     -0.0118      0.0012
     37.9496   -118.1651      8.1948      0.8372      0.8128     -0.0008      0.0092      0.0092     91.0600     62.5326    -95.0000      0.0119     -0.0090      0.0015
     37.9463   -118.1651      8.9167      0.8370      0.8128     -0.0008      0.0096      0.0096     90.9897     62.7554    -95.0000      0.0123     -0.0038      0.0018
     37.9430   -118.1652      9.6400      0.8369      0.8128     -0.0008      0.0096      0.0097     90.9146     62.9787    -95.0000      0.0128     -0.0051      0.0021
     37.9396   -118.1652     10.3648      0.8367      0.8128     -0.0008      0.0096      0.0096     90.8347     63.2025    -95.0000      0.0125     -0.0031      0.0023
     37.9364   -118.1653     11.0909      0.8366      0.8128     -0.0008      0.0093      0.0093     90.7499     63.4268    -95.0000      0.0124     -0.0048      0.0024
     37.9331   -118.1653     11.8186      0.8364      0.8128     -0.0008      0.0089      0.0090     90.6601     63.6516    -95.0000      0.0118     -0.0036      0.0026
     37.9299   -118.1654     12.5476      0.8363      0.8128     -0.0007      0.0085      0.0086     90.5654     63.8769    -95.0000      0.0113     -0.0040      0.0026
     37.9267   -118.1654     13.2780      0.8362      0.8127     -0.0007      0.0081      0.0082     90.4657     64.1027    -95.0000      0.0106     -0.0022      0.0027
     37.9235   -118.1655     14.0098      0.8360      0.8127     -0.0007      0.0077      0.0077     90.3610     64.3290    -95.0000      0.0099     -0.0005      0.0027
     37.9203   -118.1655     14.7431      0.8359      0.8127     -0.0006      0.0073      0.0073     90.2512     64.5558    -95.0000      0.0089      0.0029      0.0027
     37.9172   -118.1656     15.4777      0.8358      0.8127     -0.0006      0.0068      0.0068     90.1364     64.7832    -95.0000      0.0080      0.0073      0.0027
     37.9141   -118.1656     16.2136      0.8357      0.8127     -0.0005      0.0062      0.0062     90.0163     65.0111    -95.0000      0.0070      0.0160      0.0028
     37.9110   -118.1657     16.9510      0.8356      0.8127     -0.0005      0.0055      0.0055     89.8911     65.2396    -95.0000      0.0049      0.0604      0.0028
     37.9880   -118.1549      0.3522      0.8389      0.8123      0.0000      0.0000      0.0000     91.5271     60.1138      0.0000     -0.0524     -0.0496      0.0585
     37.9844   -118.1549      1.0572      0.8388      0.8123      0.0000      0.0003      0.0003     91.5069     60.3370    -85.0000     -0.0369     -0.0582      0.0223
     37.9808   -118.1550      1.7638      0.8386      0.8123      0.0001      0.0010      0.0010     91.4824     60.5607    -85.0000     -0.0254     -0.0629      0.0074
     37.9772   -118.1551      2.4719      0.8384      0.8123      0.0002      0.0020      0.0020     91.4534     60.7848    -85.0000     -0.0153     -0.0650      0.0011
     37.9737   -118.1551      3.1817      0.8383      0.8123      0.0003      0.0029      0.0029     91.4199     61.0094    -85.0000     -0.0043     -0.0710     -0.0013
     37.9701   -118.1552      3.8929      0.8381      0.8123      0.0001      0.0042      0.0042     91.3819     61.2345    -88.5998      0.0024     -0.0681     -0.0019
     37.9666   -118.1552      4.6057      0.8380      0.8123     -0.0003      0.0057      0.0057     91.3393     61.4600    -92.9562      0.0035     -0.0625     -0.0017
     37.9632   -118.1553      5.3201      0.8378      0.8123     -0.0007      0.0075      0.0075     91.2921     61.6860    -94.9974      0.0044     -0.0447     -0.0011
     37.9597   -118.1554      6.0359      0.8376      0.8123     -0.0008      0.0092      0.0092     91.2402     61.9124    -95.0000      0.0093     -0.0313     -0.0004
     37.9563   -118.1554      6.7533      0.8375      0.8123     -0.0009      0.0107      0.0108     91.1836     62.1394    -95.0000      0.0114     -0.0141      0.0002
     37.9529   -118.1555      7.4722      0.8373      0.8123     -0.0010      0.0116      0.0117     91.1223     62.3668    -95.0000      0.0133     -0.0086      0.0008
     37.9495   -118.1555      8.1926      0.8372      0.8123     -0.0011      0.0122      0.0122     91.0562     62.5947    -95.0000      0.0141     -0.0014      0.0014
     37.9462   -118.1556      8.9144      0.8370      0.8123     -0.0011      0.0122      0.0123     90.9853     62.8231    -95.0000      0.0148     -0.0031      0.0018
     37.9428   -118.1556      9.6378      0.8369      0.8123     -0.0011      0.0121      0.0121     90.9096     63.0520    -95.0000      0.0146     -0.0011      0.0022
     37.9395   -118.1557     10.3626      0.8367      0.8123     -0.0010      0.0116      0.0117     90.8289     63.2814    -95.0000      0.0144     -0.0039      0.0024
     37.9363   -118.1557     11.0889      0.8366      0.8123     -0.0010      0.0111      0.0112     90.7433     63.5113    -95.0000      0.0137     -0.0029      0.0026
     37.9330   -118.1558     11.8166      0.8364      0.8123     -0.0009      0.0105      0.0106     90.6528     63.7417    -95.0000      0.0132     -0.0044      0.0028
     37.9298   -118.1559     12.5458      0.8363      0.8123     -0.0009      0.0100      0.0100     90.5572     63.9727    -95.0000      0.0123     -0.0032      0.0028
     37.9266   -118.1559     13.2764      0.8362      0.8123     -0.0008      0.0093      0.0094     90.4566     64.2042    -95.0000      0.0116     -0.0031      0.0029
     37.9234   -118.1560     14.0085      0.8360      0.8123     -0.0008      0.0088      0.0088     90.3509     64.4362    -95.0000      0.0106     -0.0009      0.0029
     37.9203   -118.1560     14.7420      0.8359      0.8123     -0.0007      0.0082      0.0082     90.2400     64.6688    -95.0000      0.0097      0.0017      0.0030
     37.9172   -118.1561     15.4769      0.8358      0.8123     -0.0007      0.0076      0.0076     90.1240     64.9020    -95.0000      0.0086      0.0067      0.0030
     37.9141   -118.1561     16.2131      0.8357      0.8123     -0.0006      0.0069      0.0069     90.0029     65.1357    -95.0000      0.0075      0.0171      0.0030
     37.9110   -118.1562     16.9508      0.8356      0.8123     -0.0005      0.0062      0.0062     89.8764     65.3700    -95.0000      0.0045      0.0706      0.0031
     37.9878   -118.1453      0.3520      0.8389      0.8118      0.0000      0.0000      0.0000     91.5272     60.1163      0.0000     -0.0660     -0.0773      0.0682
     37.9842   -118.1454      1.0566      0.8388      0.8118      0.0001      0.0011      0.0011     91.5073     60.3448    -85.0000     -0.0427     -0.0811      0.0173
     37.9806   -118.1454      1.7629      0.8386      0.8118      0.0003      0.0031      0.0031     91.4830     60.5738    -85.0000     -0.0262     -0.0654      0.0013
     37.9770   -118.1455      2.4708      0.8384      0.8118      0.0004      0.0049      0.0049     91.4544     60.8033    -85.0000     -0.0132     -0.0634     -0.0041
     37.9735   -118.1456      3.1802      0.8383      0.8118      0.0005      0.0065      0.0065     91.4212     61.0332    -85.5008      0.0015     -0.0643     -0.0054
     37.9700   -118.1456      3.8913      0.8381      0.8118      0.0001      0.0081      0.0081     91.3837     61.2637    -89.3108      0.0054     -0.0658     -0.0049
     37.9665   -118.1457      4.6039      0.8380      0.8118     -0.0006      0.0100      0.0100     91.3415     61.4947    -93.1951      0.0043     -0.0521     -0.0038
     37.9630   -118.1457      5.3181      0.8378      0.8118     -0.0010      0.0119      0.0119     91.2948     61.7261    -95.0000      0.0057     -0.0391     -0.0026
     37.9595   -118.1458      6.0338      0.8376      0.8118     -0.0012      0.0137      0.0138     91.2435     61.9580    -95.0000      0.0115     -0.0175     -0.0014
     37.9561   -118.1459      6.7511      0.8375      0.8118     -0.0013      0.0149      0.0150     91.1875     62.1905    -95.0000      0.0145     -0.0080     -0.0004
     37.9527   -118.1459      7.4699      0.8373      0.8118     -0.0014      0.0156      0.0157     91.1269     62.4234    -95.0000      0.0157      0.0028      0.0005
     37.9494   -118.1460      8.1903      0.8372      0.8118     -0.0014      0.0157      0.0157     91.0615     62.6569    -95.0000      0.0167      0.0014      0.0013
     37.9460   -118.1460      8.9121      0.8370      0.8118     -0.0013      0.0154      0.0155     90.9913     62.8908    -95.0000      0.0167      0.0034      0.0018
     37.9427   -118.1461      9.6355      0.8369      0.8118     -0.0013      0.0148      0.0148     90.9163     63.1253    -95.0000      0.0166     -0.0013      0.0023
     37.9394   -118.1461     10.3604      0.8367      0.8118     -0.0012      0.0140      0.0141     90.8364     63.3603    -95.0000      0.0158     -0.0010      0.0026
     37.9362   -118.1462     11.0868      0.8366      0.8118     -0.0012      0.0132      0.0132     90.7517     63.5959    -95.0000      0.0152     -0.0041      0.0029
     37.9329   -118.1463     11.8147      0.8364      0.8118     -0.0011      0.0124      0.0124     90.6620     63.8320    -95.0000      0.0141     -0.0033      0.0030
     37.9297   -118.1463     12.5441      0.8363      0.8118     -0.0010      0.0115      0.0115     90.5673     64.0686    -95.0000      0.0133     -0.0043      0.0031
     37.9265   -118.1464     13.2749      0.8362      0.8118     -0.0009      0.0107      0.0107     90.4676     64.3058    -95.0000      0.0122     -0.0030      0.0032
     37.9234   -118.1464     14.0071      0.8360      0.8118     -0.0009      0.0099      0.0099     90.3629     64.5435    -95.0000      0.0112     -0.0021      0.0032
     37.9203   -118.1465     14.7409      0.8359      0.8118     -0.0008      0.0091      0.0091     90.2531     64.7818    -95.0000      0.0102      0.0009      0.0032
     37.9172   -118.1465     15.4760      0.8358      0.8118     -0.0007      0.0084      0.0084     90.1382     65.0207    -95.0000      0.0091      0.0058      0.0032
     37.9141   -118.1466     16.2126      0.8357      0.8118     -0.0007      0.0076      0.0077     90.0181     65.2602    -95.0000      0.0078      0.0175      0.0033
     37.9111   -118.1466     16.9506      0.8356      0.8118     -0.0006      0.0069      0.0069     89.8928     65.5003    -95.0000      0.0040      0.0792      0.0033
     37.9876   -118.1357      0.3518      0.8389      0.8114      0.0000      0.0000      0.0000     91.5272     60.1187      0.0000     -0.0804     -0.1350      0.0774
     37.9840   -118.1358      1.0561      0.8388      0.8114      0.0003      0.0030      0.0030     91.5073     60.3525    -85.0000     -0.0439     -0.0960      0.0088
     37.9804   -118.1359      1.7620      0.8386      0.8114      0.0006      0.0063      0.0064     91.4830     60.5868    -85.0000     -0.0250     -0.0647     -0.0074
     37.9768   -118.1359      2.4696      0.8384      0.8114      0.0008      0.0092      0.0093     91.4543     60.8217    -85.0000     -0.0092     -0.0527     -0.0111
     37.9733   -118.1360      3.1788      0.8383      0.8114      0.0007      0.0117      0.0117     91.4212     61.0570    -86.3467      0.0050     -0.0526     -0.0105
     37.9698   -118.1361      3.8896      0.8381      0.8114      0.0000      0.0141      0.0141     91.3835     61.2929    -89.9985      0.0067     -0.0426     -0.0085
     37.9663   -118.1361      4.6020      0.8380      0.8114     -0.0010      0.0161      0.0162     91.3413     61.5292    -93.4033      0.0041     -0.0349     -0.0063
     37.9628   -118.1362      5.3161      0.8378      0.8114     -0.0016      0.0181      0.0181     91.2945     61.7661    -95.0000      0.0055     -0.0158     -0.0043
     37.9594   -118.1362      6.0317      0.8376      0.8114     -0.0017      0.0194      0.0195     91.2431     62.0035    -95.0000      0.0141     -0.0051     -0.0025
     37.9560   -118.1363      6.7489      0.8375      0.8114     -0.0018      0.0202      0.0203     91.1870     62.2414    -95.0000      0.0167      0.0089     -0.0010
     37.9526   -118.1364      7.4677      0.8373      0.8114     -0.0018      0.0203      0.0203     91.1262     62.4799    -95.0000      0.0184      0.0088      0.0002
     37.9492   -118.1364      8.1880      0.8372      0.8114     -0.0017      0.0199      0.0200     91.0607     62.7189    -95.0000      0.0186      0.0115      0.0011
     37.9459   -118.1365      8.9099      0.8370      0.8114     -0.0017      0.0189      0.0190     90.9903     62.9584    -95.0000      0.0188      0.0046      0.0019
     37.9426   -118.1365      9.6333      0.8369      0.8114     -0.0016      0.0179      0.0180     90.9152     63.1985    -95.0000      0.0180      0.0035      0.0024
     37.9393   -118.1366     10.3583      0.8367      0.8114     -0.0015      0.0167      0.0167     90.8351     63.4391    -95.0000      0.0174     -0.0020      0.0028
     37.9361   -118.1367     11.0848      0.8366      0.8114     -0.0014      0.0155      0.0155     90.7501     63.6802    -95.0000      0.0162     -0.0022      0.0031
     37.9328   -118.1367     11.8128      0.8364      0.8114     -0.0012      0.0143      0.0143     90.6602     63.9220    -95.0000      0.0152     -0.0047      0.0033
     37.9297   -118.1368     12.5423      0.8363      0.8114     -0.0012      0.0132      0.0132     90.5652     64.1643    -95.0000      0.0139     -0.0039      0.0034
     37.9265   -118.1368     13.2733      0.8362      0.8114     -0.0011      0.0121      0.0121     90.4653     64.4072    -95.0000      0.0129     -0.0043      0.0035
     37.9233   -118.1369     14.0058      0.8360      0.8114     -0.0010      0.0111      0.0111     90.3602     64.6506    -95.0000      0.0117     -0.0025      0.0035
     37.9202   -118.1369     14.7398      0.8359      0.8114     -0.0009      0.0101      0.0101     90.2501     64.8947    -95.0000      0.0106     -0.0004      0.0035
     37.9172   -118.1370     15.4752      0.8358      0.8114     -0.0008      0.0092      0.0092     90.1348     65.1393    -95.0000      0.0094      0.0048      0.0035
     37.9141   -118.1371     16.2121      0.8357      0.8113     -0.0007      0.0084      0.0084     90.0143     65.3846    -95.0000      0.0079      0.0174      0.0035
     37.9111   -118.1371     16.9505      0.8356      0.8113     -0.0007      0.0076      0.0076     89.8886     65.6305    -95.0000      0.0036      0.0866      0.0036
     37.9874   -118.1262      0.3516      0.8389      0.8109      0.0004      0.0044      0.0044     91.5272     60.1212    -85.0000     -0.0806     -0.0946      0.0673
     37.9838   -118.1262      1.0555      0.8388      0.8109      0.0006      0.0064      0.0064     91.5073     60.3603    -85.0000     -0.0446     -0.0962     -0.0022
     37.9802   -118.1263      1.7611      0.8386      0.8109      0.0009      0.0102      0.0103     91.4830     60.6000    -85.0000     -0.0265     -0.0761     -0.0186
     37.9766   -118.1264      2.4684      0.8384      0.8109      0.0013      0.0147      0.0148     91.4543     60.8401    -85.0000     -0.0053     -0.0496     -0.0199
     37.9731   -118.1264      3.1774      0.8383      0.8109      0.0010      0.0190      0.0190     91.4211     61.0809    -87.0379      0.0082     -0.0193     -0.0167
     37.9696   -118.1265      3.8880      0.8381      0.8109     -0.0002      0.0222      0.0222     91.3834     61.3221    -90.5518      0.0062     -0.0049     -0.0128
     37.9661   -118.1266      4.6002      0.8380      0.8109     -0.0015      0.0246      0.0247     91.3411     61.5639    -93.5762      0.0012      0.0101     -0.0092
     37.9626   -118.1266      5.3141      0.8378      0.8109     -0.0023      0.0259      0.0260     91.2943     61.8063    -95.0000      0.0041      0.0127     -0.0061
     37.9592   -118.1267      6.0296      0.8376      0.8109     -0.0023      0.0266      0.0267     91.2428     62.0491    -95.0000      0.0147      0.0232     -0.0036
     37.9558   -118.1268      6.7467      0.8375      0.8109     -0.0023      0.0264      0.0265     91.1866     62.2926    -95.0000      0.0188      0.0210     -0.0016
     37.9524   -118.1268      7.4654      0.8373      0.8109     -0.0023      0.0258      0.0259     91.1257     62.5366    -95.0000      0.0198      0.0237     -0.0001
     37.9491   -118.1269      8.1857      0.8372      0.8109     -0.0021      0.0245      0.0246     91.0600     62.7811    -95.0000      0.0204      0.0151      0.0011
     37.9458   -118.1269      8.9076      0.8370      0.8109     -0.0020      0.0230      0.0231     90.9895     63.0262    -95.0000      0.0198      0.0123      0.0020
     37.9425   -118.1270      9.6311      0.8369      0.8109     -0.0019      0.0213      0.0213     90.9141     63.2719    -95.0000      0.0193      0.0034      0.0026
     37.9392   -118.1271     10.3562      0.8367      0.8109     -0.0017      0.0196      0.0197     90.8338     63.5181    -95.0000      0.0181      0.0013      0.0031
     37.9360   -118.1271     11.0827      0.8366      0.8109     -0.0016      0.0179      0.0180     90.7486     63.7649    -95.0000      0.0171     -0.0036      0.0034
     37.9328   -118.1272     11.8109      0.8364      0.8109     -0.0014      0.0164      0.0164     90.6584     64.0123    -95.0000      0.0157     -0.0037      0.0036
     37.9296   -118.1272     12.5406      0.8363      0.8109     -0.0013      0.0149      0.0149     90.5632     64.2603    -95.0000      0.0145     -0.0055      0.0038
     37.9264   -118.1273     13.2718      0.8362      0.8109     -0.0012      0.0136      0.0136     90.4630     64.5089    -95.0000      0.0131     -0.0045      0.0038
     37.9233   -118.1274     14.0045      0.8360      0.8109     -0.0011      0.0123      0.0123     90.3576     64.7581    -95.0000      0.0120     -0.0040      0.0039
     37.9202   -118.1274     14.7387      0.8359      0.8109     -0.0010      0.0111      0.0112     90.2471     65.0079    -95.0000      0.0108     -0.0013      0.0039
     37.9171   -118.1275     15.4744      0.8358      0.8109     -0.0009      0.0100      0.0101     90.1314     65.2584    -95.0000      0.0095      0.0036      0.0038
     37.9141   -118.1275     16.2116      0.8357      0.8109     -0.0008      0.0091      0.0091     90.0105     65.5094    -95.0000      0.0080      0.0173      0.0038
     37.9111   -118.1276     16.9503      0.8356      0.8109     -0.0007      0.0082      0.0083     89.8844     65.7611    -95.0000      0.0031      0.0937      0.0039
     37.9872   -118.1166      0.3514      0.8389      0.8104      0.0006      0.0070      0.0070     91.5272     60.1237    -85.0000     -0.0925     -0.0739      0.0733
     37.9836   -118.1167      1.0550      0.8388      0.8104      0.0007      0.0082      0.0082     91.5074     60.3681    -85.0000     -0.0611     -0.1447     -0.0151
     37.9800   -118.1167      1.7603      0.8386      0.8104      0.0012      0.0140      0.0141     91.4833     60.6131    -85.0000     -0.0330     -0.1115     -0.0324
     37.9765   -118.1168      2.4673      0.8384      0.8104      0.0019      0.0217      0.0218     91.4547     60.8586    -85.0000      0.0034     -0.0298     -0.0302
     37.9729   -118.1169      3.1760      0.8383      0.8104      0.0012      0.0284      0.0284     91.4217     61.1047    -87.5234      0.0130      0.0318     -0.0239
     37.9694   -118.1169      3.8863      0.8381      0.8104     -0.0005      0.0330      0.0330     91.3842     61.3514    -90.9269      0.0039      0.0677     -0.0176
     37.9659   -118.1170      4.5984      0.8379      0.8104     -0.0023      0.0351      0.0352     91.3422     61.5986    -93.6951     -0.0049      0.0674     -0.0123
     37.9625   -118.1171      5.3121      0.8378      0.8104     -0.0031      0.0357      0.0359     91.2955     61.8464    -95.0000     -0.0014      0.0643     -0.0081
     37.9591   -118.1171      6.0275      0.8376      0.8105     -0.0031      0.0350      0.0351     91.2442     62.0948    -95.0000      0.0139      0.0497     -0.0048
     37.9557   -118.1172      6.7445      0.8375      0.8105     -0.0030      0.0337      0.0339     91.1883     62.3437    -95.0000      0.0186      0.0448     -0.0022
     37.9523   -118.1173      7.4632      0.8373      0.8105     -0.0028      0.0318      0.0319     91.1276     62.5932    -95.0000      0.0208      0.0312     -0.0003
     37.9489   -118.1173      8.1835      0.8372      0.8105     -0.0026      0.0297      0.0298     91.0622     62.8433    -95.0000      0.0207      0.0262      0.0011
     37.9456   -118.1174      8.9054      0.8370      0.8105     -0.0024      0.0273      0.0274     90.9920     63.0940    -95.0000      0.0206      0.0137      0.0022
     37.9424   -118.1175      9.6289      0.8369      0.8104     -0.0022      0.0250      0.0251     90.9169     63.3453    -95.0000      0.0195      0.0089      0.0029
     37.9391   -118.1175     10.3540      0.8367      0.8104     -0.0020      0.0226      0.0227     90.8369     63.5972    -95.0000      0.0186      0.0004      0.0034
     37.9359   -118.1176     11.0807      0.8366      0.8104     -0.0018      0.0205      0.0206     90.7520     63.8497    -95.0000      0.0172     -0.0016      0.0038
     37.9327   -118.1177     11.8090      0.8364      0.8104     -0.0016      0.0185      0.0186     90.6621     64.1027    -95.0000      0.0160     -0.0054      0.0040
     37.9295   -118.1177     12.5388      0.8363      0.8104     -0.0015      0.0167      0.0168     90.5673     64.3564    -95.0000      0.0145     -0.0053      0.0042
     37.9264   -118.1178     13.2702      0.8362      0.8104     -0.0013      0.0151      0.0151     90.4673     64.6107    -95.0000      0.0132     -0.0061      0.0042
     37.9233   -118.1178     14.0032      0.8360      0.8104     -0.0012      0.0135      0.0136     90.3623     64.8657    -95.0000      0.0119     -0.0047      0.0042
     37.9202   -118.1179     14.7376      0.8359      0.8104     -0.0011      0.0122      0.0122     90.2521     65.1213    -95.0000      0.0107     -0.0028      0.0042
     37.9171   -118.1179     15.4736      0.8358      0.8104     -0.0010      0.0109      0.0109     90.1368     65.3775    -95.0000      0.0094      0.0024      0.0042
     37.9141   -118.1180     16.2111      0.8357      0.8104     -0.0009      0.0098      0.0098     90.0163     65.6343    -95.0000      0.0077      0.0170      0.0042
     37.9111   -118.1181     16.9501      0.8356      0.8104     -0.0008      0.0089      0.0089     89.8905     65.8919    -95.0000      0.0023      0.1004      0.0042
     37.9870   -118.1070      0.3512      0.8389      0.8100      0.0000      0.0000      0.0000     91.5272     60.1262      0.0000     -0.1381     -0.3005      0.1310
     37.9834   -118.1071      1.0544      0.8388      0.8100      0.0006      0.0072      0.0072     91.5074     60.3759    -85.0000     -0.0774     -0.2771     -0.0317
     37.9798   -118.1072      1.7594      0.8386      0.8100      0.0017      0.0189      0.0190     91.4833     60.6262    -85.0000     -0.0290     -0.1330     -0.0484
     37.9763   -118.1072      2.4661      0.8384      0.8100      0.0026      0.0308      0.0309     91.4547     60.8771    -85.2159      0.0183      0.0108     -0.0416
     37.9727   -118.1073      3.1745      0.8383      0.8100      0.0015      0.0402      0.0403     91.4217     61.1286    -87.8648      0.0203      0.1157     -0.0315
     37.9692   -118.1074      3.8847      0.8381      0.8100     -0.0009      0.0456      0.0456     91.3841     61.3807    -91.0875      0.0005      0.1509     -0.0225
     37.9658   -118.1075      4.5966      0.8379      0.8100     -0.0031      0.0475      0.0476     91.3420     61.6333    -93.6779     -0.0144      0.1493     -0.0154
     37.9623   -118.1075      5.3102      0.8378      0.8100     -0.0041      0.0467      0.0468     91.2953     61.8866    -94.9717     -0.0105      0.1163     -0.0100
     37.9589   -118.1076      6.0254      0.8376      0.8100     -0.0039      0.0446      0.0447     91.2439     62.1404    -95.0000      0.0089      0.0921     -0.0058
     37.9555   -118.1077      6.7424      0.8375      0.8100     -0.0036      0.0415      0.0417     91.1879     62.3949    -95.0000      0.0169      0.0622     -0.0027
     37.9521   -118.1077      7.4610      0.8373      0.8100     -0.0034      0.0384      0.0386     91.1271     62.6500    -95.0000      0.0194      0.0483     -0.0005
     37.9488   -118.1078      8.1812      0.8372      0.8100     -0.0031      0.0351      0.0352     91.0615     62.9056    -95.0000      0.0205      0.0297      0.0012
     37.9455   -118.1079      8.9032      0.8370      0.8100     -0.0028      0.0319      0.0321     90.9911     63.1619    -95.0000      0.0199      0.0217      0.0024
     37.9422   -118.1079      9.6267      0.8369      0.8100     -0.0025      0.0288      0.0289     90.9159     63.4188    -95.0000      0.0194      0.0089      0.0032
     37.9390   -118.1080     10.3519      0.8367      0.8100     -0.0023      0.0259      0.0260     90.8357     63.6763    -95.0000      0.0181      0.0041      0.0038
     37.9358   -118.1081     11.0787      0.8366      0.8100     -0.0020      0.0232      0.0233     90.7506     63.9344    -95.0000      0.0170     -0.0030      0.0042
     37.9326   -118.1081     11.8071      0.8364      0.8100     -0.0018      0.0208      0.0209     90.6604     64.1932    -95.0000      0.0155     -0.0045      0.0044
     37.9294   -118.1082     12.5371      0.8363      0.8100     -0.0016      0.0186      0.0186     90.5653     64.4526    -95.0000      0.0143     -0.0071      0.0046
     37.9263   -118.1082     13.2687      0.8362      0.8100     -0.0015      0.0166      0.0167     90.4651     64.7126    -95.0000      0.0129     -0.0066      0.0046
     37.9232   -118.1083     14.0019      0.8360      0.8100     -0.0013      0.0148      0.0149     90.3597     64.9733    -95.0000      0.0116     -0.0063      0.0046
     37.9201   -118.1084     14.7366      0.8359      0.8100     -0.0012      0.0132      0.0132     90.2492     65.2347    -95.0000      0.0103     -0.0040      0.0046
     37.9171   -118.1084     15.4728      0.8358      0.8100     -0.0010      0.0117      0.0118     90.1335     65.4967    -95.0000      0.0090      0.0011      0.0045
     37.9141   -118.1085     16.2106      0.8357      0.8100     -0.0009      0.0105      0.0105     90.0126     65.7594    -95.0000      0.0073      0.0166      0.0045
     37.9111   -118.1085     16.9500      0.8356      0.8100     -0.0008      0.0095      0.0096     89.8864     66.0228    -95.0000      0.0015      0.1072      0.0046
     37.9868   -118.0975      0.3511      0.8389      0.8095      0.0000      0.0000      0.0000     91.5272     60.1287      0.0000     -0.1609     -0.4466      0.1496
     37.9832   -118.0975      1.0539      0.8388      0.8095      0.0010      0.0114      0.0114     91.5074     60.3837    -85.0000     -0.0580     -0.3534     -0.0535
     37.9796   -118.0976      1.7585      0.8386      0.8095      0.0024      0.0271      0.0272     91.4833     60.6394    -85.0000     -0.0042     -0.1314     -0.0652
     37.9761   -118.0977      2.4649      0.8384      0.8095      0.0033      0.0421      0.0422     91.4547     60.8957    -85.5348      0.0375      0.0705     -0.0529
     37.9725   -118.0978      3.1731      0.8383      0.8095      0.0019      0.0531      0.0532     91.4216     61.1525    -88.0012      0.0284      0.1936     -0.0389
     37.9690   -118.0978      3.8831      0.8381      0.8095     -0.0010      0.0592      0.0592     91.3840     61.4100    -90.9768     -0.0017      0.2446     -0.0273
     37.9656   -118.0979      4.5948      0.8379      0.8095     -0.0037      0.0604      0.0605     91.3418     61.6682    -93.4609     -0.0237      0.2236     -0.0184
     37.9621   -118.0980      5.3082      0.8378      0.8095     -0.0049      0.0584      0.0586     91.2950     61.9269    -94.8142     -0.0220      0.1831     -0.0118
     37.9587   -118.0980      6.0233      0.8376      0.8095     -0.0048      0.0544      0.0546     91.2436     62.1863    -95.0000      0.0004      0.1280     -0.0068
     37.9553   -118.0981      6.7402      0.8375      0.8095     -0.0044      0.0500      0.0502     91.1874     62.4463    -95.0000      0.0116      0.0919     -0.0032
     37.9520   -118.0982      7.4588      0.8373      0.8095     -0.0040      0.0452      0.0454     91.1265     62.7069    -95.0000      0.0168      0.0575     -0.0005
     37.9487   -118.0982      8.1790      0.8371      0.8095     -0.0036      0.0409      0.0410     91.0608     62.9681    -95.0000      0.0182      0.0416      0.0014
     37.9454   -118.0983      8.9009      0.8370      0.8095     -0.0032      0.0366      0.0367     90.9903     63.2300    -95.0000      0.0187      0.0228      0.0027
     37.9421   -118.0984      9.6246      0.8368      0.8095     -0.0029      0.0328      0.0329     90.9149     63.4925    -95.0000      0.0179      0.0146      0.0036
     37.9389   -118.0984     10.3498      0.8367      0.8095     -0.0025      0.0291      0.0292     90.8345     63.7557    -95.0000      0.0172      0.0032      0.0043
     37.9357   -118.0985     11.0767      0.8366      0.8095     -0.0023      0.0259      0.0260     90.7492     64.0195    -95.0000      0.0159     -0.0009      0.0047
     37.9325   -118.0986     11.8053      0.8364      0.8095     -0.0020      0.0230      0.0231     90.6588     64.2840    -95.0000      0.0148     -0.0063      0.0049
     37.9294   -118.0986     12.5354      0.8363      0.8095     -0.0018      0.0204      0.0205     90.5634     64.5491    -95.0000      0.0134     -0.0071      0.0050
     37.9262   -118.0987     13.2672      0.8361      0.8095     -0.0016      0.0181      0.0182     90.4629     64.8149    -95.0000      0.0122     -0.0084      0.0051
     37.9232   -118.0988     14.0006      0.8360      0.8095     -0.0014      0.0160      0.0161     90.3572     65.0814    -95.0000      0.0109     -0.0074      0.0050
     37.9201   -118.0988     14.7355      0.8359      0.8095     -0.0012      0.0142      0.0142     90.2464     65.3486    -95.0000      0.0097     -0.0057      0.0050
     37.9171   -118.0989     15.4721      0.8358      0.8095     -0.0011      0.0126      0.0126     90.1304     65.6164    -95.0000      0.0084     -0.0004      0.0049
     37.9141   -118.0990     16.2102      0.8357      0.8095     -0.0010      0.0112      0.0112     90.0091     65.8849    -95.0000      0.0067      0.0163      0.0049
     37.9111   -118.0990     16.9498      0.8356      0.8095     -0.0009      0.0102      0.0102     89.8825     66.1542    -95.0000      0.0004      0.1135      0.0049
     37.9866   -118.0879      0.3509      0.8389      0.8091      0.0014      0.0183      0.0184     91.5273     60.1312    -85.6264     -0.1453     -0.2900      0.0716
     37.9830   -118.0880      1.0533      0.8388      0.8091      0.0023      0.0265      0.0266     91.5076     60.3916    -85.0000     -0.0141     -0.2591     -0.0787
     37.9794   -118.0880      1.7576      0.8386      0.8091      0.0035      0.0401      0.0402     91.4836     60.6526    -85.0000      0.0293     -0.0822     -0.0804
     37.9759   -118.0881      2.4638      0.8384      0.8091      0.0042      0.0544      0.0545     91.4551     60.9142    -85.6110      0.0572      0.1093     -0.0631
     37.9724   -118.0882      3.1717      0.8383      0.8091      0.0025      0.0658      0.0658     91.4222     61.1765    -87.8176      0.0395      0.2548     -0.0457
     37.9689   -118.0883      3.8815      0.8381      0.8091     -0.0007      0.0719      0.0719     91.3848     61.4394    -90.5787      0.0005      0.3073     -0.0318
     37.9654   -118.0883      4.5930      0.8379      0.8091     -0.0038      0.0729      0.0730     91.3429     61.7030    -93.0017     -0.0290      0.2979     -0.0212
     37.9620   -118.0884      5.3062      0.8378      0.8091     -0.0055      0.0697      0.0699     91.2963     61.9672    -94.5368     -0.0335      0.2357     -0.0134
     37.9586   -118.0885      6.0213      0.8376      0.8091     -0.0056      0.0645      0.0647     91.2451     62.2321    -95.0000     -0.0144      0.1757     -0.0077
     37.9552   -118.0886      6.7380      0.8375      0.8091     -0.0051      0.0583      0.0585     91.1892     62.4976    -95.0000      0.0041      0.1137     -0.0035
     37.9518   -118.0886      7.4566      0.8373      0.8091     -0.0046      0.0523      0.0525     91.1285     62.7638    -95.0000      0.0113      0.0779     -0.0005
     37.9485   -118.0887      8.1768      0.8371      0.8091     -0.0041      0.0465      0.0467     91.0631     63.0306    -95.0000      0.0149      0.0459      0.0016
     37.9452   -118.0888      8.8987      0.8370      0.8091     -0.0036      0.0414      0.0416     90.9928     63.2981    -95.0000      0.0156      0.0313      0.0031
     37.9420   -118.0888      9.6224      0.8368      0.8091     -0.0032      0.0366      0.0368     90.9177     63.5663    -95.0000      0.0158      0.0144      0.0041
     37.9388   -118.0889     10.3477      0.8367      0.8091     -0.0028      0.0324      0.0326     90.8376     63.8351    -95.0000      0.0150      0.0070      0.0048
     37.9356   -118.0890     11.0747      0.8366      0.8091     -0.0025      0.0286      0.0287     90.7526     64.1046    -95.0000      0.0143     -0.0023      0.0052
     37.9324   -118.0890     11.8034      0.8364      0.8091     -0.0022      0.0252      0.0253     90.6626     64.3748    -95.0000      0.0131     -0.0053      0.0054
     37.9293   -118.0891     12.5337      0.8363      0.8091     -0.0019      0.0222      0.0223     90.5675     64.6457    -95.0000      0.0120     -0.0089      0.0055
     37.9262   -118.0892     13.2657      0.8361      0.8091     -0.0017      0.0196      0.0197     90.4673     64.9173    -95.0000      0.0109     -0.0090      0.0055
     37.9231   -118.0892     13.9993      0.8360      0.8091     -0.0015      0.0172      0.0173     90.3620     65.1895    -95.0000      0.0098     -0.0091      0.0055
     37.9201   -118.0893     14.7345      0.8359      0.8091     -0.0013      0.0152      0.0152     90.2515     65.4625    -95.0000      0.0087     -0.0073      0.0054
     37.9171   -118.0894     15.4713      0.8358      0.8091     -0.0012      0.0133      0.0134     90.1358     65.7361    -95.0000      0.0075     -0.0018      0.0053
     37.9141   -118.0894     16.2097      0.8357      0.8091     -0.0010      0.0118      0.0119     90.0149     66.0105    -95.0000      0.0057      0.0155      0.0052
     37.9112   -118.0895     16.9496      0.8356      0.8091     -0.0009      0.0108      0.0108     89.8886     66.2856    -95.0000     -0.0010      0.1202      0.0053
     37.9864   -118.0783      0.3507      0.8389      0.8086      0.0033      0.0432      0.0433     91.5272     60.1338    -85.6245     -0.1170     -0.0626     -0.0332
     37.9828   -118.0784      1.0528      0.8388      0.8086      0.0041      0.0464      0.0466     91.5076     60.3994    -85.0000      0.0171     -0.0902     -0.1012
     37.9792   -118.0785      1.7568      0.8386      0.8086      0.0048      0.0545      0.0547     91.4836     60.6658    -85.0000      0.0484     -0.0245     -0.0927
     37.9757   -118.0786      2.4626      0.8384      0.8086      0.0053      0.0659      0.0662     91.4551     60.9328    -85.4001      0.0741      0.1285     -0.0714
     37.9722   -118.0786      3.1703      0.8383      0.8086      0.0035      0.0764      0.0765     91.4222     61.2004    -87.3412      0.0530      0.2675     -0.0516
     37.9687   -118.0787      3.8798      0.8381      0.8086      0.0001      0.0828      0.0828     91.3847     61.4688    -89.9219      0.0102      0.3490     -0.0357
     37.9652   -118.0788      4.5912      0.8379      0.8086     -0.0034      0.0837      0.0837     91.3427     61.7378    -92.3558     -0.0279      0.3401     -0.0237
     37.9618   -118.0789      5.3043      0.8378      0.8086     -0.0057      0.0802      0.0804     91.2961     62.0076    -94.0976     -0.0421      0.2907     -0.0149
     37.9584   -118.0789      6.0192      0.8376      0.8086     -0.0064      0.0738      0.0741     91.2448     62.2779    -94.9430     -0.0321      0.2099     -0.0085
     37.9550   -118.0790      6.7359      0.8375      0.8086     -0.0058      0.0665      0.0668     91.1888     62.5490    -95.0000     -0.0077      0.1480     -0.0038
     37.9517   -118.0791      7.4544      0.8373      0.8086     -0.0052      0.0591      0.0593     91.1280     62.8207    -95.0000      0.0043      0.0907     -0.0005
     37.9484   -118.0792      8.1746      0.8371      0.8086     -0.0046      0.0523      0.0525     91.0625     63.0932    -95.0000      0.0092      0.0605      0.0019
     37.9451   -118.0792      8.8965      0.8370      0.8086     -0.0040      0.0460      0.0462     90.9920     63.3663    -95.0000      0.0118      0.0330      0.0035
     37.9419   -118.0793      9.6202      0.8368      0.8086     -0.0035      0.0406      0.0407     90.9167     63.6401    -95.0000      0.0121      0.0204      0.0046
     37.9387   -118.0794     10.3456      0.8367      0.8086     -0.0031      0.0356      0.0357     90.8365     63.9146    -95.0000      0.0122      0.0060      0.0053
     37.9355   -118.0794     11.0728      0.8365      0.8086     -0.0027      0.0312      0.0314     90.7512     64.1898    -95.0000      0.0114     -0.0000      0.0057
     37.9323   -118.0795     11.8016      0.8364      0.8086     -0.0024      0.0273      0.0275     90.6610     64.4657    -95.0000      0.0108     -0.0069      0.0059
     37.9292   -118.0796     12.5320      0.8363      0.8086     -0.0021      0.0240      0.0241     90.5656     64.7423    -95.0000      0.0099     -0.0088      0.0060
     37.9261   -118.0796     13.2642      0.8361      0.8086     -0.0018      0.0210      0.0211     90.4652     65.0197    -95.0000      0.0090     -0.0106      0.0060
     37.9231   -118.0797     13.9980      0.8360      0.8086     -0.0016      0.0184      0.0184     90.3596     65.2977    -95.0000      0.0081     -0.0103      0.0059
     37.9200   -118.0798     14.7334      0.8359      0.8086     -0.0014      0.0161      0.0161     90.2488     65.5765    -95.0000      0.0072     -0.0087      0.0058
     37.9171   -118.0798     15.4705      0.8358      0.8086     -0.0012      0.0141      0.0141     90.1328     65.8560    -95.0000      0.0062     -0.0036      0.0057
     37.9141   -118.0799     16.2092      0.8357      0.8086     -0.0011      0.0125      0.0125     90.0114     66.1362    -95.0000      0.0045      0.0154      0.0056
     37.9112   -118.0800     16.9495      0.8356      0.8086     -0.0010      0.0113      0.0113     89.8848     66.4172    -95.0000     -0.0025      0.1259      0.0056
     37.9862   -118.0688      0.3505      0.8389      0.8082      0.0041      0.0626      0.0628     91.5273     60.1363    -86.2969     -0.1301      0.0729     -0.0998
     37.9826   -118.0688      1.0522      0.8388      0.8082      0.0054      0.0618      0.0620     91.5078     60.4073    -85.0000      0.0220     -0.0226     -0.1165
     37.9790   -118.0689      1.7559      0.8386      0.8082      0.0058      0.0658      0.0661     91.4839     60.6789    -85.0000      0.0472     -0.0171     -0.1017
     37.9755   -118.0690      2.4615      0.8384      0.8082      0.0064      0.0747      0.0749     91.4556     60.9513    -85.1170      0.0811      0.1019     -0.0781
     37.9720   -118.0691      3.1689      0.8383      0.8082      0.0048      0.0846      0.0848     91.4228     61.2244    -86.7635      0.0664      0.2578     -0.0565
     37.9685   -118.0692      3.8782      0.8381      0.8082      0.0013      0.0912      0.0912     91.3856     61.4982    -89.1768      0.0228      0.3485     -0.0391
     37.9650   -118.0692      4.5894      0.8379      0.8082     -0.0025      0.0927      0.0928     91.3437     61.7727    -91.5730     -0.0192      0.3729     -0.0260
     37.9616   -118.0693      5.3024      0.8378      0.8082     -0.0055      0.0891      0.0893     91.2973     62.0479    -93.5155     -0.0446      0.3206     -0.0162
     37.9582   -118.0694      6.0172      0.8376      0.8082     -0.0067      0.0825      0.0827     91.2463     62.3238    -94.6597     -0.0437      0.2526     -0.0091
     37.9549   -118.0695      6.7338      0.8375      0.8082     -0.0065      0.0741      0.0743     91.1905     62.6004    -95.0000     -0.0231      0.1708     -0.0039
     37.9515   -118.0695      7.4522      0.8373      0.8082     -0.0057      0.0657      0.0660     91.1300     62.8777    -95.0000     -0.0061      0.1160     -0.0003
     37.9482   -118.0696      8.1724      0.8371      0.8082     -0.0050      0.0577      0.0579     91.0647     63.1557    -95.0000      0.0021      0.0676      0.0022
     37.9450   -118.0697      8.8944      0.8370      0.8082     -0.0044      0.0506      0.0508     90.9946     63.4345    -95.0000      0.0053      0.0435      0.0040
     37.9417   -118.0698      9.6181      0.8368      0.8082     -0.0039      0.0442      0.0443     90.9196     63.7139    -95.0000      0.0071      0.0206      0.0051
     37.9385   -118.0698     10.3436      0.8367      0.8082     -0.0034      0.0386      0.0388     90.8396     63.9941    -95.0000      0.0074      0.0103      0.0059
     37.9354   -118.0699     11.0708      0.8365      0.8082     -0.0029      0.0337      0.0338     90.7547     64.2750    -95.0000      0.0076     -0.0012      0.0063
     37.9322   -118.0700     11.7997      0.8364      0.8082     -0.0026      0.0294      0.0295     90.6647     64.5567    -95.0000      0.0071     -0.0056      0.0065
     37.9291   -118.0700     12.5304      0.8363      0.8082     -0.0022      0.0256      0.0257     90.5697     64.8390    -95.0000      0.0068     -0.0101      0.0066
     37.9261   -118.0701     13.2627      0.8361      0.8082     -0.0020      0.0223      0.0224     90.4696     65.1221    -95.0000      0.0063     -0.0111      0.0065
     37.9230   -118.0702     13.9967      0.8360      0.8082     -0.0017      0.0194      0.0195     90.3644     65.4060    -95.0000      0.0057     -0.0116      0.0064
     37.9200   -118.0702     14.7324      0.8359      0.8082     -0.0015      0.0169      0.0169     90.2539     65.6905    -95.0000      0.0052     -0.0104      0.0063
     37.9170   -118.0703     15.4697      0.8358      0.8082     -0.0013      0.0147      0.0148     90.1382     65.9759    -95.0000      0.0043     -0.0047      0.0061
     37.9141   -118.0704     16.2087      0.8357      0.8082     -0.0011      0.0130      0.0130     90.0173     66.2620    -95.0000      0.0028      0.0143      0.0060
     37.9112   -118.0704     16.9493      0.8356      0.8082     -0.0010      0.0118      0.0119     89.8910     66.5488    -95.0000     -0.0045      0.1322      0.0060
     37.9860   -118.0592      0.3503      0.8389      0.8077      0.0062      0.0754      0.0756     91.5273     60.1388    -85.3297     -0.0737      0.1212     -0.1290
     37.9824   -118.0593      1.0517      0.8388      0.8077      0.0063      0.0718      0.0721     91.5078     60.4151    -85.0000      0.0154     -0.0364     -0.1256
     37.9788   -118.0594      1.7551      0.8386      0.8077      0.0064      0.0734      0.0736     91.4839     60.6921    -85.0000      0.0387     -0.0593     -0.1083
     37.9753   -118.0594      2.4604      0.8384      0.8077      0.0071      0.0809      0.0812     91.4556     60.9699    -85.0000      0.0763      0.0635     -0.0835
     37.9718   -118.0595      3.1676      0.8383      0.8077      0.0058      0.0903      0.0905     91.4228     61.2484    -86.3281      0.0706      0.2154     -0.0606
     37.9683   -118.0596      3.8766      0.8381      0.8077      0.0026      0.0976      0.0976     91.3855     61.5276    -88.4828      0.0356      0.3406     -0.0421
     37.9649   -118.0597      4.5876      0.8379      0.8077     -0.0014      0.0997      0.0997     91.3436     61.8075    -90.8216     -0.0096      0.3737     -0.0279
     37.9615   -118.0598      5.3004      0.8378      0.8077     -0.0048      0.0968      0.0970     91.2971     62.0882    -92.8208     -0.0403      0.3526     -0.0173
     37.9581   -118.0598      6.0151      0.8376      0.8077     -0.0067      0.0898      0.0901     91.2460     62.3697    -94.2593     -0.0526      0.2755     -0.0096
     37.9547   -118.0599      6.7317      0.8374      0.8077     -0.0070      0.0811      0.0814     91.1901     62.6518    -94.9227     -0.0420      0.2046     -0.0040
     37.9514   -118.0600      7.4500      0.8373      0.8077     -0.0063      0.0716      0.0719     91.1295     62.9347    -95.0000     -0.0199      0.1304     -0.0001
     37.9481   -118.0601      8.1702      0.8371      0.8077     -0.0055      0.0628      0.0630     91.0641     63.2183    -95.0000     -0.0091      0.0858      0.0026
     37.9448   -118.0601      8.8922      0.8370      0.8077     -0.0048      0.0546      0.0548     90.9938     63.5027    -95.0000     -0.0037      0.0464      0.0045
     37.9416   -118.0602      9.6160      0.8368      0.8077     -0.0042      0.0476      0.0478     90.9186     63.7878    -95.0000     -0.0015      0.0278      0.0057
     37.9384   -118.0603     10.3415      0.8367      0.8077     -0.0036      0.0413      0.0415     90.8385     64.0737    -95.0000      0.0000      0.0093      0.0064
     37.9353   -118.0604     11.0688      0.8365      0.8077     -0.0031      0.0359      0.0360     90.7534     64.3603    -95.0000      0.0007      0.0014      0.0069
     37.9321   -118.0604     11.7979      0.8364      0.8077     -0.0027      0.0311      0.0312     90.6632     64.6476    -95.0000      0.0013     -0.0068      0.0071
     37.9291   -118.0605     12.5287      0.8363      0.8077     -0.0024      0.0270      0.0271     90.5680     64.9358    -95.0000      0.0016     -0.0097      0.0071
     37.9260   -118.0606     13.2612      0.8361      0.8077     -0.0020      0.0234      0.0235     90.4676     65.2246    -95.0000      0.0017     -0.0122      0.0070
     37.9230   -118.0606     13.9955      0.8360      0.8077     -0.0018      0.0203      0.0204     90.3620     65.5143    -95.0000      0.0018     -0.0130      0.0069
     37.9200   -118.0607     14.7314      0.8359      0.8077     -0.0015      0.0175      0.0176     90.2513     65.8047    -95.0000      0.0017     -0.0117      0.0067
     37.9170   -118.0608     15.4690      0.8358      0.8077     -0.0013      0.0152      0.0153     90.1352     66.0959    -95.0000      0.0014     -0.0069      0.0065
     37.9141   -118.0609     16.2082      0.8357      0.8077     -0.0012      0.0134      0.0135     90.0139     66.3879    -95.0000      0.0002      0.0142      0.0064
     37.9112   -118.0609     16.9491      0.8356      0.8077     -0.0011      0.0122      0.0123     89.8873     66.6806    -95.0000     -0.0070      0.1365      0.0064
     37.9858   -118.0496      0.3501      0.8389      0.8073      0.0076      0.0867      0.0871     91.5273     60.1414    -85.0000     -0.0314      0.1928     -0.1597
     37.9822   -118.0497      1.0512      0.8388      0.8073      0.0069      0.0817      0.0820     91.5078     60.4230    -85.1768      0.0082      0.0341     -0.1325
     37.9786   -118.0498      1.7542      0.8386      0.8073      0.0070      0.0804      0.0807     91.4839     60.7054    -85.0000      0.0355     -0.0533     -0.1138
     37.9751   -118.0499      2.4592      0.8384      0.8073      0.0075      0.0857      0.0860     91.4555     60.9885    -85.0000      0.0651      0.0185     -0.0882
     37.9716   -118.0500      3.1662      0.8383      0.8073      0.0065      0.0948      0.0951     91.4227     61.2724    -86.0621      0.0689      0.1829     -0.0643
     37.9681   -118.0500      3.8750      0.8381      0.8073      0.0036      0.1023      0.1024     91.3854     61.5571    -87.9904      0.0395      0.3099     -0.0447
     37.9647   -118.0501      4.5858      0.8379      0.8073     -0.0003      0.1056      0.1056     91.3435     61.8425    -90.1403      0.0005      0.3819     -0.0296
     37.9613   -118.0502      5.2985      0.8378      0.8073     -0.0039      0.1030      0.1031     91.2970     62.1287    -92.1572     -0.0376      0.3596     -0.0182
     37.9579   -118.0503      6.0131      0.8376      0.8073     -0.0062      0.0964      0.0966     91.2457     62.4157    -93.6518     -0.0541      0.3072     -0.0099
     37.9546   -118.0504      6.7296      0.8374      0.8073     -0.0070      0.0869      0.0872     91.1898     62.7034    -94.6048     -0.0562      0.2196     -0.0040
     37.9512   -118.0504      7.4479      0.8373      0.8073     -0.0066      0.0770      0.0773     91.1291     62.9919    -94.9280     -0.0422      0.1550      0.0002
     37.9480   -118.0505      8.1680      0.8371      0.8073     -0.0059      0.0671      0.0674     91.0635     63.2811    -95.0000     -0.0295      0.0914      0.0031
     37.9447   -118.0506      8.8900      0.8370      0.8073     -0.0050      0.0584      0.0586     90.9931     63.5711    -94.9301     -0.0191      0.0580      0.0051
     37.9415   -118.0507      9.6138      0.8368      0.8073     -0.0043      0.0504      0.0506     90.9178     63.8619    -94.9041     -0.0142      0.0269      0.0063
     37.9383   -118.0507     10.3395      0.8367      0.8073     -0.0037      0.0437      0.0438     90.8375     64.1535    -94.8430     -0.0099      0.0136      0.0071
     37.9352   -118.0508     11.0669      0.8365      0.8073     -0.0032      0.0377      0.0379     90.7521     64.4458    -94.8546     -0.0083     -0.0005      0.0075
     37.9321   -118.0509     11.7961      0.8364      0.8073     -0.0028      0.0326      0.0328     90.6617     64.7389    -94.8233     -0.0059     -0.0057      0.0077
     37.9290   -118.0510     12.5270      0.8363      0.8073     -0.0024      0.0282      0.0283     90.5663     65.0328    -94.8393     -0.0051     -0.0111      0.0077
     37.9259   -118.0510     13.2598      0.8361      0.8073     -0.0020      0.0243      0.0244     90.4656     65.3275    -94.8082     -0.0035     -0.0130      0.0076
     37.9229   -118.0511     13.9942      0.8360      0.8073     -0.0018      0.0210      0.0211     90.3598     65.6230    -94.8094     -0.0028     -0.0141      0.0074
     37.9199   -118.0512     14.7304      0.8359      0.8073     -0.0015      0.0180      0.0181     90.2487     65.9193    -94.7803     -0.0017     -0.0141      0.0072
     37.9170   -118.0513     15.4682      0.8358      0.8073     -0.0013      0.0156      0.0157     90.1323     66.2163    -94.7836     -0.0015     -0.0084      0.0069
     37.9141   -118.0513     16.2078      0.8357      0.8073     -0.0011      0.0137      0.0137     90.0107     66.5142    -94.7914     -0.0020      0.0118      0.0067
     37.9112   -118.0514     16.9490      0.8356      0.8073     -0.0011      0.0125      0.0126     89.8836     66.8129    -94.8631     -0.0095      0.1409      0.0067
     37.9856   -118.0401      0.3499      0.8390      0.8068      0.0077      0.0932      0.0935     91.5274     60.1439    -85.2729     -0.0161      0.2165     -0.1704
     37.9820   -118.0401      1.0506      0.8388      0.8068      0.0077      0.0881      0.0885     91.5079     60.4308    -85.0008      0.0233      0.0725     -0.1376
     37.9785   -118.0402      1.7534      0.8386      0.8068      0.0075      0.0855      0.0859     91.4842     60.7186    -85.0000      0.0278     -0.0542     -0.1190
     37.9749   -118.0403      2.4581      0.8384      0.8068      0.0079      0.0903      0.0906     91.4560     61.0071    -85.0000      0.0559      0.0077     -0.0926
     37.9714   -118.0404      3.1648      0.8383      0.8068      0.0070      0.0990      0.0992     91.4234     61.2964    -85.9421      0.0610      0.1535     -0.0676
     37.9679   -118.0405      3.8735      0.8381      0.8068      0.0044      0.1073      0.1074     91.3862     61.5866    -87.6339      0.0414      0.3101     -0.0470
     37.9645   -118.0406      4.5841      0.8379      0.8068      0.0007      0.1106      0.1106     91.3445     61.8775    -89.6289      0.0011      0.3739     -0.0309
     37.9611   -118.0406      5.2966      0.8378      0.8068     -0.0027      0.1087      0.1087     91.2982     62.1692    -91.4225     -0.0305      0.3822     -0.0189
     37.9577   -118.0407      6.0111      0.8376      0.8068     -0.0052      0.1016      0.1017     91.2472     62.4617    -92.9172     -0.0553      0.3134     -0.0101
     37.9544   -118.0408      6.7275      0.8374      0.8068     -0.0062      0.0921      0.0923     91.1915     62.7550    -93.8245     -0.0565      0.2453     -0.0038
     37.9511   -118.0409      7.4457      0.8373      0.8068     -0.0062      0.0812      0.0814     91.1311     63.0490    -94.3375     -0.0523      0.1596      0.0007
     37.9478   -118.0410      8.1659      0.8371      0.8068     -0.0054      0.0709      0.0711     91.0658     63.3439    -94.3912     -0.0372      0.1078      0.0037
     37.9446   -118.0411      8.8879      0.8370      0.8068     -0.0047      0.0612      0.0614     90.9957     63.6396    -94.3738     -0.0285      0.0571      0.0057
     37.9414   -118.0411      9.6117      0.8368      0.8068     -0.0039      0.0529      0.0530     90.9206     63.9360    -94.2284     -0.0187      0.0340      0.0070
     37.9382   -118.0412     10.3374      0.8367      0.8068     -0.0033      0.0454      0.0456     90.8406     64.2333    -94.2150     -0.0158      0.0103      0.0077
     37.9351   -118.0413     11.0650      0.8365      0.8068     -0.0028      0.0392      0.0393     90.7556     64.5314    -94.1437     -0.0112      0.0014      0.0081
     37.9320   -118.0414     11.7943      0.8364      0.8068     -0.0025      0.0337      0.0338     90.6655     64.8302    -94.1833     -0.0104     -0.0085      0.0083
     37.9289   -118.0414     12.5254      0.8363      0.8068     -0.0021      0.0291      0.0292     90.5704     65.1299    -94.1385     -0.0075     -0.0115      0.0082
     37.9259   -118.0415     13.2583      0.8361      0.8068     -0.0018      0.0250      0.0251     90.4701     65.4304    -94.1566     -0.0067     -0.0144      0.0081
     37.9229   -118.0416     13.9929      0.8360      0.8068     -0.0015      0.0215      0.0215     90.3646     65.7317    -94.0982     -0.0045     -0.0159      0.0079
     37.9199   -118.0417     14.7293      0.8359      0.8068     -0.0013      0.0184      0.0184     90.2539     66.0339    -94.0968     -0.0036     -0.0156      0.0076
     37.9170   -118.0417     15.4675      0.8358      0.8068     -0.0011      0.0158      0.0158     90.1379     66.3368    -94.0864     -0.0023     -0.0123      0.0073
     37.9141   -118.0418     16.2073      0.8357      0.8068     -0.0010      0.0138      0.0138     90.0166     66.6406    -94.1988     -0.0032      0.0098      0.0071
     37.9112   -118.0419     16.9488      0.8356      0.8068     -0.0010      0.0126      0.0127     89.8899     66.9452    -94.4359     -0.0108      0.1408      0.0070
     37.9854   -118.0305      0.3498      0.8390      0.8064      0.0064      0.0933      0.0935     91.5274     60.1465    -86.0758     -0.0273      0.1693     -0.1463
     37.9818   -118.0306      1.0501      0.8388      0.8064      0.0077      0.0885      0.0888     91.5079     60.4387    -85.0000      0.0333     -0.0055     -0.1402
     37.9783   -118.0307      1.7525      0.8386      0.8064      0.0077      0.0881      0.0884     91.4842     60.7318    -85.0000      0.0248     -0.0784     -0.1243
     37.9747   -118.0307      2.4570      0.8384      0.8064      0.0082      0.0942      0.0946     91.4560     61.0257    -85.0000      0.0504     -0.0010     -0.0970
     37.9712   -118.0308      3.1634      0.8383      0.8064      0.0075      0.1043      0.1046     91.4233     61.3205    -85.8677      0.0589      0.1795     -0.0706
     37.9678   -118.0309      3.8719      0.8381      0.8064      0.0051      0.1124      0.1126     91.3862     61.6161    -87.4248      0.0350      0.3153     -0.0488
     37.9643   -118.0310      4.5823      0.8379      0.8064      0.0019      0.1162      0.1162     91.3444     61.9124    -89.0872      0.0057      0.4032     -0.0319
     37.9609   -118.0311      5.2947      0.8378      0.8064     -0.0013      0.1134      0.1134     91.2980     62.2097    -90.6792     -0.0295      0.3821     -0.0193
     37.9576   -118.0312      6.0091      0.8376      0.8064     -0.0034      0.1063      0.1064     91.2470     62.5077    -91.8398     -0.0426      0.3364     -0.0100
     37.9542   -118.0313      6.7254      0.8374      0.8064     -0.0045      0.0957      0.0959     91.1912     62.8065    -92.7042     -0.0519      0.2416     -0.0034
     37.9509   -118.0313      7.4436      0.8373      0.8064     -0.0045      0.0847      0.0848     91.1306     63.1062    -93.0422     -0.0415      0.1763      0.0012
     37.9477   -118.0314      8.1637      0.8371      0.8064     -0.0041      0.0734      0.0735     91.0653     63.4067    -93.2043     -0.0358      0.1027      0.0044
     37.9445   -118.0315      8.8857      0.8370      0.8064     -0.0034      0.0634      0.0635     90.9950     63.7080    -93.0636     -0.0223      0.0665      0.0064
     37.9413   -118.0316      9.6096      0.8368      0.8064     -0.0029      0.0544      0.0545     90.9198     64.0102    -93.0293     -0.0187      0.0279      0.0077
     37.9381   -118.0317     10.3354      0.8367      0.8064     -0.0024      0.0468      0.0469     90.8396     64.3132    -92.8919     -0.0115      0.0133      0.0084
     37.9350   -118.0317     11.0630      0.8365      0.8064     -0.0021      0.0401      0.0401     90.7544     64.6170    -92.9382     -0.0114     -0.0042      0.0088
     37.9319   -118.0318     11.7925      0.8364      0.8064     -0.0017      0.0345      0.0345     90.6641     64.9216    -92.8812     -0.0077     -0.0092      0.0089
     37.9288   -118.0319     12.5238      0.8363      0.8064     -0.0015      0.0296      0.0296     90.5687     65.2271    -92.9438     -0.0079     -0.0152      0.0088
     37.9258   -118.0320     13.2568      0.8361      0.8064     -0.0013      0.0254      0.0255     90.4682     65.5334    -92.8798     -0.0053     -0.0163      0.0086
     37.9228   -118.0321     13.9917      0.8360      0.8064     -0.0011      0.0218      0.0218     90.3624     65.8406    -92.8871     -0.0047     -0.0171      0.0083
     37.9199   -118.0321     14.7283      0.8359      0.8064     -0.0009      0.0186      0.0186     90.2514     66.1485    -92.8187     -0.0024     -0.0181      0.0080
     37.9170   -118.0322     15.4667      0.8358      0.8064     -0.0008      0.0158      0.0158     90.1351     66.4574    -92.8924     -0.0019     -0.0146      0.0077
     37.9141   -118.0323     16.2068      0.8357      0.8064     -0.0007      0.0137      0.0137     90.0134     66.7671    -93.1119     -0.0022      0.0034      0.0075
     37.9112   -118.0323     16.9487      0.8356      0.8064     -0.0008      0.0126      0.0126     89.8864     67.0776    -93.6723     -0.0110      0.1384      0.0074
     37.9852   -118.0209      0.3496      0.8390      0.8059      0.0046      0.0907      0.0908     91.5274     60.1490    -87.1261     -0.0227      0.0991     -0.1112
     37.9816   -118.0210      1.0496      0.8388      0.8059      0.0063      0.0871      0.0874     91.5081     60.4466    -85.8871      0.0192     -0.0904     -0.1427
     37.9781   -118.0211      1.7517      0.8386      0.8059      0.0078      0.0894      0.0897     91.4845     60.7451    -85.0000      0.0483     -0.1261     -0.1300
     37.9745   -118.0212      2.4559      0.8384      0.8059      0.0087      0.0989      0.0993     91.4565     61.0444    -85.0000      0.0656      0.0313     -0.1012
     37.9710   -118.0213      3.1621      0.8383      0.8059      0.0079      0.1101      0.1104     91.4240     61.3445    -85.8978      0.0561      0.2122     -0.0732
     37.9676   -118.0214      3.8703      0.8381      0.8060      0.0059      0.1190      0.1192     91.3870     61.6455    -87.1593      0.0371      0.3770     -0.0502
     37.9642   -118.0215      4.5806      0.8379      0.8060      0.0031      0.1214      0.1215     91.3455     61.9474    -88.5384      0.0031      0.4186     -0.0325
     37.9608   -118.0215      5.2928      0.8378      0.8060      0.0007      0.1182      0.1183     91.2993     62.2501    -89.6453     -0.0136      0.4154     -0.0193
     37.9574   -118.0216      6.0071      0.8376      0.8060     -0.0011      0.1095      0.1095     91.2485     62.5537    -90.5862     -0.0322      0.3264     -0.0097
     37.9541   -118.0217      6.7233      0.8374      0.8059     -0.0018      0.0988      0.0988     91.1929     62.8581    -91.0666     -0.0272      0.2570     -0.0029
     37.9508   -118.0218      7.4415      0.8373      0.8059     -0.0021      0.0865      0.0866     91.1326     63.1634    -91.3984     -0.0284      0.1617      0.0019
     37.9475   -118.0219      8.1616      0.8371      0.8059     -0.0018      0.0753      0.0753     91.0675     63.4695    -91.3503     -0.0155      0.1123      0.0051
     37.9443   -118.0220      8.8836      0.8370      0.8059     -0.0015      0.0645      0.0646     90.9975     63.7765    -91.3604     -0.0144      0.0546      0.0072
     37.9411   -118.0220      9.6076      0.8368      0.8059     -0.0011      0.0555      0.0555     90.9226     64.0844    -91.1829     -0.0056      0.0324      0.0084
     37.9380   -118.0221     10.3334      0.8367      0.8059     -0.0010      0.0474      0.0474     90.8428     64.3931    -91.2167     -0.0072      0.0037      0.0092
     37.9349   -118.0222     11.0611      0.8365      0.8059     -0.0008      0.0406      0.0406     90.7579     64.7026    -91.1262     -0.0029     -0.0044      0.0095
     37.9318   -118.0223     11.7907      0.8364      0.8059     -0.0007      0.0347      0.0347     90.6679     65.0130    -91.2246     -0.0049     -0.0162      0.0095
     37.9288   -118.0224     12.5221      0.8362      0.8059     -0.0006      0.0298      0.0298     90.5729     65.3243    -91.1730     -0.0023     -0.0180      0.0094
     37.9257   -118.0224     13.2554      0.8361      0.8059     -0.0006      0.0256      0.0256     90.4726     65.6364    -91.2374     -0.0033     -0.0199      0.0091
     37.9228   -118.0225     13.9905      0.8360      0.8059     -0.0004      0.0219      0.0219     90.3672     65.9494    -91.1519     -0.0012     -0.0192      0.0088
     37.9198   -118.0226     14.7273      0.8359      0.8059     -0.0004      0.0187      0.0187     90.2566     66.2632    -91.1628     -0.0010     -0.0174      0.0085
     37.9169   -118.0227     15.4660      0.8358      0.8059     -0.0003      0.0158      0.0158     90.1406     66.5780    -91.1846      0.0007     -0.0166      0.0081
     37.9141   -118.0227     16.2064      0.8357      0.8059     -0.0004      0.0135      0.0135     90.0193     66.8936    -91.5906     -0.0004     -0.0013      0.0078
     37.9113   -118.0228     16.9485      0.8356      0.8059     -0.0005      0.0122      0.0122     89.8927     67.2100    -92.4640     -0.0089      0.1267      0.0077
     37.9850   -118.0113      0.3494      0.8390      0.8055      0.0007      0.0897      0.0897     91.5274     60.1516    -89.5667     -0.0717      0.0505     -0.0918
     37.9814   -118.0114      1.0490      0.8388      0.8055      0.0039      0.0871      0.0872     91.5080     60.4545    -87.4469      0.0184     -0.1556     -0.1490
     37.9779   -118.0115      1.7508      0.8386      0.8055      0.0067      0.0925      0.0927     91.4843     60.7583    -85.8552      0.0605     -0.1228     -0.1360
     37.9743   -118.0116      2.4547      0.8384      0.8055      0.0081      0.1040      0.1043     91.4562     61.0630    -85.5394      0.0651      0.0588     -0.1048
     37.9709   -118.0117      3.1607      0.8383      0.8055      0.0082      0.1171      0.1174     91.4236     61.3686    -86.0087      0.0584      0.2963     -0.0752
     37.9674   -118.0118      3.8687      0.8381      0.8055      0.0068      0.1251      0.1253     91.3865     61.6751    -86.8941      0.0313      0.4170     -0.0512
     37.9640   -118.0119      4.5788      0.8379      0.8055      0.0051      0.1272      0.1273     91.3448     61.9824    -87.7070      0.0175      0.4807     -0.0329
     37.9606   -118.0120      5.2909      0.8378      0.8055      0.0032      0.1218      0.1218     91.2984     62.2907    -88.5080     -0.0050      0.4135     -0.0193
     37.9572   -118.0121      6.0051      0.8376      0.8055      0.0020      0.1126      0.1126     91.2474     62.5998    -88.9588     -0.0029      0.3512     -0.0094
     37.9539   -118.0122      6.7212      0.8374      0.8055      0.0012      0.1001      0.1002     91.1916     62.9098    -89.3398     -0.0108      0.2341     -0.0023
     37.9507   -118.0123      7.4393      0.8373      0.8055      0.0010      0.0880      0.0880     91.1310     63.2207    -89.3468      0.0007      0.1727      0.0026
     37.9474   -118.0123      8.1594      0.8371      0.8055      0.0008      0.0758      0.0758     91.0656     63.5325    -89.4152     -0.0029      0.0914      0.0059
     37.9442   -118.0124      8.8815      0.8370      0.8055      0.0009      0.0653      0.0653     90.9953     63.8451    -89.2338      0.0061      0.0616      0.0080
     37.9410   -118.0125      9.6055      0.8368      0.8055      0.0007      0.0556      0.0556     90.9200     64.1587    -89.2697      0.0013      0.0175      0.0093
     37.9379   -118.0126     10.3314      0.8367      0.8055      0.0007      0.0477      0.0477     90.8397     64.4731    -89.1366      0.0060      0.0062      0.0099
     37.9348   -118.0127     11.0592      0.8365      0.8055      0.0005      0.0406      0.0406     90.7544     64.7884    -89.2461      0.0014     -0.0148      0.0102
     37.9317   -118.0128     11.7889      0.8364      0.8055      0.0005      0.0348      0.0348     90.6640     65.1046    -89.1805      0.0040     -0.0178      0.0102
     37.9287   -118.0128     12.5205      0.8362      0.8055      0.0004      0.0297      0.0297     90.5684     65.4217    -89.3037      0.0009     -0.0244      0.0100
     37.9257   -118.0129     13.2540      0.8361      0.8055      0.0003      0.0255      0.0255     90.4677     65.7396    -89.2455      0.0026     -0.0233      0.0097
     37.9227   -118.0130     13.9892      0.8360      0.8055      0.0003      0.0219      0.0219     90.3617     66.0585    -89.3142      0.0011     -0.0210      0.0094
     37.9198   -118.0131     14.7263      0.8359      0.8055      0.0002      0.0187      0.0187     90.2504     66.3782    -89.2430      0.0025     -0.0171      0.0090
     37.9169   -118.0131     15.4652      0.8358      0.8055      0.0002      0.0160      0.0160     90.1338     66.6989    -89.3428      0.0024     -0.0098      0.0086
     37.9141   -118.0132     16.2059      0.8357      0.8055      0.0001      0.0134      0.0134     90.0118     67.0204    -89.6468      0.0032     -0.0012      0.0083
     37.9113   -118.0133     16.9483      0.8356      0.8055     -0.0002      0.0114      0.0114     89.8844     67.3428    -90.7927     -0.0054      0.1043      0.0081
     37.9848   -118.0023      0.3492      0.7551      0.8051     -0.0034      0.0930      0.0931     91.5277     60.1540    -92.1020     -0.1253      0.0457     -0.1110
     37.9812   -118.0023      1.0485      0.7549      0.8051     -0.0004      0.0911      0.0911     91.5085     60.4620    -90.2725     -0.0544     -0.1444     -0.1604
     37.9777   -118.0024      1.7500      0.7547      0.8051      0.0034      0.0973      0.0974     91.4850     60.7709    -88.0282     -0.0084     -0.0968     -0.1424
     37.9742   -118.0025      2.4537      0.7546      0.8051      0.0065      0.1104      0.1106     91.4570     61.0808    -86.6227      0.0234      0.1393     -0.1100
     37.9707   -118.0026      3.1594      0.7544      0.8051      0.0080      0.1228      0.1230     91.4246     61.3915    -86.2910      0.0229      0.3404     -0.0802
     37.9672   -118.0027      3.8673      0.7543      0.8051      0.0082      0.1309      0.1312     91.3877     61.7032    -86.4222      0.0227      0.4987     -0.0559
     37.9638   -118.0028      4.5772      0.7541      0.8051      0.0072      0.1309      0.1311     91.3463     62.0158    -86.8337      0.0050      0.4960     -0.0368
     37.9604   -118.0029      5.2892      0.7540      0.8051      0.0063      0.1251      0.1253     91.3002     62.3293    -87.1247      0.0077      0.4616     -0.0221
     37.9571   -118.0030      6.0032      0.7538      0.8051      0.0051      0.1138      0.1140     91.2494     62.6437    -87.4402     -0.0030      0.3345     -0.0112
     37.9538   -118.0031      6.7193      0.7537      0.8051      0.0045      0.1015      0.1016     91.1939     62.9590    -87.4806      0.0077      0.2561     -0.0032
     37.9505   -118.0032      7.4373      0.7535      0.8051      0.0037      0.0880      0.0881     91.1336     63.2752    -87.5628      0.0019      0.1478      0.0023
     37.9473   -118.0033      8.1574      0.7534      0.8051      0.0034      0.0762      0.0763     91.0685     63.5923    -87.4118      0.0119      0.1044      0.0060
     37.9441   -118.0034      8.8795      0.7533      0.8051      0.0029      0.0650      0.0651     90.9986     63.9104    -87.4315      0.0056      0.0428      0.0084
     37.9409   -118.0034      9.6035      0.7531      0.8051      0.0026      0.0558      0.0558     90.9236     64.2293    -87.2914      0.0114      0.0258      0.0099
     37.9378   -118.0035     10.3295      0.7530      0.8051      0.0022      0.0474      0.0474     90.8437     64.5492    -87.3751      0.0052     -0.0060      0.0107
     37.9347   -118.0036     11.0574      0.7529      0.8051      0.0019      0.0405      0.0406     90.7588     64.8700    -87.2999      0.0086     -0.0115      0.0111
     37.9316   -118.0037     11.7873      0.7527      0.8051      0.0016      0.0345      0.0345     90.6688     65.1917    -87.4219      0.0042     -0.0247      0.0111
     37.9286   -118.0038     12.5190      0.7526      0.8051      0.0014      0.0296      0.0296     90.5736     65.5143    -87.3786      0.0063     -0.0249      0.0110
     37.9256   -118.0039     13.2526      0.7525      0.8051      0.0011      0.0253      0.0253     90.4733     65.8378    -87.4929      0.0038     -0.0264      0.0106
     37.9227   -118.0039     13.9881      0.7524      0.8051      0.0010      0.0218      0.0218     90.3677     66.1622    -87.4642      0.0050     -0.0234      0.0102
     37.9198   -118.0040     14.7254      0.7523      0.8051      0.0008      0.0187      0.0187     90.2569     66.4876    -87.5678      0.0038     -0.0162      0.0098
     37.9169   -118.0041     15.4645      0.7522      0.8051      0.0007      0.0161      0.0161     90.1408     66.8138    -87.6069      0.0045     -0.0039      0.0094
     37.9141   -118.0042     16.2055      0.7521      0.8051      0.0005      0.0137      0.0137     90.0193     67.1410    -87.8090      0.0038      0.0231      0.0090
     37.9113   -118.0042     16.9482      0.7520      0.8051      0.0003      0.0097      0.0097     89.8923     67.4691    -88.0056      0.0027      0.0332      0.0087
          
     37.9848   -117.9932      0.3492      0.8400      0.8049     -0.0069      0.1003      0.1006     88.4556     60.1827    -93.9481     -0.0677      0.1092     -0.1681
     37.9812   -117.9933      1.0486      0.8401      0.8049     -0.0052      0.0982      0.0983     88.4755     60.4901    -93.0602     -0.0526     -0.0601     -0.1742
     37.9777   -117.9933      1.7501      0.8403      0.8049     -0.0004      0.1038      0.1038     88.4998     60.7983    -90.2440      0.0172     -0.0030     -0.1424
     37.9742   -117.9934      2.4537      0.8404      0.8049      0.0044      0.1151      0.1152     88.5284     61.1073    -87.8351      0.0747      0.1807     -0.1037
     37.9707   -117.9935      3.1595      0.8406      0.8049      0.0078      0.1275      0.1277     88.5616     61.4171    -86.4766      0.1131      0.4138     -0.0709
     37.9672   -117.9936      3.8673      0.8407      0.8050      0.0093      0.1340      0.1343     88.5992     61.7277    -86.0133      0.1170      0.5176     -0.0457
     37.9638   -117.9937      4.5773      0.8408      0.8050      0.0097      0.1340      0.1344     88.6413     62.0392    -85.8764      0.1200      0.5580     -0.0270
     37.9604   -117.9938      5.2893      0.8409      0.8050      0.0089      0.1264      0.1267     88.6881     62.3514    -85.9784      0.1027      0.4600     -0.0135
     37.9571   -117.9939      6.0033      0.8411      0.8050      0.0081      0.1153      0.1156     88.7395     62.6645    -85.9901      0.0975      0.3745     -0.0039
     37.9538   -117.9940      6.7194      0.8412      0.8050      0.0070      0.1014      0.1017     88.7956     62.9784    -86.0579      0.0783      0.2392      0.0027
     37.9505   -117.9941      7.4375      0.8413      0.8050      0.0063      0.0884      0.0886     88.8565     63.2931    -85.9485      0.0739      0.1716      0.0071
     37.9473   -117.9942      8.1575      0.8414      0.8050      0.0054      0.0757      0.0759     88.9221     63.6086    -85.9495      0.0571      0.0869      0.0099
     37.9441   -117.9943      8.8796      0.8415      0.8050      0.0048      0.0651      0.0652     88.9926     63.9249    -85.8213      0.0527      0.0587      0.0115
     37.9409   -117.9944      9.6036      0.8416      0.8050      0.0040      0.0553      0.0554     89.0680     64.2421    -85.8686      0.0386      0.0144      0.0123
     37.9378   -117.9944     10.3296      0.8417      0.8050      0.0035      0.0473      0.0474     89.1484     64.5601    -85.7933      0.0348      0.0044      0.0125
     37.9347   -117.9945     11.0575      0.8418      0.8050      0.0029      0.0402      0.0403     89.2337     64.8790    -85.8858      0.0249     -0.0171      0.0124
     37.9316   -117.9946     11.7874      0.8419      0.8051      0.0025      0.0344      0.0345     89.3241     65.1987    -85.8420      0.0224     -0.0194      0.0121
     37.9286   -117.9947     12.5191      0.8420      0.8051      0.0021      0.0294      0.0295     89.4196     65.5192    -85.9446      0.0160     -0.0261      0.0116
     37.9256   -117.9948     13.2527      0.8421      0.8051      0.0018      0.0252      0.0253     89.5202     65.8406    -85.9260      0.0143     -0.0245      0.0110
     37.9227   -117.9948     13.9882      0.8422      0.8051      0.0015      0.0216      0.0217     89.6259     66.1628    -86.0405      0.0103     -0.0221      0.0104
     37.9198   -117.9949     14.7255      0.8423      0.8051      0.0013      0.0186      0.0186     89.7369     66.4859    -86.0724      0.0087     -0.0177      0.0099
     37.9169   -117.9950     15.4646      0.8423      0.8051      0.0011      0.0158      0.0159     89.8532     66.8099    -86.1961      0.0057     -0.0100      0.0093
     37.9141   -117.9951     16.2055      0.8424      0.8051      0.0009      0.0132      0.0133     89.9747     67.1347    -86.1299      0.0039     -0.0015      0.0088
     37.9113   -117.9952     16.9482      0.8425      0.8051      0.0008      0.0112      0.0113     90.1016     67.4604    -85.7285      0.0120      0.1007      0.0084
     37.9850   -117.9836      0.3494      0.8400      0.8053     -0.0095      0.1083      0.1087     88.4557     60.1796    -95.0000     -0.0863      0.2123     -0.2315
     37.9814   -117.9837      1.0491      0.8401      0.8053     -0.0077      0.1055      0.1058     88.4757     60.4816    -94.1727     -0.0806      0.0856     -0.1846
     37.9779   -117.9838      1.7509      0.8403      0.8054     -0.0031      0.1077      0.1078     88.5001     60.7844    -91.6621     -0.0337      0.0566     -0.1444
     37.9744   -117.9839      2.4549      0.8404      0.8054      0.0026      0.1171      0.1171     88.5289     61.0880    -88.7229      0.0329      0.2254     -0.1048
     37.9709   -117.9840      3.1609      0.8406      0.8054      0.0073      0.1272      0.1275     88.5622     61.3924    -86.6983      0.0787      0.4024     -0.0726
     37.9674   -117.9840      3.8689      0.8407      0.8054      0.0103      0.1339      0.1343     88.6000     61.6975    -85.6181      0.1060      0.5469     -0.0481
     37.9640   -117.9841      4.5790      0.8408      0.8054      0.0110      0.1329      0.1333     88.6424     62.0034    -85.2599      0.1016      0.5418     -0.0299
     37.9606   -117.9842      5.2912      0.8409      0.8054      0.0106      0.1260      0.1265     88.6894     62.3101    -85.1750      0.0941      0.4930     -0.0167
     37.9573   -117.9843      6.0053      0.8411      0.8054      0.0096      0.1139      0.1143     88.7410     62.6176    -85.2088      0.0751      0.3582     -0.0074
     37.9539   -117.9844      6.7215      0.8412      0.8054      0.0085      0.1008      0.1012     88.7974     62.9259    -85.1698      0.0666      0.2656     -0.0008
     37.9507   -117.9845      7.4396      0.8413      0.8055      0.0074      0.0870      0.0873     88.8585     63.2350    -85.1694      0.0512      0.1548      0.0036
     37.9474   -117.9846      8.1597      0.8414      0.8055      0.0064      0.0750      0.0753     88.9244     63.5448    -85.0969      0.0454      0.1056      0.0065
     37.9442   -117.9847      8.8817      0.8415      0.8055      0.0055      0.0639      0.0642     88.9952     63.8555    -85.1063      0.0337      0.0465      0.0083
     37.9410   -117.9848      9.6057      0.8416      0.8055      0.0047      0.0548      0.0550     89.0710     64.1669    -85.0576      0.0296      0.0280      0.0094
     37.9379   -117.9848     10.3316      0.8417      0.8055      0.0040      0.0466      0.0468     89.1516     64.4792    -85.0988      0.0214     -0.0014      0.0099
     37.9348   -117.9849     11.0594      0.8418      0.8055      0.0034      0.0399      0.0400     89.2373     64.7922    -85.0718      0.0190     -0.0076      0.0101
     37.9317   -117.9850     11.7891      0.8419      0.8055      0.0029      0.0340      0.0341     89.3280     65.1061    -85.1239      0.0139     -0.0199      0.0100
     37.9287   -117.9851     12.5207      0.8420      0.8055      0.0025      0.0292      0.0293     89.4238     65.4208    -85.1086      0.0124     -0.0204      0.0098
     37.9257   -117.9852     13.2541      0.8421      0.8055      0.0021      0.0250      0.0251     89.5247     65.7363    -85.1674      0.0094     -0.0224      0.0095
     37.9227   -117.9852     13.9894      0.8422      0.8055      0.0018      0.0214      0.0215     89.6309     66.0527    -85.1764      0.0081     -0.0207      0.0091
     37.9198   -117.9853     14.7264      0.8423      0.8055      0.0015      0.0183      0.0184     89.7422     66.3699    -85.2483      0.0058     -0.0183      0.0087
     37.9169   -117.9854     15.4653      0.8423      0.8055      0.0013      0.0155      0.0156     89.8589     66.6879    -85.2491      0.0043     -0.0166      0.0083
     37.9141   -117.9855     16.2060      0.8424      0.8055      0.0011      0.0132      0.0133     89.9808     67.0068    -85.2028      0.0038     -0.0013      0.0080
     37.9113   -117.9856     16.9484      0.8425      0.8055      0.0010      0.0118      0.0119     90.1081     67.3265    -85.0397      0.0122      0.1206      0.0078
     37.9852   -117.9740      0.3496      0.8400      0.8058     -0.0096      0.1094      0.1098     88.4557     60.1766    -95.0000     -0.0306      0.2525     -0.2581
     37.9816   -117.9741      1.0496      0.8401      0.8058     -0.0088      0.1055      0.1059     88.4759     60.4732    -94.7613     -0.0921      0.1123     -0.1857
     37.9781   -117.9742      1.7518      0.8403      0.8058     -0.0048      0.1065      0.1066     88.5004     60.7706    -92.6026     -0.0640      0.0812     -0.1412
     37.9746   -117.9743      2.4560      0.8404      0.8058      0.0010      0.1137      0.1137     88.5294     61.0687    -89.4819      0.0008      0.1993     -0.1017
     37.9711   -117.9744      3.1622      0.8405      0.8058      0.0067      0.1233      0.1235     88.5629     61.3676    -86.8892      0.0659      0.3942     -0.0704
     37.9676   -117.9745      3.8705      0.8407      0.8058      0.0102      0.1289      0.1293     88.6009     61.6672    -85.4742      0.0937      0.4972     -0.0468
     37.9642   -117.9746      4.5808      0.8408      0.8059      0.0113      0.1288      0.1293     88.6434     61.9676    -85.0000      0.0901      0.5405     -0.0294
     37.9608   -117.9746      5.2931      0.8409      0.8059      0.0106      0.1216      0.1221     88.6907     62.2688    -85.0000      0.0652      0.4579     -0.0168
     37.9574   -117.9747      6.0073      0.8410      0.8059      0.0097      0.1109      0.1113     88.7425     62.5706    -85.0000      0.0524      0.3719     -0.0078
     37.9541   -117.9748      6.7235      0.8412      0.8059      0.0085      0.0975      0.0978     88.7992     62.8733    -85.0000      0.0380      0.2431     -0.0016
     37.9508   -117.9749      7.4417      0.8413      0.8059      0.0074      0.0848      0.0851     88.8606     63.1767    -85.0000      0.0291      0.1708      0.0027
     37.9476   -117.9750      8.1618      0.8414      0.8059      0.0064      0.0726      0.0729     88.9268     63.4809    -85.0000      0.0195      0.0903      0.0055
     37.9443   -117.9751      8.8839      0.8415      0.8059      0.0055      0.0624      0.0626     88.9979     63.7858    -85.0000      0.0148      0.0599      0.0072
     37.9412   -117.9752      9.6078      0.8416      0.8059      0.0046      0.0531      0.0533     89.0739     64.0915    -85.0000      0.0096      0.0198      0.0083
     37.9380   -117.9752     10.3337      0.8417      0.8059      0.0040      0.0456      0.0458     89.1549     64.3980    -85.0000      0.0076      0.0092      0.0089
     37.9349   -117.9753     11.0614      0.8418      0.8059      0.0034      0.0389      0.0390     89.2408     64.7053    -85.0000      0.0050     -0.0096      0.0091
     37.9318   -117.9754     11.7909      0.8419      0.8059      0.0029      0.0334      0.0335     89.3319     65.0133    -85.0000      0.0041     -0.0122      0.0091
     37.9288   -117.9755     12.5223      0.8420      0.8060      0.0025      0.0286      0.0287     89.4280     65.3222    -85.0000      0.0029     -0.0187      0.0090
     37.9258   -117.9756     13.2556      0.8421      0.8060      0.0022      0.0246      0.0247     89.5293     65.6318    -85.0000      0.0024     -0.0182      0.0087
     37.9228   -117.9756     13.9906      0.8422      0.8060      0.0018      0.0211      0.0212     89.6358     65.9423    -85.0000      0.0018     -0.0187      0.0084
     37.9198   -117.9757     14.7275      0.8423      0.8060      0.0016      0.0180      0.0181     89.7476     66.2535    -85.0000      0.0013     -0.0184      0.0081
     37.9169   -117.9758     15.4661      0.8423      0.8060      0.0013      0.0154      0.0155     89.8646     66.5656    -85.0000      0.0009     -0.0138      0.0078
     37.9141   -117.9759     16.2064      0.8424      0.8060      0.0012      0.0133      0.0133     89.9869     66.8785    -85.0000      0.0016      0.0040      0.0075
     37.9113   -117.9760     16.9485      0.8425      0.8060      0.0011      0.0120      0.0121     90.1146     67.1923    -85.0000      0.0092      0.1289      0.0074
     37.9854   -117.9644      0.3498      0.8400      0.8062     -0.0090      0.1026      0.1030     88.4557     60.1735    -95.0000      0.0161      0.2350     -0.2457
     37.9818   -117.9645      1.0502      0.8401      0.8062     -0.0087      0.0993      0.0997     88.4759     60.4648    -95.0000     -0.0916      0.1146     -0.1775
     37.9783   -117.9646      1.7526      0.8403      0.8063     -0.0059      0.0997      0.0999     88.5004     60.7568    -93.3600     -0.0926      0.0593     -0.1343
     37.9748   -117.9647      2.4571      0.8404      0.8063     -0.0003      0.1067      0.1067     88.5294     61.0494    -90.1490     -0.0281      0.1878     -0.0964
     37.9713   -117.9648      3.1636      0.8405      0.8063      0.0056      0.1151      0.1153     88.5629     61.3428    -87.2252      0.0405      0.3356     -0.0667
     37.9678   -117.9649      3.8721      0.8407      0.8063      0.0095      0.1211      0.1214     88.6008     61.6370    -85.5077      0.0784      0.4675     -0.0445
     37.9644   -117.9650      4.5826      0.8408      0.8063      0.0105      0.1205      0.1209     88.6434     61.9318    -85.0000      0.0660      0.4739     -0.0281
     37.9610   -117.9651      5.2950      0.8409      0.8063      0.0100      0.1148      0.1152     88.6905     62.2274    -85.0000      0.0443      0.4411     -0.0162
     37.9576   -117.9651      6.0093      0.8410      0.8063      0.0091      0.1042      0.1046     88.7424     62.5237    -85.0000      0.0284      0.3259     -0.0077
     37.9543   -117.9652      6.7257      0.8412      0.8063      0.0081      0.0925      0.0929     88.7989     62.8207    -85.0000      0.0188      0.2442     -0.0019
     37.9510   -117.9653      7.4439      0.8413      0.8064      0.0070      0.0801      0.0804     88.8602     63.1185    -85.0000      0.0092      0.1436      0.0021
     37.9477   -117.9654      8.1640      0.8414      0.8064      0.0061      0.0693      0.0695     88.9263     63.4169    -85.0000      0.0049      0.0982      0.0048
     37.9445   -117.9655      8.8860      0.8415      0.8064      0.0052      0.0592      0.0594     88.9973     63.7162    -85.0000      0.0002      0.0443      0.0065
     37.9413   -117.9656      9.6099      0.8416      0.8064      0.0045      0.0510      0.0512     89.0732     64.0162    -85.0000     -0.0010      0.0281      0.0075
     37.9381   -117.9656     10.3357      0.8417      0.8064      0.0038      0.0436      0.0437     89.1540     64.3169    -85.0000     -0.0029      0.0020      0.0081
     37.9350   -117.9657     11.0633      0.8418      0.8064      0.0033      0.0375      0.0377     89.2398     64.6184    -85.0000     -0.0029     -0.0028      0.0084
     37.9319   -117.9658     11.7927      0.8419      0.8064      0.0028      0.0322      0.0323     89.3306     64.9206    -85.0000     -0.0035     -0.0139      0.0084
     37.9288   -117.9659     12.5240      0.8420      0.8064      0.0024      0.0278      0.0279     89.4266     65.2236    -85.0000     -0.0032     -0.0141      0.0083
     37.9258   -117.9660     13.2570      0.8421      0.8064      0.0021      0.0239      0.0240     89.5276     65.5274    -85.0000     -0.0033     -0.0169      0.0081
     37.9228   -117.9660     13.9919      0.8422      0.8064      0.0018      0.0206      0.0207     89.6339     65.8320    -85.0000     -0.0030     -0.0163      0.0079
     37.9199   -117.9661     14.7285      0.8423      0.8064      0.0015      0.0177      0.0177     89.7453     66.1373    -85.0000     -0.0027     -0.0150      0.0076
     37.9170   -117.9662     15.4668      0.8423      0.8064      0.0013      0.0152      0.0152     89.8620     66.4435    -85.0000     -0.0020     -0.0103      0.0073
     37.9141   -117.9663     16.2069      0.8424      0.8064      0.0012      0.0132      0.0133     89.9840     66.7504    -85.0000     -0.0003      0.0106      0.0071
     37.9112   -117.9663     16.9487      0.8425      0.8064      0.0010      0.0118      0.0119     90.1113     67.0581    -85.0000      0.0064      0.1252      0.0070
     37.9856   -117.9548      0.3500      0.8400      0.8067     -0.0077      0.0878      0.0881     88.4557     60.1705    -95.0000      0.0584      0.1557     -0.1985
     37.9820   -117.9549      1.0507      0.8401      0.8067     -0.0076      0.0864      0.0868     88.4759     60.4564    -95.0000     -0.0773      0.0586     -0.1622
     37.9785   -117.9550      1.7535      0.8403      0.8067     -0.0061      0.0892      0.0894     88.5005     60.7429    -93.9074     -0.1118      0.0540     -0.1246
     37.9749   -117.9551      2.4583      0.8404      0.8067     -0.0014      0.0966      0.0966     88.5294     61.0302    -90.8234     -0.0605      0.1588     -0.0897
     37.9714   -117.9552      3.1650      0.8405      0.8067      0.0044      0.1054      0.1055     88.5628     61.3181    -87.6237      0.0149      0.3221     -0.0620
     37.9680   -117.9553      3.8737      0.8407      0.8067      0.0084      0.1103      0.1106     88.6008     61.6068    -85.6522      0.0563      0.3995     -0.0414
     37.9645   -117.9554      4.5843      0.8408      0.8068      0.0097      0.1105      0.1109     88.6433     61.8961    -85.0000      0.0531      0.4367     -0.0262
     37.9611   -117.9555      5.2969      0.8409      0.8068      0.0092      0.1046      0.1050     88.6904     62.1861    -85.0000      0.0272      0.3665     -0.0153
     37.9578   -117.9555      6.0114      0.8410      0.8068      0.0084      0.0959      0.0963     88.7422     62.4768    -85.0000      0.0149      0.3016     -0.0074
     37.9544   -117.9556      6.7278      0.8412      0.8068      0.0074      0.0848      0.0851     88.7986     62.7683    -85.0000      0.0030      0.1944     -0.0020
     37.9511   -117.9557      7.4460      0.8413      0.8068      0.0065      0.0743      0.0746     88.8598     63.0604    -85.0000     -0.0024      0.1393      0.0017
     37.9478   -117.9558      8.1662      0.8414      0.8068      0.0056      0.0640      0.0642     88.9258     63.3532    -85.0000     -0.0078      0.0706      0.0042
     37.9446   -117.9559      8.8882      0.8415      0.8068      0.0048      0.0554      0.0556     88.9967     63.6468    -85.0000     -0.0085      0.0483      0.0058
     37.9414   -117.9560      9.6120      0.8416      0.8068      0.0042      0.0475      0.0477     89.0724     63.9410    -85.0000     -0.0101      0.0135      0.0068
     37.9382   -117.9561     10.3377      0.8417      0.8068      0.0036      0.0411      0.0413     89.1531     64.2360    -85.0000     -0.0093      0.0070      0.0074
     37.9351   -117.9561     11.0652      0.8418      0.8068      0.0031      0.0353      0.0355     89.2387     64.5317    -85.0000     -0.0094     -0.0096      0.0077
     37.9320   -117.9562     11.7945      0.8419      0.8068      0.0027      0.0306      0.0307     89.3293     64.8282    -85.0000     -0.0084     -0.0104      0.0077
     37.9289   -117.9563     12.5256      0.8420      0.8069      0.0023      0.0264      0.0266     89.4250     65.1254    -85.0000     -0.0080     -0.0161      0.0077
     37.9259   -117.9564     13.2585      0.8421      0.8069      0.0020      0.0230      0.0230     89.5258     65.4233    -85.0000     -0.0071     -0.0145      0.0075
     37.9229   -117.9564     13.9931      0.8422      0.8069      0.0017      0.0199      0.0199     89.6318     65.7220    -85.0000     -0.0063     -0.0141      0.0073
     37.9199   -117.9565     14.7295      0.8422      0.8069      0.0015      0.0172      0.0172     89.7429     66.0215    -85.0000     -0.0051     -0.0115      0.0071
     37.9170   -117.9566     15.4676      0.8423      0.8069      0.0013      0.0148      0.0149     89.8593     66.3217    -85.0000     -0.0036     -0.0053      0.0069
     37.9141   -117.9567     16.2074      0.8424      0.8069      0.0011      0.0128      0.0128     89.9810     66.6227    -85.0000     -0.0019      0.0109      0.0067
     37.9112   -117.9567     16.9488      0.8425      0.8069      0.0010      0.0112      0.0112     90.1079     66.9245    -85.0000      0.0036      0.1140      0.0066
     37.9858   -117.9453      0.3502      0.8400      0.8071     -0.0055      0.0658      0.0661     88.4557     60.1675    -94.7610      0.1046      0.0111     -0.1205
     37.9822   -117.9453      1.0512      0.8401      0.8071     -0.0060      0.0686      0.0689     88.4759     60.4480    -95.0000     -0.0655     -0.0178     -0.1410
     37.9787   -117.9454      1.7543      0.8403      0.8072     -0.0057      0.0753      0.0755     88.5005     60.7292    -94.2977     -0.1202      0.0299     -0.1127
     37.9751   -117.9455      2.4594      0.8404      0.8072     -0.0019      0.0854      0.0854     88.5294     61.0110    -91.2449     -0.0788      0.1818     -0.0816
     37.9716   -117.9456      3.1664      0.8405      0.8072      0.0034      0.0940      0.0941     88.5628     61.2935    -87.9376     -0.0072      0.2955     -0.0566
     37.9682   -117.9457      3.8753      0.8407      0.8072      0.0073      0.0992      0.0994     88.6007     61.5767    -85.7643      0.0410      0.3836     -0.0378
     37.9647   -117.9458      4.5861      0.8408      0.8072      0.0086      0.0983      0.0986     88.6432     61.8605    -85.0000      0.0383      0.3589     -0.0240
     37.9613   -117.9459      5.2988      0.8409      0.8072      0.0082      0.0936      0.0939     88.6903     62.1450    -85.0000      0.0159      0.3263     -0.0141
     37.9579   -117.9460      6.0134      0.8410      0.8072      0.0074      0.0851      0.0854     88.7419     62.4302    -85.0000      0.0005      0.2266     -0.0070
     37.9546   -117.9460      6.7299      0.8411      0.8072      0.0067      0.0761      0.0764     88.7983     62.7160    -85.0000     -0.0071      0.1727     -0.0020
     37.9513   -117.9461      7.4482      0.8413      0.8073      0.0058      0.0665      0.0667     88.8594     63.0025    -85.0000     -0.0143      0.0939      0.0014
     37.9480   -117.9462      8.1684      0.8414      0.8073      0.0051      0.0582      0.0584     88.9253     63.2897    -85.0000     -0.0155      0.0682      0.0037
     37.9447   -117.9463      8.8904      0.8415      0.8073      0.0044      0.0503      0.0504     88.9960     63.5776    -85.0000     -0.0173      0.0245      0.0052
     37.9415   -117.9464      9.6142      0.8416      0.8073      0.0038      0.0438      0.0440     89.0716     63.8662    -85.0000     -0.0158      0.0171      0.0061
     37.9383   -117.9465     10.3398      0.8417      0.8073      0.0033      0.0378      0.0379     89.1521     64.1554    -85.0000     -0.0156     -0.0054      0.0067
     37.9352   -117.9465     11.0672      0.8418      0.8073      0.0029      0.0329      0.0330     89.2375     64.4454    -85.0000     -0.0137     -0.0063      0.0070
     37.9321   -117.9466     11.7964      0.8419      0.8073      0.0025      0.0285      0.0286     89.3280     64.7361    -85.0000     -0.0129     -0.0163      0.0071
     37.9290   -117.9467     12.5273      0.8420      0.8073      0.0022      0.0249      0.0250     89.4234     65.0275    -85.0000     -0.0113     -0.0144      0.0071
     37.9259   -117.9468     13.2600      0.8421      0.8073      0.0019      0.0217      0.0218     89.5240     65.3196    -85.0000     -0.0101     -0.0155      0.0070
     37.9229   -117.9468     13.9944      0.8422      0.8073      0.0017      0.0190      0.0190     89.6297     65.6125    -85.0000     -0.0086     -0.0112      0.0068
     37.9199   -117.9469     14.7305      0.8422      0.8073      0.0014      0.0165      0.0166     89.7405     65.9061    -85.0000     -0.0070     -0.0066      0.0066
     37.9170   -117.9470     15.4683      0.8423      0.8073      0.0012      0.0142      0.0143     89.8566     66.2004    -85.0000     -0.0053     -0.0020      0.0064
     37.9141   -117.9471     16.2078      0.8424      0.8073      0.0011      0.0121      0.0121     89.9779     66.4955    -85.0000     -0.0034      0.0095      0.0063
     37.9112   -117.9471     16.9490      0.8425      0.8073      0.0009      0.0101      0.0101     90.1045     66.7913    -85.0000      0.0001      0.0896      0.0062
     37.9860   -117.9357      0.3503      0.8400      0.8076     -0.0025      0.0387      0.0388     88.4558     60.1645    -93.7008      0.1596     -0.1975     -0.0127
     37.9824   -117.9358      1.0518      0.8401      0.8076     -0.0041      0.0464      0.0466     88.4761     60.4396    -95.0000     -0.0409     -0.1631     -0.1135
     37.9789   -117.9358      1.7552      0.8403      0.8076     -0.0045      0.0593      0.0594     88.5008     60.7154    -94.2972     -0.1031      0.0138     -0.0980
     37.9753   -117.9359      2.4605      0.8404      0.8076     -0.0015      0.0721      0.0721     88.5299     60.9918    -91.1979     -0.0739      0.1778     -0.0722
     37.9718   -117.9360      3.1678      0.8405      0.8076      0.0030      0.0823      0.0824     88.5635     61.2689    -87.8861     -0.0101      0.3181     -0.0503
     37.9683   -117.9361      3.8769      0.8407      0.8077      0.0064      0.0864      0.0866     88.6016     61.5466    -85.7399      0.0286      0.3341     -0.0337
     37.9649   -117.9362      4.5879      0.8408      0.8077      0.0075      0.0861      0.0864     88.6443     61.8249    -85.0000      0.0269      0.3324     -0.0215
     37.9615   -117.9363      5.3008      0.8409      0.8077      0.0071      0.0808      0.0811     88.6915     62.1038    -85.0000      0.0022      0.2428     -0.0127
     37.9581   -117.9364      6.0155      0.8410      0.8077      0.0065      0.0742      0.0745     88.7435     62.3835    -85.0000     -0.0083      0.1958     -0.0064
     37.9547   -117.9365      6.7320      0.8411      0.8077      0.0058      0.0659      0.0662     88.8001     62.6637    -85.0000     -0.0183      0.1090     -0.0020
     37.9514   -117.9365      7.4504      0.8413      0.8077      0.0051      0.0587      0.0589     88.8615     62.9446    -85.0000     -0.0207      0.0852      0.0011
     37.9481   -117.9366      8.1706      0.8414      0.8077      0.0045      0.0512      0.0514     88.9276     63.2262    -85.0000     -0.0236      0.0334      0.0032
     37.9449   -117.9367      8.8925      0.8415      0.8077      0.0040      0.0452      0.0453     88.9986     63.5084    -85.0000     -0.0218      0.0286      0.0046
     37.9416   -117.9368      9.6163      0.8416      0.8077      0.0034      0.0392      0.0394     89.0745     63.7912    -85.0000     -0.0216     -0.0008      0.0055
     37.9385   -117.9369     10.3419      0.8417      0.8077      0.0030      0.0345      0.0346     89.1553     64.0748    -85.0000     -0.0189      0.0001      0.0060
     37.9353   -117.9369     11.0692      0.8418      0.8077      0.0026      0.0300      0.0301     89.2410     64.3590    -85.0000     -0.0178     -0.0155      0.0063
     37.9322   -117.9370     11.7982      0.8419      0.8078      0.0023      0.0263      0.0264     89.3318     64.6439    -85.0000     -0.0155     -0.0129      0.0065
     37.9291   -117.9371     12.5290      0.8420      0.8078      0.0020      0.0230      0.0231     89.4276     64.9296    -85.0000     -0.0141     -0.0181      0.0065
     37.9260   -117.9372     13.2615      0.8421      0.8078      0.0018      0.0203      0.0204     89.5285     65.2159    -85.0000     -0.0122     -0.0136      0.0064
     37.9230   -117.9372     13.9957      0.8422      0.8078      0.0016      0.0179      0.0179     89.6346     65.5029    -85.0000     -0.0105     -0.0098      0.0063
     37.9200   -117.9373     14.7315      0.8422      0.8078      0.0014      0.0157      0.0158     89.7458     65.7906    -85.0000     -0.0086     -0.0025      0.0061
     37.9170   -117.9374     15.4691      0.8423      0.8078      0.0012      0.0136      0.0137     89.8622     66.0790    -85.0000     -0.0069      0.0047      0.0060
     37.9141   -117.9375     16.2083      0.8424      0.8078      0.0010      0.0112      0.0112     89.9838     66.3682    -85.0000     -0.0055      0.0070      0.0059
     37.9112   -117.9375     16.9492      0.8425      0.8078      0.0008      0.0086      0.0087     90.1108     66.6581    -85.0000     -0.0037      0.0540      0.0058
     37.9862   -117.9266      0.3505      0.7560      0.8080      0.0001      0.0138      0.0138     88.4561     60.1616    -89.4447      0.2045     -0.3985      0.0961
     37.9826   -117.9267      1.0523      0.7561      0.8080     -0.0022      0.0256      0.0257     88.4765     60.4317    -95.0000     -0.0025     -0.2950     -0.0816
     37.9791   -117.9267      1.7560      0.7562      0.8081     -0.0029      0.0421      0.0422     88.5012     60.7023    -93.9622     -0.0664     -0.0599     -0.0812
     37.9755   -117.9268      2.4616      0.7564      0.8081     -0.0006      0.0580      0.0580     88.5304     60.9736    -90.5638     -0.0468      0.1675     -0.0618
     37.9720   -117.9269      3.1691      0.7565      0.8081      0.0030      0.0683      0.0684     88.5641     61.2454    -87.4458     -0.0028      0.2646     -0.0437
     37.9685   -117.9270      3.8784      0.7566      0.8081      0.0057      0.0735      0.0737     88.6023     61.5179    -85.5313      0.0242      0.3118     -0.0295
     37.9651   -117.9271      4.5896      0.7567      0.8081      0.0063      0.0725      0.0727     88.6450     61.7910    -85.0000      0.0100      0.2476     -0.0190
     37.9616   -117.9272      5.3026      0.7568      0.8081      0.0060      0.0688      0.0691     88.6924     62.0647    -85.0000     -0.0069      0.2075     -0.0113
     37.9583   -117.9273      6.0174      0.7569      0.8081      0.0055      0.0625      0.0627     88.7444     62.3390    -85.0000     -0.0200      0.1163     -0.0058
     37.9549   -117.9273      6.7340      0.7570      0.8081      0.0050      0.0566      0.0569     88.8011     62.6140    -85.0000     -0.0241      0.0908     -0.0019
     37.9516   -117.9274      7.4525      0.7571      0.8081      0.0044      0.0501      0.0503     88.8626     62.8895    -85.0000     -0.0287      0.0347      0.0008
     37.9483   -117.9275      8.1727      0.7572      0.8081      0.0039      0.0449      0.0451     88.9289     63.1657    -85.0000     -0.0270      0.0332      0.0027
     37.9450   -117.9276      8.8946      0.7573      0.8082      0.0035      0.0395      0.0396     88.9999     63.4425    -85.0000     -0.0272      0.0012      0.0040
     37.9418   -117.9277      9.6184      0.7574      0.8082      0.0031      0.0351      0.0353     89.0759     63.7200    -85.0000     -0.0239      0.0048      0.0049
     37.9386   -117.9277     10.3438      0.7575      0.8082      0.0027      0.0308      0.0309     89.1568     63.9981    -85.0000     -0.0227     -0.0144      0.0054
     37.9354   -117.9278     11.0710      0.7576      0.8082      0.0024      0.0273      0.0274     89.2426     64.2769    -85.0000     -0.0197     -0.0107      0.0057
     37.9322   -117.9279     11.8000      0.7577      0.8082      0.0021      0.0239      0.0240     89.3334     64.5563    -85.0000     -0.0181     -0.0197      0.0059
     37.9291   -117.9280     12.5306      0.7578      0.8082      0.0019      0.0212      0.0213     89.4293     64.8364    -85.0000     -0.0156     -0.0156      0.0059
     37.9261   -117.9280     13.2629      0.7578      0.8082      0.0016      0.0187      0.0188     89.5303     65.1172    -85.0000     -0.0138     -0.0156      0.0059
     37.9230   -117.9281     13.9969      0.7579      0.8082      0.0015      0.0167      0.0167     89.6363     65.3987    -85.0000     -0.0118     -0.0092      0.0058
     37.9200   -117.9282     14.7325      0.7580      0.8082      0.0013      0.0148      0.0148     89.7476     65.6808    -85.0000     -0.0099     -0.0019      0.0057
     37.9170   -117.9283     15.4698      0.7581      0.8082      0.0011      0.0129      0.0129     89.8641     65.9637    -85.0000     -0.0085      0.0072      0.0056
     37.9141   -117.9283     16.2088      0.7582      0.8082      0.0009      0.0107      0.0108     89.9857     66.2472    -85.0000     -0.0076      0.0189      0.0055
     37.9112   -117.9284     16.9493      0.7583      0.8082      0.0006      0.0072      0.0072     90.1127     66.5315    -85.0000     -0.0087      0.0096      0.0055
     37.9864   -117.9175      0.3507      0.8400      0.8085      0.0000      0.0000      0.0000     88.4558     60.1587      0.0000      0.1630     -0.4114      0.1571
     37.9828   -117.9176      1.0528      0.8401      0.8085     -0.0009      0.0100      0.0100     88.4761     60.4237    -95.0000      0.0448     -0.3783     -0.0483
     37.9792   -117.9176      1.7569      0.8403      0.8085     -0.0014      0.0269      0.0269     88.5007     60.6893    -93.0131     -0.0167     -0.1216     -0.0619
     37.9757   -117.9177      2.4627      0.8404      0.8085      0.0003      0.0426      0.0426     88.5298     60.9554    -89.5758     -0.0147      0.0825     -0.0500
     37.9722   -117.9178      3.1704      0.8405      0.8085      0.0031      0.0541      0.0542     88.5633     61.2221    -86.7562      0.0103      0.2207     -0.0362
     37.9687   -117.9179      3.8800      0.8407      0.8085      0.0049      0.0589      0.0591     88.6014     61.4894    -85.2301      0.0175      0.2249     -0.0248
     37.9652   -117.9180      4.5913      0.8408      0.8085      0.0052      0.0596      0.0598     88.6439     61.7572    -85.0000     -0.0005      0.2122     -0.0161
     37.9618   -117.9181      5.3045      0.8409      0.8085      0.0049      0.0562      0.0564     88.6911     62.0257    -85.0000     -0.0173      0.1291     -0.0096
     37.9584   -117.9181      6.0194      0.8410      0.8086      0.0046      0.0522      0.0524     88.7428     62.2948    -85.0000     -0.0240      0.0975     -0.0049
     37.9550   -117.9182      6.7361      0.8411      0.8086      0.0041      0.0470      0.0471     88.7993     62.5644    -85.0000     -0.0301      0.0366     -0.0016
     37.9517   -117.9183      7.4546      0.8412      0.8086      0.0037      0.0428      0.0430     88.8604     62.8347    -85.0000     -0.0296      0.0341      0.0008
     37.9484   -117.9184      8.1748      0.8414      0.8086      0.0033      0.0382      0.0384     88.9263     63.1055    -85.0000     -0.0303      0.0025      0.0025
     37.9451   -117.9185      8.8967      0.8415      0.8086      0.0030      0.0346      0.0348     88.9970     63.3770    -85.0000     -0.0272      0.0092      0.0037
     37.9419   -117.9185      9.6204      0.8416      0.8086      0.0027      0.0307      0.0308     89.0725     63.6491    -85.0000     -0.0260     -0.0108      0.0044
     37.9387   -117.9186     10.3458      0.8417      0.8086      0.0024      0.0276      0.0277     89.1529     63.9218    -85.0000     -0.0228     -0.0058      0.0050
     37.9355   -117.9187     11.0729      0.8418      0.8086      0.0021      0.0244      0.0245     89.2383     64.1951    -85.0000     -0.0212     -0.0175      0.0053
     37.9323   -117.9188     11.8017      0.8419      0.8086      0.0019      0.0218      0.0219     89.3286     64.4691    -85.0000     -0.0184     -0.0134      0.0054
     37.9292   -117.9189     12.5322      0.8420      0.8086      0.0017      0.0194      0.0194     89.4239     64.7437    -85.0000     -0.0166     -0.0170      0.0055
     37.9261   -117.9189     13.2643      0.8421      0.8086      0.0015      0.0173      0.0174     89.5242     65.0190    -85.0000     -0.0143     -0.0120      0.0054
     37.9231   -117.9190     13.9981      0.8421      0.8086      0.0014      0.0155      0.0155     89.6296     65.2949    -85.0000     -0.0125     -0.0085      0.0054
     37.9200   -117.9191     14.7335      0.8422      0.8086      0.0012      0.0137      0.0138     89.7402     65.5716    -85.0000     -0.0110     -0.0030      0.0053
     37.9171   -117.9191     15.4706      0.8423      0.8086      0.0010      0.0119      0.0120     89.8559     65.8488    -85.0000     -0.0103      0.0010      0.0052
     37.9141   -117.9192     16.2092      0.8424      0.8086      0.0009      0.0099      0.0099     89.9768     66.1268    -85.0000     -0.0105      0.0023      0.0052
     37.9112   -117.9193     16.9495      0.8425      0.8086      0.0007      0.0082      0.0082     90.1030     66.4055    -85.0000     -0.0038      0.0680      0.0051
     37.9866   -117.9079      0.3509      0.8400      0.8089      0.0000      0.0000      0.0000     88.4558     60.1557      0.0000      0.1328     -0.2223      0.1392
     37.9830   -117.9080      1.0534      0.8401      0.8089     -0.0003      0.0036      0.0036     88.4763     60.4154    -95.0000      0.0617     -0.3121     -0.0183
     37.9794   -117.9081      1.7577      0.8402      0.8089     -0.0005      0.0151      0.0151     88.5011     60.6755    -92.0470      0.0155     -0.1763     -0.0411
     37.9759   -117.9081      2.4639      0.8404      0.8090      0.0007      0.0285      0.0285     88.5303     60.9363    -88.5486      0.0086      0.0102     -0.0369
     37.9724   -117.9082      3.1719      0.8405      0.8090      0.0026      0.0386      0.0387     88.5640     61.1975    -86.1133      0.0144      0.1116     -0.0281
     37.9689   -117.9083      3.8816      0.8406      0.8090      0.0039      0.0447      0.0448     88.6022     61.4594    -85.0000      0.0115      0.1643     -0.0198
     37.9654   -117.9084      4.5931      0.8408      0.8090      0.0040      0.0459      0.0460     88.6450     61.7218    -85.0000     -0.0108      0.1306     -0.0131
     37.9620   -117.9085      5.3064      0.8409      0.8090      0.0039      0.0448      0.0450     88.6923     61.9847    -85.0000     -0.0206      0.1074     -0.0079
     37.9586   -117.9086      6.0215      0.8410      0.8090      0.0037      0.0417      0.0419     88.7443     62.2482    -85.0000     -0.0284      0.0506     -0.0041
     37.9552   -117.9086      6.7382      0.8411      0.8090      0.0034      0.0389      0.0390     88.8010     62.5123    -85.0000     -0.0297      0.0398     -0.0013
     37.9519   -117.9087      7.4568      0.8412      0.8090      0.0031      0.0354      0.0356     88.8624     62.7770    -85.0000     -0.0311      0.0089      0.0007
     37.9485   -117.9088      8.1770      0.8413      0.8090      0.0029      0.0327      0.0328     88.9286     63.0422    -85.0000     -0.0287      0.0140      0.0022
     37.9453   -117.9089      8.8989      0.8415      0.8090      0.0026      0.0296      0.0297     88.9995     63.3081    -85.0000     -0.0278     -0.0036      0.0032
     37.9420   -117.9090      9.6226      0.8416      0.8091      0.0024      0.0270      0.0271     89.0754     63.5745    -85.0000     -0.0248      0.0013      0.0040
     37.9388   -117.9090     10.3479      0.8417      0.8091      0.0021      0.0242      0.0243     89.1561     63.8415    -85.0000     -0.0233     -0.0106      0.0044
     37.9356   -117.9091     11.0749      0.8418      0.8091      0.0019      0.0219      0.0220     89.2417     64.1091    -85.0000     -0.0206     -0.0076      0.0047
     37.9324   -117.9092     11.8036      0.8419      0.8091      0.0017      0.0196      0.0197     89.3324     64.3774    -85.0000     -0.0188     -0.0133      0.0049
     37.9293   -117.9093     12.5339      0.8420      0.8091      0.0015      0.0177      0.0177     89.4280     64.6463    -85.0000     -0.0164     -0.0101      0.0050
     37.9262   -117.9093     13.2658      0.8420      0.8091      0.0014      0.0159      0.0159     89.5287     64.9157    -85.0000     -0.0147     -0.0099      0.0050
     37.9231   -117.9094     13.9994      0.8421      0.8091      0.0012      0.0142      0.0143     89.6344     65.1859    -85.0000     -0.0130     -0.0062      0.0049
     37.9201   -117.9095     14.7346      0.8422      0.8091      0.0011      0.0127      0.0127     89.7453     65.4567    -85.0000     -0.0118     -0.0036      0.0049
     37.9171   -117.9095     15.4714      0.8423      0.8091      0.0010      0.0110      0.0111     89.8614     65.7281    -85.0000     -0.0112     -0.0022      0.0048
     37.9141   -117.9096     16.2097      0.8424      0.8091      0.0008      0.0095      0.0095     89.9827     66.0002    -85.0000     -0.0099      0.0058      0.0048
     37.9112   -117.9097     16.9496      0.8425      0.8091      0.0007      0.0084      0.0084     90.1092     66.2730    -85.0000     -0.0029      0.0845      0.0048
     37.9868   -117.8983      0.3511      0.8400      0.8094      0.0000      0.0000      0.0000     88.4559     60.1527      0.0000      0.1036     -0.1371      0.1207
     37.9832   -117.8984      1.0539      0.8401      0.8094     -0.0001      0.0008      0.0009     88.4764     60.4070    -95.0000      0.0596     -0.2341      0.0042
     37.9796   -117.8985      1.7586      0.8402      0.8094     -0.0003      0.0075      0.0075     88.5014     60.6618    -91.9819      0.0247     -0.1773     -0.0224
     37.9761   -117.8986      2.4651      0.8404      0.8094      0.0005      0.0165      0.0165     88.5308     60.9171    -88.1032      0.0140     -0.0758     -0.0244
     37.9726   -117.8986      3.1733      0.8405      0.8094      0.0018      0.0251      0.0251     88.5647     61.1729    -85.8019      0.0117      0.0246     -0.0201
     37.9691   -117.8987      3.8832      0.8406      0.8094      0.0027      0.0305      0.0307     88.6031     61.4293    -85.0000      0.0001      0.0587     -0.0148
     37.9656   -117.8988      4.5950      0.8408      0.8095      0.0029      0.0335      0.0336     88.6460     61.6862    -85.0000     -0.0140      0.0777     -0.0100
     37.9622   -117.8989      5.3084      0.8409      0.8095      0.0029      0.0336      0.0337     88.6936     61.9436    -85.0000     -0.0240      0.0487     -0.0062
     37.9587   -117.8990      6.0236      0.8410      0.8095      0.0029      0.0328      0.0330     88.7458     62.2016    -85.0000     -0.0275      0.0420     -0.0032
     37.9554   -117.8990      6.7404      0.8411      0.8095      0.0027      0.0310      0.0311     88.8028     62.4601    -85.0000     -0.0301      0.0136     -0.0009
     37.9520   -117.8991      7.4590      0.8412      0.8095      0.0026      0.0293      0.0294     88.8644     62.7191    -85.0000     -0.0287      0.0161      0.0008
     37.9487   -117.8992      8.1792      0.8413      0.8095      0.0024      0.0271      0.0273     88.9309     62.9787    -85.0000     -0.0282      0.0001      0.0020
     37.9454   -117.8993      8.9012      0.8414      0.8095      0.0022      0.0253      0.0254     89.0021     63.2389    -85.0000     -0.0257      0.0054      0.0029
     37.9421   -117.8994      9.6248      0.8416      0.8095      0.0020      0.0232      0.0232     89.0782     63.4997    -85.0000     -0.0244     -0.0056      0.0035
     37.9389   -117.8994     10.3500      0.8417      0.8095      0.0019      0.0213      0.0214     89.1593     63.7610    -85.0000     -0.0219     -0.0024      0.0040
     37.9357   -117.8995     11.0769      0.8418      0.8095      0.0017      0.0193      0.0194     89.2452     64.0229    -85.0000     -0.0203     -0.0092      0.0042
     37.9325   -117.8996     11.8055      0.8419      0.8095      0.0015      0.0176      0.0177     89.3362     64.2854    -85.0000     -0.0181     -0.0068      0.0044
     37.9294   -117.8997     12.5356      0.8419      0.8095      0.0014      0.0159      0.0160     89.4321     64.5485    -85.0000     -0.0164     -0.0089      0.0045
     37.9262   -117.8997     13.2674      0.8420      0.8095      0.0013      0.0144      0.0145     89.5332     64.8122    -85.0000     -0.0146     -0.0064      0.0045
     37.9232   -117.8998     14.0007      0.8421      0.8096      0.0011      0.0130      0.0131     89.6393     65.0765    -85.0000     -0.0133     -0.0053      0.0045
     37.9201   -117.8999     14.7356      0.8422      0.8096      0.0010      0.0117      0.0117     89.7505     65.3415    -85.0000     -0.0121     -0.0032      0.0045
     37.9171   -117.8999     15.4721      0.8423      0.8096      0.0009      0.0103      0.0104     89.8670     65.6071    -85.0000     -0.0109      0.0005      0.0044
     37.9141   -117.9000     16.2102      0.8424      0.8096      0.0008      0.0091      0.0092     89.9886     65.8733    -85.0000     -0.0090      0.0117      0.0044
     37.9111   -117.9001     16.9498      0.8425      0.8096      0.0007      0.0082      0.0083     90.1155     66.1402    -85.0000     -0.0029      0.0897      0.0044
     37.9870   -117.8887      0.3513      0.8400      0.8098      0.0000      0.0000      0.0000     88.4558     60.1497      0.0000      0.0819     -0.0897      0.1015
     37.9834   -117.8888      1.0545      0.8401      0.8099     -0.0000      0.0000      0.0000     88.4763     60.3986    -95.0000      0.0523     -0.1522      0.0188
     37.9798   -117.8889      1.7595      0.8402      0.8099     -0.0002      0.0028      0.0028     88.5011     60.6480    -94.5620      0.0235     -0.1607     -0.0075
     37.9763   -117.8890      2.4662      0.8404      0.8099      0.0002      0.0082      0.0082     88.5303     60.8980    -88.7614      0.0115     -0.1109     -0.0135
     37.9727   -117.8891      3.1747      0.8405      0.8099      0.0010      0.0139      0.0139     88.5639     61.1484    -85.9695      0.0053     -0.0618     -0.0128
     37.9692   -117.8891      3.8849      0.8406      0.8099      0.0017      0.0190      0.0191     88.6020     61.3993    -85.0013     -0.0026     -0.0105     -0.0101
     37.9658   -117.8892      4.5968      0.8408      0.8099      0.0019      0.0222      0.0223     88.6447     61.6507    -85.0000     -0.0157      0.0033     -0.0071
     37.9623   -117.8893      5.3104      0.8409      0.8099      0.0021      0.0241      0.0242     88.6919     61.9026    -85.0000     -0.0219      0.0204     -0.0044
     37.9589   -117.8894      6.0256      0.8410      0.8099      0.0021      0.0245      0.0245     88.7438     62.1551    -85.0000     -0.0264      0.0086     -0.0022
     37.9555   -117.8895      6.7426      0.8411      0.8099      0.0021      0.0243      0.0244     88.8002     62.4080    -85.0000     -0.0266      0.0142     -0.0005
     37.9522   -117.8895      7.4612      0.8412      0.8100      0.0020      0.0234      0.0235     88.8614     62.6615    -85.0000     -0.0270      0.0011      0.0009
     37.9488   -117.8896      8.1815      0.8413      0.8100      0.0020      0.0225      0.0225     88.9273     62.9156    -85.0000     -0.0252      0.0062      0.0019
     37.9455   -117.8897      8.9034      0.8414      0.8100      0.0018      0.0210      0.0211     88.9980     63.1701    -85.0000     -0.0244     -0.0036      0.0027
     37.9422   -117.8898      9.6270      0.8416      0.8100      0.0017      0.0198      0.0198     89.0735     63.4252    -85.0000     -0.0223     -0.0000      0.0032
     37.9390   -117.8898     10.3521      0.8417      0.8100      0.0016      0.0183      0.0183     89.1539     63.6809    -85.0000     -0.0211     -0.0066      0.0036
     37.9358   -117.8899     11.0789      0.8418      0.8100      0.0015      0.0169      0.0170     89.2391     63.9371    -85.0000     -0.0191     -0.0043      0.0038
     37.9326   -117.8900     11.8073      0.8419      0.8100      0.0014      0.0155      0.0156     89.3293     64.1939    -85.0000     -0.0176     -0.0075      0.0040
     37.9294   -117.8901     12.5373      0.8419      0.8100      0.0012      0.0142      0.0143     89.4244     64.4513    -85.0000     -0.0158     -0.0055      0.0041
     37.9263   -117.8901     13.2689      0.8420      0.8100      0.0011      0.0130      0.0130     89.5245     64.7092    -85.0000     -0.0145     -0.0057      0.0041
     37.9232   -117.8902     14.0020      0.8421      0.8100      0.0010      0.0118      0.0119     89.6297     64.9677    -85.0000     -0.0131     -0.0037      0.0041
     37.9201   -117.8903     14.7367      0.8422      0.8100      0.0009      0.0107      0.0108     89.7400     65.2269    -85.0000     -0.0117     -0.0012      0.0041
     37.9171   -117.8903     15.4729      0.8423      0.8100      0.0008      0.0097      0.0097     89.8554     65.4866    -85.0000     -0.0103      0.0034      0.0041
     37.9141   -117.8904     16.2107      0.8424      0.8100      0.0008      0.0087      0.0087     89.9759     65.7470    -85.0000     -0.0083      0.0166      0.0040
     37.9111   -117.8905     16.9500      0.8425      0.8100      0.0007      0.0077      0.0078     90.1016     66.0080    -85.0000     -0.0035      0.0855      0.0041
     37.9872   -117.8791      0.3515      0.8400      0.8103      0.0000      0.0000      0.0000     88.4559     60.1468      0.0000      0.0651     -0.0631      0.0829
     37.9836   -117.8792      1.0550      0.8401      0.8103      0.0000      0.0000      0.0000     88.4764     60.3903      0.0000      0.0432     -0.0873      0.0263
     37.9800   -117.8793      1.7604      0.8402      0.8103     -0.0001      0.0007      0.0007     88.5014     60.6344    -95.0000      0.0267     -0.1208      0.0030
     37.9765   -117.8794      2.4674      0.8404      0.8103     -0.0000      0.0029      0.0029     88.5307     60.8789    -90.8841      0.0099     -0.1239     -0.0049
     37.9729   -117.8795      3.1761      0.8405      0.8104      0.0003      0.0065      0.0065     88.5645     61.1239    -87.0119      0.0011     -0.0963     -0.0066
     37.9694   -117.8795      3.8865      0.8406      0.8104      0.0008      0.0101      0.0102     88.6029     61.3694    -85.2812     -0.0054     -0.0712     -0.0059
     37.9659   -117.8796      4.5986      0.8408      0.8104      0.0012      0.0136      0.0137     88.6457     61.6153    -85.0000     -0.0127     -0.0349     -0.0044
     37.9625   -117.8797      5.3124      0.8409      0.8104      0.0014      0.0160      0.0160     88.6932     61.8618    -85.0000     -0.0193     -0.0214     -0.0028
     37.9591   -117.8798      6.0277      0.8410      0.8104      0.0015      0.0177      0.0178     88.7453     62.1087    -85.0000     -0.0218     -0.0015     -0.0013
     37.9557   -117.8799      6.7448      0.8411      0.8104      0.0016      0.0183      0.0183     88.8020     62.3561    -85.0000     -0.0236     -0.0043      0.0000
     37.9523   -117.8799      7.4635      0.8412      0.8104      0.0016      0.0185      0.0185     88.8634     62.6041    -85.0000     -0.0231      0.0036      0.0011
     37.9490   -117.8800      8.1838      0.8413      0.8104      0.0016      0.0180      0.0180     88.9296     62.8525    -85.0000     -0.0230     -0.0041      0.0019
     37.9456   -117.8801      8.9057      0.8414      0.8104      0.0015      0.0174      0.0174     89.0006     63.1015    -85.0000     -0.0216     -0.0002      0.0025
     37.9424   -117.8802      9.6292      0.8415      0.8104      0.0014      0.0164      0.0165     89.0764     63.3509    -85.0000     -0.0209     -0.0063      0.0029
     37.9391   -117.8802     10.3543      0.8416      0.8104      0.0014      0.0156      0.0156     89.1570     63.6009    -85.0000     -0.0193     -0.0036      0.0033
     37.9359   -117.8803     11.0810      0.8417      0.8105      0.0013      0.0145      0.0146     89.2426     63.8515    -85.0000     -0.0181     -0.0071      0.0035
     37.9327   -117.8804     11.8092      0.8418      0.8105      0.0012      0.0135      0.0136     89.3330     64.1026    -85.0000     -0.0166     -0.0052      0.0036
     37.9295   -117.8805     12.5390      0.8419      0.8105      0.0011      0.0125      0.0126     89.4285     64.3542    -85.0000     -0.0153     -0.0062      0.0037
     37.9264   -117.8805     13.2704      0.8420      0.8105      0.0010      0.0116      0.0116     89.5290     64.6064    -85.0000     -0.0139     -0.0043      0.0037
     37.9233   -117.8806     14.0033      0.8421      0.8105      0.0009      0.0107      0.0107     89.6345     64.8592    -85.0000     -0.0126     -0.0024      0.0037
     37.9202   -117.8807     14.7378      0.8422      0.8105      0.0009      0.0098      0.0098     89.7451     65.1125    -85.0000     -0.0112      0.0009      0.0037
     37.9171   -117.8807     15.4737      0.8423      0.8105      0.0008      0.0089      0.0089     89.8608     65.3665    -85.0000     -0.0096      0.0064      0.0037
     37.9141   -117.8808     16.2112      0.8424      0.8105      0.0007      0.0080      0.0080     89.9817     65.6210    -85.0000     -0.0079      0.0168      0.0037
     37.9111   -117.8809     16.9501      0.8425      0.8105      0.0006      0.0070      0.0071     90.1078     65.8762    -85.0000     -0.0045      0.0761      0.0038
     37.9874   -117.8696      0.3517      0.8399      0.8108      0.0000      0.0000      0.0000     88.4559     60.1438      0.0000      0.0517     -0.0463      0.0670
     37.9838   -117.8696      1.0556      0.8401      0.8108      0.0000      0.0000      0.0000     88.4766     60.3820      0.0000      0.0357     -0.0533      0.0289
     37.9802   -117.8697      1.7612      0.8402      0.8108      0.0000      0.0000      0.0000     88.5017     60.6207      0.0000      0.0239     -0.0804      0.0096
     37.9767   -117.8698      2.4686      0.8404      0.8108     -0.0001      0.0006      0.0006     88.5312     60.8598    -95.0000      0.0117     -0.1015      0.0012
     37.9731   -117.8699      3.1776      0.8405      0.8108      0.0000      0.0021      0.0021     88.5652     61.0993    -89.7917      0.0003     -0.1072     -0.0019
     37.9696   -117.8700      3.8882      0.8406      0.8108      0.0003      0.0046      0.0046     88.6037     61.3394    -86.3067     -0.0054     -0.0878     -0.0025
     37.9661   -117.8700      4.6005      0.8408      0.8108      0.0006      0.0073      0.0074     88.6468     61.5798    -85.0644     -0.0096     -0.0677     -0.0021
     37.9627   -117.8701      5.3143      0.8409      0.8109      0.0009      0.0101      0.0101     88.6944     61.8208    -85.0000     -0.0142     -0.0362     -0.0013
     37.9592   -117.8702      6.0299      0.8410      0.8109      0.0011      0.0120      0.0121     88.7468     62.0622    -85.0000     -0.0177     -0.0234     -0.0004
     37.9558   -117.8703      6.7470      0.8411      0.8109      0.0012      0.0135      0.0135     88.8037     62.3041    -85.0000     -0.0188     -0.0065      0.0005
     37.9525   -117.8703      7.4657      0.8412      0.8109      0.0012      0.0140      0.0141     88.8654     62.5464    -85.0000     -0.0199     -0.0081      0.0013
     37.9491   -117.8704      8.1860      0.8413      0.8109      0.0012      0.0143      0.0143     88.9319     62.7893    -85.0000     -0.0195     -0.0021      0.0019
     37.9458   -117.8705      8.9079      0.8414      0.8109      0.0012      0.0139      0.0140     89.0031     63.0326    -85.0000     -0.0195     -0.0075      0.0023
     37.9425   -117.8706      9.6314      0.8415      0.8109      0.0012      0.0136      0.0136     89.0792     63.2765    -85.0000     -0.0184     -0.0043      0.0027
     37.9392   -117.8706     10.3564      0.8416      0.8109      0.0011      0.0130      0.0130     89.1602     63.5208    -85.0000     -0.0178     -0.0078      0.0030
     37.9360   -117.8707     11.0830      0.8417      0.8109      0.0011      0.0123      0.0124     89.2460     63.7657    -85.0000     -0.0165     -0.0056      0.0032
     37.9328   -117.8708     11.8111      0.8418      0.8109      0.0010      0.0116      0.0117     89.3368     64.0110    -85.0000     -0.0156     -0.0072      0.0033
     37.9296   -117.8709     12.5408      0.8419      0.8109      0.0010      0.0109      0.0110     89.4326     64.2569    -85.0000     -0.0144     -0.0054      0.0034
     37.9264   -117.8709     13.2720      0.8420      0.8109      0.0009      0.0102      0.0103     89.5334     64.5034    -85.0000     -0.0132     -0.0043      0.0034
     37.9233   -117.8710     14.0047      0.8421      0.8109      0.0008      0.0096      0.0096     89.6393     64.7504    -85.0000     -0.0120     -0.0010      0.0034
     37.9202   -117.8711     14.7389      0.8422      0.8109      0.0008      0.0089      0.0089     89.7502     64.9980    -85.0000     -0.0106      0.0035      0.0034
     37.9171   -117.8711     15.4745      0.8423      0.8109      0.0007      0.0081      0.0081     89.8663     65.2461    -85.0000     -0.0091      0.0078      0.0034
     37.9141   -117.8712     16.2117      0.8424      0.8109      0.0006      0.0072      0.0072     89.9875     65.4948    -85.0000     -0.0077      0.0153      0.0034
     37.9111   -117.8713     16.9503      0.8425      0.8109      0.0005      0.0061      0.0061     90.1140     65.7441    -85.0000     -0.0057      0.0595      0.0034
     37.9876   -117.8600      0.3518      0.8399      0.8112      0.0000      0.0000      0.0000     88.4559     60.1408      0.0000      0.0413     -0.0351      0.0540
     37.9840   -117.8601      1.0561      0.8401      0.8112      0.0000      0.0000      0.0000     88.4766     60.3737      0.0000      0.0298     -0.0363      0.0283
     37.9804   -117.8601      1.7621      0.8402      0.8113      0.0000      0.0000      0.0000     88.5017     60.6069      0.0000      0.0198     -0.0472      0.0130
     37.9769   -117.8602      2.4698      0.8404      0.8113      0.0000      0.0000      0.0000     88.5312     60.8407      0.0000      0.0126     -0.0676      0.0052
     37.9733   -117.8603      3.1790      0.8405      0.8113     -0.0000      0.0004      0.0004     88.5651     61.0748    -95.0000      0.0039     -0.0864      0.0016
     37.9698   -117.8604      3.8898      0.8406      0.8113      0.0000      0.0016      0.0016     88.6036     61.3094    -88.9464     -0.0039     -0.0891      0.0001
     37.9663   -117.8605      4.6023      0.8407      0.8113      0.0003      0.0037      0.0037     88.6466     61.5444    -85.7597     -0.0068     -0.0692     -0.0002
     37.9628   -117.8605      5.3164      0.8409      0.8113      0.0005      0.0059      0.0059     88.6942     61.7798    -85.0000     -0.0098     -0.0515      0.0000
     37.9594   -117.8606      6.0320      0.8410      0.8113      0.0007      0.0080      0.0081     88.7464     62.0157    -85.0000     -0.0125     -0.0262      0.0005
     37.9560   -117.8607      6.7492      0.8411      0.8113      0.0008      0.0095      0.0095     88.8033     62.2521    -85.0000     -0.0149     -0.0185      0.0010
     37.9526   -117.8608      7.4680      0.8412      0.8113      0.0009      0.0106      0.0106     88.8649     62.4889    -85.0000     -0.0157     -0.0068      0.0015
     37.9492   -117.8608      8.1883      0.8413      0.8114      0.0010      0.0110      0.0110     88.9312     62.7261    -85.0000     -0.0166     -0.0094      0.0019
     37.9459   -117.8609      8.9102      0.8414      0.8114      0.0010      0.0112      0.0112     89.0023     62.9639    -85.0000     -0.0164     -0.0048      0.0023
     37.9426   -117.8610      9.6336      0.8415      0.8114      0.0010      0.0110      0.0110     89.0782     63.2021    -85.0000     -0.0164     -0.0085      0.0025
     37.9393   -117.8610     10.3586      0.8416      0.8114      0.0009      0.0108      0.0108     89.1590     63.4407    -85.0000     -0.0156     -0.0057      0.0028
     37.9361   -117.8611     11.0851      0.8417      0.8114      0.0009      0.0103      0.0104     89.2446     63.6799    -85.0000     -0.0150     -0.0078      0.0029
     37.9329   -117.8612     11.8131      0.8418      0.8114      0.0009      0.0099      0.0100     89.3352     63.9196    -85.0000     -0.0141     -0.0060      0.0030
     37.9297   -117.8613     12.5426      0.8419      0.8114      0.0008      0.0094      0.0095     89.4307     64.1598    -85.0000     -0.0133     -0.0061      0.0031
     37.9265   -117.8613     13.2735      0.8420      0.8114      0.0008      0.0090      0.0090     89.5312     64.4005    -85.0000     -0.0122     -0.0035      0.0031
     37.9234   -117.8614     14.0060      0.8421      0.8114      0.0007      0.0085      0.0085     89.6368     64.6417    -85.0000     -0.0111      0.0003      0.0031
     37.9202   -117.8615     14.7399      0.8422      0.8114      0.0007      0.0080      0.0080     89.7474     64.8835    -85.0000     -0.0099      0.0054      0.0031
     37.9172   -117.8615     15.4753      0.8423      0.8114      0.0006      0.0073      0.0074     89.8631     65.1258    -85.0000     -0.0087      0.0108      0.0031
     37.9141   -117.8616     16.2122      0.8424      0.8114      0.0006      0.0063      0.0064     89.9840     65.3687    -85.0000     -0.0078      0.0129      0.0031
     37.9111   -117.8617     16.9505      0.8425      0.8114      0.0004      0.0050      0.0050     90.1100     65.6122    -85.0000     -0.0070      0.0372      0.0032
     37.9878   -117.8509      0.3520      0.7559      0.8117      0.0000      0.0000      0.0000     88.4562     60.1380      0.0000      0.0335     -0.0277      0.0443
     37.9842   -117.8510      1.0567      0.7561      0.8117      0.0000      0.0000      0.0000     88.4769     60.3658      0.0000      0.0254     -0.0270      0.0262
     37.9806   -117.8510      1.7630      0.7562      0.8117      0.0000      0.0000      0.0000     88.5019     60.5940      0.0000      0.0173     -0.0324      0.0143
     37.9770   -117.8511      2.4709      0.7563      0.8117      0.0000      0.0000      0.0000     88.5314     60.8226      0.0000      0.0109     -0.0420      0.0074
     37.9735   -117.8512      3.1804      0.7564      0.8117      0.0000      0.0000      0.0000     88.5653     61.0516      0.0000      0.0062     -0.0593      0.0038
     37.9700   -117.8513      3.8914      0.7566      0.8117     -0.0000      0.0005      0.0005     88.6037     61.2810    -93.7241     -0.0007     -0.0691      0.0020
     37.9665   -117.8513      4.6041      0.7567      0.8118      0.0001      0.0016      0.0016     88.6467     61.5108    -87.0006     -0.0042     -0.0663      0.0012
     37.9630   -117.8514      5.3183      0.7568      0.8118      0.0003      0.0034      0.0034     88.6942     61.7411    -85.1711     -0.0058     -0.0474      0.0010
     37.9596   -117.8515      6.0340      0.7569      0.8118      0.0004      0.0051      0.0051     88.7463     61.9717    -85.0000     -0.0090     -0.0353      0.0011
     37.9561   -117.8516      6.7513      0.7570      0.8118      0.0006      0.0067      0.0068     88.8031     62.2028    -85.0000     -0.0108     -0.0181      0.0014
     37.9527   -117.8516      7.4701      0.7571      0.8118      0.0007      0.0077      0.0078     88.8645     62.4344    -85.0000     -0.0128     -0.0151      0.0017
     37.9494   -117.8517      8.1905      0.7572      0.8118      0.0007      0.0085      0.0085     88.9307     62.6663    -85.0000     -0.0135     -0.0076      0.0020
     37.9460   -117.8518      8.9124      0.7573      0.8118      0.0008      0.0088      0.0088     89.0016     62.8988    -85.0000     -0.0143     -0.0100      0.0022
     37.9427   -117.8519      9.6358      0.7574      0.8118      0.0008      0.0090      0.0090     89.0773     63.1316    -85.0000     -0.0140     -0.0065      0.0024
     37.9394   -117.8519     10.3606      0.7575      0.8118      0.0008      0.0088      0.0089     89.1579     63.3650    -85.0000     -0.0140     -0.0086      0.0026
     37.9362   -117.8520     11.0870      0.7576      0.8118      0.0008      0.0087      0.0087     89.2433     63.5988    -85.0000     -0.0134     -0.0065      0.0027
     37.9329   -117.8521     11.8149      0.7577      0.8118      0.0007      0.0084      0.0085     89.3336     63.8331    -85.0000     -0.0129     -0.0073      0.0028
     37.9297   -117.8521     12.5442      0.7577      0.8118      0.0007      0.0081      0.0082     89.4288     64.0678    -85.0000     -0.0121     -0.0055      0.0028
     37.9266   -117.8522     13.2750      0.7578      0.8118      0.0007      0.0078      0.0079     89.5290     64.3031    -85.0000     -0.0113     -0.0036      0.0028
     37.9234   -117.8523     14.0073      0.7579      0.8118      0.0007      0.0075      0.0075     89.6343     64.5389    -85.0000     -0.0103      0.0002      0.0029
     37.9203   -117.8523     14.7410      0.7580      0.8118      0.0006      0.0071      0.0072     89.7445     64.7752    -85.0000     -0.0093      0.0056      0.0029
     37.9172   -117.8524     15.4761      0.7581      0.8118      0.0006      0.0066      0.0066     89.8599     65.0120    -85.0000     -0.0085      0.0113      0.0029
     37.9141   -117.8525     16.2127      0.7582      0.8119      0.0005      0.0057      0.0058     89.9803     65.2494    -85.0000     -0.0081      0.0175      0.0029
     37.9111   -117.8525     16.9507      0.7583      0.8119      0.0003      0.0039      0.0040     90.1059     65.4873    -85.0000     -0.0090      0.0108      0.0029
     37.9880   -117.8418      0.3522      0.8399      0.8121      0.0000      0.0000      0.0000     88.4560     60.1351      0.0000      0.0274     -0.0223      0.0365
     37.9844   -117.8419      1.0572      0.8401      0.8121      0.0000      0.0000      0.0000     88.4768     60.3579      0.0000      0.0216     -0.0210      0.0236
     37.9808   -117.8419      1.7638      0.8402      0.8122      0.0000      0.0000      0.0000     88.5019     60.5810      0.0000      0.0153     -0.0238      0.0144
     37.9772   -117.8420      2.4720      0.8404      0.8122      0.0000      0.0000      0.0000     88.5316     60.8045      0.0000      0.0099     -0.0293      0.0086
     37.9737   -117.8421      3.1817      0.8405      0.8122      0.0000      0.0000      0.0000     88.5656     61.0283      0.0000      0.0058     -0.0375      0.0051
     37.9701   -117.8422      3.8930      0.8406      0.8122     -0.0000      0.0000      0.0000     88.6042     61.2526    -95.0000      0.0024     -0.0531      0.0033
     37.9666   -117.8422      4.6058      0.8407      0.8122      0.0000      0.0006      0.0006     88.6474     61.4772    -89.0916     -0.0021     -0.0548      0.0023
     37.9632   -117.8423      5.3202      0.8409      0.8122      0.0001      0.0017      0.0017     88.6951     61.7023    -85.6654     -0.0044     -0.0503      0.0018
     37.9597   -117.8424      6.0360      0.8410      0.8122      0.0003      0.0031      0.0031     88.7474     61.9277    -85.0000     -0.0061     -0.0351      0.0017
     37.9563   -117.8425      6.7534      0.8411      0.8122      0.0004      0.0044      0.0044     88.8044     62.1536    -85.0000     -0.0086     -0.0272      0.0018
     37.9529   -117.8425      7.4723      0.8412      0.8122      0.0005      0.0056      0.0056     88.8661     62.3798    -85.0000     -0.0099     -0.0155      0.0019
     37.9495   -117.8426      8.1927      0.8413      0.8122      0.0006      0.0063      0.0064     88.9325     62.6065    -85.0000     -0.0113     -0.0140      0.0020
     37.9462   -117.8427      8.9145      0.8414      0.8122      0.0006      0.0069      0.0069     89.0037     62.8336    -85.0000     -0.0117     -0.0087      0.0022
     37.9428   -117.8427      9.6379      0.8415      0.8123      0.0006      0.0071      0.0072     89.0797     63.0612    -85.0000     -0.0122     -0.0099      0.0023
     37.9395   -117.8428     10.3627      0.8416      0.8123      0.0006      0.0073      0.0073     89.1605     63.2892    -85.0000     -0.0120     -0.0073      0.0024
     37.9363   -117.8429     11.0890      0.8417      0.8123      0.0006      0.0072      0.0073     89.2462     63.5176    -85.0000     -0.0119     -0.0081      0.0025
     37.9330   -117.8430     11.8167      0.8418      0.8123      0.0006      0.0072      0.0072     89.3368     63.7465    -85.0000     -0.0114     -0.0064      0.0026
     37.9298   -117.8430     12.5459      0.8419      0.8123      0.0006      0.0070      0.0070     89.4324     63.9759    -85.0000     -0.0109     -0.0057      0.0026
     37.9266   -117.8431     13.2765      0.8420      0.8123      0.0006      0.0068      0.0068     89.5329     64.2057    -85.0000     -0.0102     -0.0031      0.0026
     37.9234   -117.8432     14.0086      0.8421      0.8123      0.0006      0.0066      0.0066     89.6384     64.4361    -85.0000     -0.0094      0.0004      0.0027
     37.9203   -117.8432     14.7420      0.8422      0.8123      0.0006      0.0063      0.0063     89.7490     64.6669    -85.0000     -0.0088      0.0042      0.0027
     37.9172   -117.8433     15.4769      0.8423      0.8123      0.0005      0.0058      0.0058     89.8647     64.8983    -85.0000     -0.0085      0.0073      0.0027
     37.9141   -117.8434     16.2132      0.8424      0.8123      0.0004      0.0050      0.0050     89.9855     65.1301    -85.0000     -0.0089      0.0075      0.0027
     37.9110   -117.8434     16.9508      0.8425      0.8123      0.0004      0.0042      0.0042     90.1114     65.3625    -85.0000     -0.0061      0.0363      0.0027
     37.9882   -117.8322      0.3524      0.8399      0.8126      0.0000      0.0000      0.0000     88.4560     60.1322      0.0000      0.0224     -0.0181      0.0301
     37.9846   -117.8323      1.0578      0.8401      0.8126      0.0000      0.0000      0.0000     88.4767     60.3496      0.0000      0.0183     -0.0166      0.0208
     37.9810   -117.8323      1.7647      0.8402      0.8126      0.0000      0.0000      0.0000     88.5019     60.5673      0.0000      0.0136     -0.0180      0.0138
     37.9774   -117.8324      2.4732      0.8404      0.8126      0.0000      0.0000      0.0000     88.5315     60.7854      0.0000      0.0092     -0.0213      0.0090
     37.9739   -117.8325      3.1832      0.8405      0.8126      0.0000      0.0000      0.0000     88.5656     61.0039      0.0000      0.0055     -0.0261      0.0059
     37.9703   -117.8326      3.8947      0.8406      0.8127     -0.0000      0.0000      0.0000     88.6041     61.2227    -95.0000      0.0028     -0.0341      0.0041
     37.9668   -117.8326      4.6077      0.8407      0.8127     -0.0000      0.0001      0.0001     88.6472     61.4419    -95.0000     -0.0006     -0.0436      0.0030
     37.9633   -117.8327      5.3222      0.8409      0.8127      0.0001      0.0008      0.0008     88.6948     61.6615    -86.3551     -0.0024     -0.0413      0.0025
     37.9599   -117.8328      6.0382      0.8410      0.8127      0.0002      0.0018      0.0018     88.7471     61.8815    -85.0000     -0.0041     -0.0358      0.0022
     37.9564   -117.8329      6.7557      0.8411      0.8127      0.0003      0.0029      0.0029     88.8040     62.1018    -85.0000     -0.0058     -0.0244      0.0021
     37.9530   -117.8329      7.4746      0.8412      0.8127      0.0003      0.0039      0.0039     88.8655     62.3225    -85.0000     -0.0075     -0.0187      0.0021
     37.9497   -117.8330      8.1950      0.8413      0.8127      0.0004      0.0048      0.0048     88.9318     62.5437    -85.0000     -0.0085     -0.0112      0.0021
     37.9463   -117.8331      8.9169      0.8414      0.8127      0.0005      0.0053      0.0054     89.0028     62.7652    -85.0000     -0.0095     -0.0098      0.0022
     37.9430   -117.8331      9.6402      0.8415      0.8127      0.0005      0.0058      0.0058     89.0786     62.9872    -85.0000     -0.0098     -0.0066      0.0023
     37.9397   -117.8332     10.3649      0.8416      0.8127      0.0005      0.0059      0.0060     89.1593     63.2095    -85.0000     -0.0101     -0.0069      0.0023
     37.9364   -117.8333     11.0911      0.8417      0.8127      0.0005      0.0061      0.0061     89.2447     63.4323    -85.0000     -0.0100     -0.0053      0.0024
     37.9331   -117.8334     11.8187      0.8418      0.8127      0.0005      0.0061      0.0061     89.3351     63.6556    -85.0000     -0.0098     -0.0052      0.0024
     37.9299   -117.8334     12.5477      0.8419      0.8127      0.0005      0.0060      0.0060     89.4304     63.8793    -85.0000     -0.0094     -0.0036      0.0024
     37.9267   -117.8335     13.2781      0.8420      0.8128      0.0005      0.0059      0.0060     89.5306     64.1034    -85.0000     -0.0090     -0.0017      0.0024
     37.9235   -117.8336     14.0099      0.8421      0.8128      0.0005      0.0058      0.0058     89.6358     64.3280    -85.0000     -0.0085      0.0008      0.0024
     37.9203   -117.8336     14.7431      0.8422      0.8128      0.0005      0.0055      0.0056     89.7460     64.5531    -85.0000     -0.0082      0.0036      0.0025
     37.9172   -117.8337     15.4777      0.8423      0.8128      0.0005      0.0051      0.0052     89.8613     64.7787    -85.0000     -0.0081      0.0050      0.0025
     37.9141   -117.8338     16.2137      0.8424      0.8128      0.0004      0.0046      0.0046     89.9817     65.0048    -85.0000     -0.0078      0.0085      0.0025
     37.9110   -117.8338     16.9510      0.8425      0.8128      0.0004      0.0041      0.0041     90.1072     65.2314    -85.0000     -0.0048      0.0436      0.0025
     37.9884   -117.8226      0.3526      0.8399      0.8131      0.0000      0.0000      0.0000     88.4560     60.1292      0.0000      0.0185     -0.0149      0.0251
     37.9848   -117.8227      1.0583      0.8401      0.8131      0.0000      0.0000      0.0000     88.4769     60.3413      0.0000      0.0155     -0.0135      0.0182
     37.9812   -117.8228      1.7656      0.8402      0.8131      0.0000      0.0000      0.0000     88.5022     60.5537      0.0000      0.0119     -0.0142      0.0128
     37.9776   -117.8228      2.4744      0.8403      0.8131      0.0000      0.0000      0.0000     88.5320     60.7664      0.0000      0.0085     -0.0162      0.0089
     37.9741   -117.8229      3.1847      0.8405      0.8131      0.0000      0.0000      0.0000     88.5662     60.9794      0.0000      0.0054     -0.0192      0.0063
     37.9705   -117.8230      3.8964      0.8406      0.8131      0.0000      0.0000      0.0000     88.6049     61.1928      0.0000      0.0030     -0.0237      0.0046
     37.9670   -117.8231      4.6096      0.8407      0.8131     -0.0000      0.0000      0.0000     88.6482     61.4066    -90.8748      0.0010     -0.0316      0.0035
     37.9635   -117.8231      5.3242      0.8408      0.8131      0.0000      0.0003      0.0003     88.6961     61.6207    -86.7669     -0.0011     -0.0352      0.0029
     37.9600   -117.8232      6.0404      0.8410      0.8132      0.0001      0.0010      0.0010     88.7486     61.8352    -85.0023     -0.0024     -0.0308      0.0025
     37.9566   -117.8233      6.7579      0.8411      0.8132      0.0002      0.0018      0.0018     88.8057     62.0500    -85.0000     -0.0041     -0.0254      0.0023
     37.9532   -117.8233      7.4769      0.8412      0.8132      0.0002      0.0027      0.0027     88.8675     62.2652    -85.0000     -0.0053     -0.0169      0.0022
     37.9498   -117.8234      8.1973      0.8413      0.8132      0.0003      0.0035      0.0035     88.9341     62.4808    -85.0000     -0.0066     -0.0127      0.0022
     37.9464   -117.8235      8.9192      0.8414      0.8132      0.0004      0.0041      0.0042     89.0054     62.6967    -85.0000     -0.0073     -0.0078      0.0022
     37.9431   -117.8236      9.6424      0.8415      0.8132      0.0004      0.0046      0.0046     89.0815     62.9131    -85.0000     -0.0080     -0.0067      0.0022
     37.9398   -117.8236     10.3671      0.8416      0.8132      0.0004      0.0049      0.0049     89.1624     63.1299    -85.0000     -0.0082     -0.0047      0.0022
     37.9365   -117.8237     11.0932      0.8417      0.8132      0.0004      0.0050      0.0051     89.2481     63.3470    -85.0000     -0.0084     -0.0046      0.0022
     37.9332   -117.8238     11.8206      0.8418      0.8132      0.0005      0.0051      0.0052     89.3388     63.5646    -85.0000     -0.0083     -0.0034      0.0023
     37.9300   -117.8238     12.5495      0.8419      0.8132      0.0005      0.0052      0.0052     89.4344     63.7826    -85.0000     -0.0082     -0.0025      0.0023
     37.9267   -117.8239     13.2797      0.8420      0.8132      0.0005      0.0051      0.0052     89.5350     64.0011    -85.0000     -0.0080     -0.0009      0.0023
     37.9235   -117.8240     14.0113      0.8421      0.8132      0.0004      0.0051      0.0051     89.6405     64.2200    -85.0000     -0.0077      0.0012      0.0023
     37.9204   -117.8240     14.7442      0.8422      0.8132      0.0004      0.0049      0.0049     89.7511     64.4393    -85.0000     -0.0075      0.0032      0.0023
     37.9172   -117.8241     15.4786      0.8423      0.8132      0.0004      0.0046      0.0047     89.8667     64.6592    -85.0000     -0.0072      0.0059      0.0023
     37.9141   -117.8242     16.2142      0.8424      0.8132      0.0004      0.0043      0.0043     89.9874     64.8795    -85.0000     -0.0065      0.0111      0.0023
     37.9110   -117.8242     16.9512      0.8425      0.8132      0.0003      0.0039      0.0039     90.1133     65.1003    -85.0000     -0.0041      0.0449      0.0023
     37.9886   -117.8130      0.3528      0.8399      0.8135      0.0000      0.0000      0.0000     88.4560     60.1263      0.0000      0.0154     -0.0124      0.0211
     37.9850   -117.8131      1.0589      0.8401      0.8136      0.0000      0.0000      0.0000     88.4769     60.3330      0.0000      0.0132     -0.0112      0.0160
     37.9814   -117.8132      1.7665      0.8402      0.8136      0.0000      0.0000      0.0000     88.5022     60.5400      0.0000      0.0105     -0.0114      0.0118
     37.9778   -117.8133      2.4756      0.8403      0.8136      0.0000      0.0000      0.0000     88.5319     60.7473      0.0000      0.0077     -0.0127      0.0086
     37.9742   -117.8133      3.1861      0.8405      0.8136      0.0000      0.0000      0.0000     88.5661     60.9550      0.0000      0.0052     -0.0147      0.0064
     37.9707   -117.8134      3.8981      0.8406      0.8136      0.0000      0.0000      0.0000     88.6048     61.1630      0.0000      0.0031     -0.0175      0.0048
     37.9672   -117.8135      4.6115      0.8407      0.8136     -0.0000      0.0000      0.0000     88.6480     61.3713    -95.0000      0.0014     -0.0221      0.0038
     37.9637   -117.8135      5.3263      0.8408      0.8136      0.0000      0.0001      0.0001     88.6958     61.5800    -88.6085     -0.0003     -0.0274      0.0032
     37.9602   -117.8136      6.0425      0.8410      0.8136      0.0000      0.0004      0.0004     88.7482     61.7889    -85.0381     -0.0015     -0.0280      0.0027
     37.9568   -117.8137      6.7602      0.8411      0.8136      0.0001      0.0011      0.0011     88.8052     61.9983    -85.0000     -0.0027     -0.0230      0.0025
     37.9533   -117.8138      7.4792      0.8412      0.8136      0.0002      0.0018      0.0018     88.8669     62.2079    -85.0000     -0.0039     -0.0181      0.0023
     37.9499   -117.8138      8.1997      0.8413      0.8137      0.0002      0.0025      0.0025     88.9333     62.4180    -85.0000     -0.0048     -0.0118      0.0022
     37.9466   -117.8139      8.9215      0.8414      0.8137      0.0003      0.0031      0.0031     89.0044     62.6284    -85.0000     -0.0057     -0.0087      0.0022
     37.9432   -117.8140      9.6447      0.8415      0.8137      0.0003      0.0036      0.0036     89.0803     62.8391    -85.0000     -0.0063     -0.0055      0.0021
     37.9399   -117.8140     10.3693      0.8416      0.8137      0.0003      0.0040      0.0040     89.1610     63.0503    -85.0000     -0.0068     -0.0046      0.0021
     37.9366   -117.8141     11.0953      0.8417      0.8137      0.0004      0.0042      0.0042     89.2466     63.2618    -85.0000     -0.0070     -0.0034      0.0021
     37.9333   -117.8142     11.8226      0.8418      0.8137      0.0004      0.0043      0.0043     89.3370     63.4738    -85.0000     -0.0071     -0.0030      0.0021
     37.9300   -117.8142     12.5513      0.8419      0.8137      0.0004      0.0044      0.0044     89.4323     63.6861    -85.0000     -0.0071     -0.0019      0.0021
     37.9268   -117.8143     13.2813      0.8420      0.8137      0.0004      0.0044      0.0045     89.5326     63.8989    -85.0000     -0.0070     -0.0006      0.0021
     37.9236   -117.8144     14.0127      0.8421      0.8137      0.0004      0.0044      0.0045     89.6378     64.1121    -85.0000     -0.0069      0.0013      0.0021
     37.9204   -117.8144     14.7454      0.8422      0.8137      0.0004      0.0044      0.0044     89.7480     64.3257    -85.0000     -0.0066      0.0039      0.0021
     37.9172   -117.8145     15.4794      0.8423      0.8137      0.0004      0.0042      0.0042     89.8632     64.5398    -85.0000     -0.0062      0.0069      0.0021
     37.9141   -117.8145     16.2147      0.8424      0.8137      0.0003      0.0039      0.0039     89.9835     64.7544    -85.0000     -0.0055      0.0127      0.0021
     37.9110   -117.8146     16.9514      0.8425      0.8137      0.0003      0.0035      0.0035     90.1089     64.9694    -85.0000     -0.0039      0.0410      0.0021
     37.9888   -117.8035      0.3530      0.8399      0.8140      0.0000      0.0000      0.0000     88.4560     60.1233      0.0000      0.0129     -0.0105      0.0179
     37.9852   -117.8035      1.0595      0.8401      0.8140      0.0000      0.0000      0.0000     88.4769     60.3247      0.0000      0.0113     -0.0094      0.0140
     37.9816   -117.8036      1.7674      0.8402      0.8140      0.0000      0.0000      0.0000     88.5022     60.5264      0.0000      0.0092     -0.0094      0.0107
     37.9780   -117.8037      2.4768      0.8403      0.8141      0.0000      0.0000      0.0000     88.5319     60.7284      0.0000      0.0070     -0.0101      0.0081
     37.9744   -117.8037      3.1876      0.8405      0.8141      0.0000      0.0000      0.0000     88.5660     60.9307      0.0000      0.0050     -0.0115      0.0062
     37.9709   -117.8038      3.8998      0.8406      0.8141      0.0000      0.0000      0.0000     88.6046     61.1332      0.0000      0.0031     -0.0133      0.0049
     37.9674   -117.8039      4.6134      0.8407      0.8141      0.0000      0.0000      0.0000     88.6478     61.3361      0.0000      0.0017     -0.0160      0.0039
     37.9639   -117.8040      5.3283      0.8408      0.8141     -0.0000      0.0000      0.0000     88.6955     61.5394    -95.0000      0.0003     -0.0210      0.0033
     37.9604   -117.8040      6.0447      0.8410      0.8141      0.0000      0.0002      0.0002     88.7478     61.7429    -85.2223     -0.0008     -0.0235      0.0029
     37.9569   -117.8041      6.7624      0.8411      0.8141      0.0000      0.0006      0.0006     88.8047     61.9467    -85.0000     -0.0018     -0.0222      0.0026
     37.9535   -117.8042      7.4815      0.8412      0.8141      0.0001      0.0011      0.0011     88.8663     62.1509    -85.0000     -0.0027     -0.0173      0.0024
     37.9501   -117.8042      8.2020      0.8413      0.8141      0.0002      0.0017      0.0018     88.9325     62.3554    -85.0000     -0.0037     -0.0130      0.0022
     37.9467   -117.8043      8.9238      0.8414      0.8141      0.0002      0.0023      0.0023     89.0035     62.5603    -85.0000     -0.0044     -0.0085      0.0021
     37.9433   -117.8044      9.6470      0.8415      0.8141      0.0002      0.0028      0.0028     89.0792     62.7655    -85.0000     -0.0051     -0.0062      0.0021
     37.9400   -117.8044     10.3715      0.8416      0.8141      0.0003      0.0032      0.0032     89.1597     62.9710    -85.0000     -0.0055     -0.0042      0.0021
     37.9367   -117.8045     11.0974      0.8417      0.8142      0.0003      0.0034      0.0034     89.2450     63.1770    -85.0000     -0.0059     -0.0035      0.0020
     37.9334   -117.8046     11.8246      0.8418      0.8142      0.0003      0.0036      0.0036     89.3351     63.3833    -85.0000     -0.0061     -0.0027      0.0020
     37.9301   -117.8046     12.5531      0.8419      0.8142      0.0003      0.0037      0.0037     89.4301     63.5900    -85.0000     -0.0062     -0.0020      0.0020
     37.9269   -117.8047     13.2829      0.8420      0.8142      0.0003      0.0038      0.0038     89.5301     63.7971    -85.0000     -0.0062     -0.0005      0.0020
     37.9236   -117.8048     14.0141      0.8421      0.8142      0.0003      0.0039      0.0039     89.6350     64.0046    -85.0000     -0.0060      0.0017      0.0020
     37.9204   -117.8048     14.7465      0.8422      0.8142      0.0003      0.0039      0.0039     89.7448     64.2126    -85.0000     -0.0057      0.0046      0.0019
     37.9173   -117.8049     15.4802      0.8423      0.8142      0.0003      0.0038      0.0038     89.8597     64.4210    -85.0000     -0.0053      0.0080      0.0019
     37.9141   -117.8049     16.2152      0.8424      0.8142      0.0003      0.0035      0.0035     89.9796     64.6298    -85.0000     -0.0049      0.0119      0.0019
     37.9110   -117.8050     16.9515      0.8425      0.8142      0.0003      0.0030      0.0031     90.1045     64.8391    -85.0000     -0.0040      0.0334      0.0020
     37.9891   -117.7939      0.3532      0.8399      0.8145      0.0000      0.0000      0.0000     88.4561     60.1204      0.0000      0.0109     -0.0089      0.0153
     37.9854   -117.7939      1.0600      0.8401      0.8145      0.0000      0.0000      0.0000     88.4771     60.3164      0.0000      0.0097     -0.0080      0.0123
     37.9818   -117.7940      1.7683      0.8402      0.8145      0.0000      0.0000      0.0000     88.5025     60.5128      0.0000      0.0081     -0.0078      0.0097
     37.9782   -117.7941      2.4780      0.8403      0.8145      0.0000      0.0000      0.0000     88.5323     60.7094      0.0000      0.0063     -0.0083      0.0076
     37.9746   -117.7942      3.1891      0.8405      0.8145      0.0000      0.0000      0.0000     88.5667     60.9063      0.0000      0.0046     -0.0092      0.0060
     37.9711   -117.7942      3.9015      0.8406      0.8145      0.0000      0.0000      0.0000     88.6055     61.1035      0.0000      0.0031     -0.0105      0.0048
     37.9675   -117.7943      4.6153      0.8407      0.8146      0.0000      0.0000      0.0000     88.6488     61.3010      0.0000      0.0018     -0.0122      0.0040
     37.9640   -117.7944      5.3304      0.8408      0.8146      0.0000      0.0000      0.0000     88.6967     61.4987      0.0000      0.0007     -0.0148      0.0034
     37.9605   -117.7944      6.0469      0.8410      0.8146      0.0000      0.0000      0.0000     88.7493     61.6968    -89.0576     -0.0004     -0.0193      0.0029
     37.9571   -117.7945      6.7647      0.8411      0.8146      0.0000      0.0002      0.0002     88.8064     61.8952    -85.0000     -0.0011     -0.0197      0.0026
     37.9536   -117.7946      7.4839      0.8412      0.8146      0.0001      0.0006      0.0006     88.8682     62.0938    -85.0000     -0.0020     -0.0174      0.0024
     37.9502   -117.7946      8.2044      0.8413      0.8146      0.0001      0.0012      0.0012     88.9347     62.2928    -85.0000     -0.0027     -0.0130      0.0022
     37.9468   -117.7947      8.9262      0.8414      0.8146      0.0001      0.0017      0.0017     89.0060     62.4921    -85.0000     -0.0034     -0.0094      0.0021
     37.9434   -117.7948      9.6493      0.8415      0.8146      0.0002      0.0021      0.0021     89.0820     62.6918    -85.0000     -0.0040     -0.0062      0.0020
     37.9401   -117.7948     10.3738      0.8416      0.8146      0.0002      0.0025      0.0025     89.1627     62.8918    -85.0000     -0.0045     -0.0046      0.0020
     37.9368   -117.7949     11.0995      0.8417      0.8146      0.0002      0.0028      0.0028     89.2483     63.0921    -85.0000     -0.0049     -0.0034      0.0019
     37.9335   -117.7950     11.8266      0.8418      0.8146      0.0003      0.0030      0.0030     89.3388     63.2928    -85.0000     -0.0052     -0.0028      0.0019
     37.9302   -117.7950     12.5549      0.8419      0.8146      0.0003      0.0031      0.0032     89.4341     63.4939    -85.0000     -0.0053     -0.0020      0.0019
     37.9269   -117.7951     13.2845      0.8420      0.8146      0.0003      0.0033      0.0033     89.5344     63.6954    -85.0000     -0.0053     -0.0005      0.0018
     37.9237   -117.7952     14.0155      0.8421      0.8146      0.0003      0.0034      0.0034     89.6396     63.8972    -85.0000     -0.0052      0.0019      0.0018
     37.9205   -117.7952     14.7476      0.8422      0.8146      0.0003      0.0034      0.0034     89.7498     64.0995    -85.0000     -0.0050      0.0055      0.0018
     37.9173   -117.7953     15.4811      0.8423      0.8147      0.0003      0.0033      0.0034     89.8650     64.3021    -85.0000     -0.0047      0.0087      0.0018
     37.9141   -117.7953     16.2158      0.8424      0.8147      0.0003      0.0030      0.0030     89.9852     64.5053    -85.0000     -0.0045      0.0108      0.0018
     37.9110   -117.7954     16.9517      0.8425      0.8147      0.0002      0.0024      0.0025     90.1105     64.7088    -85.0000     -0.0045      0.0216      0.0018
     37.9892   -117.7848      0.3534      0.7559      0.8149      0.0000      0.0000      0.0000     88.4564     60.1176      0.0000      0.0094     -0.0077      0.0132
     37.9856   -117.7848      1.0606      0.7561      0.8150      0.0000      0.0000      0.0000     88.4775     60.3086      0.0000      0.0084     -0.0069      0.0108
     37.9820   -117.7849      1.7692      0.7562      0.8150      0.0000      0.0000      0.0000     88.5030     60.4998      0.0000      0.0071     -0.0067      0.0088
     37.9784   -117.7850      2.4792      0.7563      0.8150      0.0000      0.0000      0.0000     88.5329     60.6914      0.0000      0.0057     -0.0070      0.0070
     37.9748   -117.7850      3.1905      0.7564      0.8150      0.0000      0.0000      0.0000     88.5673     60.8832      0.0000      0.0043     -0.0076      0.0057
     37.9712   -117.7851      3.9031      0.7565      0.8150      0.0000      0.0000      0.0000     88.6062     61.0752      0.0000      0.0030     -0.0085      0.0047
     37.9677   -117.7852      4.6171      0.7566      0.8150      0.0000      0.0000      0.0000     88.6497     61.2675      0.0000      0.0019     -0.0097      0.0039
     37.9642   -117.7853      5.3324      0.7567      0.8150      0.0000      0.0000      0.0000     88.6977     61.4601      0.0000      0.0009     -0.0113      0.0033
     37.9607   -117.7853      6.0490      0.7569      0.8150      0.0000      0.0000      0.0000     88.7503     61.6530    -85.7070      0.0001     -0.0143      0.0029
     37.9572   -117.7854      6.7669      0.7570      0.8150      0.0000      0.0001      0.0001     88.8076     61.8461    -85.1522     -0.0007     -0.0170      0.0026
     37.9538   -117.7855      7.4861      0.7571      0.8150      0.0000      0.0003      0.0003     88.8695     62.0396    -85.0000     -0.0013     -0.0161      0.0024
     37.9503   -117.7855      8.2066      0.7572      0.8151      0.0001      0.0007      0.0007     88.9361     62.2333    -85.0000     -0.0020     -0.0135      0.0022
     37.9469   -117.7856      8.9284      0.7573      0.8151      0.0001      0.0012      0.0012     89.0075     62.4274    -85.0000     -0.0027     -0.0098      0.0021
     37.9436   -117.7857      9.6515      0.7573      0.8151      0.0001      0.0016      0.0016     89.0836     62.6217    -85.0000     -0.0033     -0.0071      0.0020
     37.9402   -117.7857     10.3759      0.7574      0.8151      0.0002      0.0020      0.0020     89.1645     62.8164    -85.0000     -0.0037     -0.0049      0.0019
     37.9369   -117.7858     11.1016      0.7575      0.8151      0.0002      0.0022      0.0022     89.2502     63.0114    -85.0000     -0.0041     -0.0038      0.0019
     37.9335   -117.7858     11.8285      0.7576      0.8151      0.0002      0.0025      0.0025     89.3407     63.2068    -85.0000     -0.0044     -0.0029      0.0018
     37.9302   -117.7859     12.5567      0.7577      0.8151      0.0002      0.0026      0.0026     89.4362     63.4025    -85.0000     -0.0046     -0.0021      0.0018
     37.9270   -117.7860     13.2861      0.7578      0.8151      0.0002      0.0028      0.0028     89.5365     63.5986    -85.0000     -0.0047     -0.0007      0.0017
     37.9237   -117.7860     14.0168      0.7579      0.8151      0.0003      0.0029      0.0029     89.6418     63.7951    -85.0000     -0.0046      0.0018      0.0017
     37.9205   -117.7861     14.7487      0.7580      0.8151      0.0003      0.0030      0.0030     89.7521     63.9919    -85.0000     -0.0044      0.0049      0.0017
     37.9173   -117.7862     15.4819      0.7581      0.8151      0.0003      0.0030      0.0030     89.8673     64.1892    -85.0000     -0.0043      0.0087      0.0017
     37.9141   -117.7862     16.2163      0.7582      0.8151      0.0002      0.0027      0.0027     89.9876     64.3868    -85.0000     -0.0044      0.0116      0.0017
     37.9110   -117.7863     16.9519      0.7583      0.8151      0.0002      0.0019      0.0019     90.1130     64.5849    -85.0000     -0.0052      0.0084      0.0017
     37.9894   -117.7757      0.3536      0.8399      0.8154      0.0000      0.0000      0.0000     88.4561     60.1148      0.0000      0.0081     -0.0067      0.0115
     37.9858   -117.7757      1.0611      0.8401      0.8154      0.0000      0.0000      0.0000     88.4772     60.3007      0.0000      0.0073     -0.0060      0.0096
     37.9822   -117.7758      1.7701      0.8402      0.8154      0.0000      0.0000      0.0000     88.5027     60.4869      0.0000      0.0063     -0.0058      0.0079
     37.9786   -117.7759      2.4803      0.8403      0.8154      0.0000      0.0000      0.0000     88.5327     60.6733      0.0000      0.0052     -0.0059      0.0065
     37.9750   -117.7759      3.1919      0.8405      0.8154      0.0000      0.0000      0.0000     88.5671     60.8600      0.0000      0.0040     -0.0063      0.0054
     37.9714   -117.7760      3.9047      0.8406      0.8155      0.0000      0.0000      0.0000     88.6061     61.0469      0.0000      0.0029     -0.0070      0.0045
     37.9679   -117.7761      4.6189      0.8407      0.8155      0.0000      0.0000      0.0000     88.6495     61.2341      0.0000      0.0019     -0.0078      0.0038
     37.9644   -117.7761      5.3343      0.8408      0.8155      0.0000      0.0000      0.0000     88.6975     61.4215      0.0000      0.0010     -0.0089      0.0033
     37.9609   -117.7762      6.0511      0.8409      0.8155      0.0000      0.0000      0.0000     88.7502     61.6092      0.0000      0.0003     -0.0106      0.0029
     37.9574   -117.7763      6.7691      0.8411      0.8155     -0.0000      0.0000      0.0000     88.8074     61.7971    -95.0000     -0.0004     -0.0139      0.0026
     37.9539   -117.7763      7.4883      0.8412      0.8155      0.0000      0.0001      0.0001     88.8693     61.9853    -85.0000     -0.0010     -0.0150      0.0024
     37.9505   -117.7764      8.2089      0.8413      0.8155      0.0000      0.0004      0.0004     88.9359     62.1738    -85.0000     -0.0016     -0.0134      0.0022
     37.9471   -117.7765      8.9307      0.8414      0.8155      0.0001      0.0007      0.0008     89.0072     62.3626    -85.0000     -0.0021     -0.0108      0.0021
     37.9437   -117.7765      9.6537      0.8415      0.8155      0.0001      0.0011      0.0011     89.0833     62.5517    -85.0000     -0.0027     -0.0078      0.0019
     37.9403   -117.7766     10.3780      0.8416      0.8155      0.0001      0.0015      0.0015     89.1641     62.7411    -85.0000     -0.0031     -0.0057      0.0019
     37.9370   -117.7767     11.1036      0.8417      0.8155      0.0002      0.0018      0.0018     89.2497     62.9308    -85.0000     -0.0035     -0.0042      0.0018
     37.9336   -117.7767     11.8304      0.8418      0.8155      0.0002      0.0020      0.0020     89.3402     63.1209    -85.0000     -0.0038     -0.0032      0.0017
     37.9303   -117.7768     12.5584      0.8419      0.8155      0.0002      0.0022      0.0022     89.4355     63.3112    -85.0000     -0.0040     -0.0022      0.0017
     37.9270   -117.7769     13.2877      0.8420      0.8155      0.0002      0.0024      0.0024     89.5357     63.5020    -85.0000     -0.0040     -0.0008      0.0017
     37.9238   -117.7769     14.0181      0.8421      0.8156      0.0002      0.0025      0.0025     89.6409     63.6931    -85.0000     -0.0040      0.0013      0.0016
     37.9205   -117.7770     14.7498      0.8422      0.8156      0.0002      0.0026      0.0026     89.7510     63.8845    -85.0000     -0.0040      0.0039      0.0016
     37.9173   -117.7770     15.4827      0.8423      0.8156      0.0002      0.0025      0.0025     89.8661     64.0764    -85.0000     -0.0042      0.0058      0.0016
     37.9141   -117.7771     16.2168      0.8424      0.8156      0.0002      0.0023      0.0023     89.9862     64.2686    -85.0000     -0.0046      0.0063      0.0016
     37.9109   -117.7772     16.9521      0.8425      0.8156      0.0002      0.0019      0.0019     90.1113     64.4612    -85.0000     -0.0037      0.0182      0.0016
     37.9896   -117.7661      0.3538      0.8399      0.8159      0.0000      0.0000      0.0000     88.4561     60.1118      0.0000      0.0070     -0.0058      0.0101
     37.9860   -117.7662      1.0617      0.8401      0.8159      0.0000      0.0000      0.0000     88.4772     60.2925      0.0000      0.0064     -0.0052      0.0085
     37.9824   -117.7662      1.7710      0.8402      0.8159      0.0000      0.0000      0.0000     88.5027     60.4733      0.0000      0.0056     -0.0050      0.0072
     37.9788   -117.7663      2.4815      0.8403      0.8159      0.0000      0.0000      0.0000     88.5326     60.6544      0.0000      0.0046     -0.0050      0.0060
     37.9752   -117.7664      3.1934      0.8405      0.8159      0.0000      0.0000      0.0000     88.5670     60.8357      0.0000      0.0037     -0.0053      0.0050
     37.9716   -117.7664      3.9065      0.8406      0.8159      0.0000      0.0000      0.0000     88.6059     61.0172      0.0000      0.0028     -0.0058      0.0043
     37.9680   -117.7665      4.6208      0.8407      0.8159      0.0000      0.0000      0.0000     88.6493     61.1990      0.0000      0.0019     -0.0064      0.0037
     37.9645   -117.7666      5.3364      0.8408      0.8160      0.0000      0.0000      0.0000     88.6972     61.3810      0.0000      0.0011     -0.0071      0.0032
     37.9610   -117.7666      6.0533      0.8409      0.8160      0.0000      0.0000      0.0000     88.7497     61.5632      0.0000      0.0005     -0.0082      0.0028
     37.9575   -117.7667      6.7714      0.8411      0.8160      0.0000      0.0000      0.0000     88.8068     61.7457      0.0000     -0.0001     -0.0100      0.0026
     37.9541   -117.7668      7.4907      0.8412      0.8160      0.0000      0.0000      0.0000     88.8686     61.9284    -86.2517     -0.0007     -0.0125      0.0023
     37.9506   -117.7668      8.2113      0.8413      0.8160      0.0000      0.0002      0.0002     88.9350     62.1114    -85.0000     -0.0012     -0.0125      0.0022
     37.9472   -117.7669      8.9331      0.8414      0.8160      0.0000      0.0005      0.0005     89.0062     62.2947    -85.0000     -0.0016     -0.0105      0.0020
     37.9438   -117.7669      9.6561      0.8415      0.8160      0.0001      0.0008      0.0008     89.0820     62.4783    -85.0000     -0.0021     -0.0080      0.0019
     37.9404   -117.7670     10.3803      0.8416      0.8160      0.0001      0.0011      0.0011     89.1626     62.6621    -85.0000     -0.0025     -0.0057      0.0018
     37.9371   -117.7671     11.1058      0.8417      0.8160      0.0001      0.0014      0.0014     89.2480     62.8462    -85.0000     -0.0028     -0.0040      0.0017
     37.9337   -117.7671     11.8324      0.8418      0.8160      0.0001      0.0016      0.0016     89.3382     63.0307    -85.0000     -0.0031     -0.0028      0.0017
     37.9304   -117.7672     12.5603      0.8419      0.8160      0.0002      0.0018      0.0018     89.4332     63.2155    -85.0000     -0.0033     -0.0018      0.0016
     37.9271   -117.7673     13.2893      0.8420      0.8160      0.0002      0.0020      0.0020     89.5331     63.4006    -85.0000     -0.0034     -0.0005      0.0016
     37.9238   -117.7673     14.0195      0.8421      0.8160      0.0002      0.0021      0.0021     89.6379     63.5860    -85.0000     -0.0035      0.0013      0.0015
     37.9206   -117.7674     14.7510      0.8422      0.8160      0.0002      0.0022      0.0022     89.7477     63.7718    -85.0000     -0.0037      0.0030      0.0015
     37.9173   -117.7674     15.4835      0.8423      0.8160      0.0002      0.0022      0.0022     89.8624     63.9580    -85.0000     -0.0039      0.0043      0.0015
     37.9141   -117.7675     16.2173      0.8424      0.8160      0.0002      0.0020      0.0021     89.9820     64.1445    -85.0000     -0.0040      0.0059      0.0015
     37.9109   -117.7676     16.9522      0.8425      0.8160      0.0002      0.0019      0.0019     90.1067     64.3315    -85.0000     -0.0028      0.0216      0.0015
     37.9898   -117.7565      0.3540      0.8399      0.8164      0.0000      0.0000      0.0000     88.4561     60.1089      0.0000      0.0061     -0.0051      0.0088
     37.9862   -117.7566      1.0623      0.8401      0.8164      0.0000      0.0000      0.0000     88.4774     60.2842      0.0000      0.0056     -0.0046      0.0076
     37.9826   -117.7566      1.7719      0.8402      0.8164      0.0000      0.0000      0.0000     88.5030     60.4598      0.0000      0.0049     -0.0044      0.0065
     37.9789   -117.7567      2.4828      0.8403      0.8164      0.0000      0.0000      0.0000     88.5331     60.6355      0.0000      0.0042     -0.0043      0.0055
     37.9754   -117.7568      3.1949      0.8405      0.8164      0.0000      0.0000      0.0000     88.5676     60.8114      0.0000      0.0034     -0.0045      0.0047
     37.9718   -117.7568      3.9082      0.8406      0.8164      0.0000      0.0000      0.0000     88.6067     60.9875      0.0000      0.0026     -0.0048      0.0040
     37.9682   -117.7569      4.6227      0.8407      0.8164      0.0000      0.0000      0.0000     88.6503     61.1639      0.0000      0.0019     -0.0053      0.0035
     37.9647   -117.7570      5.3385      0.8408      0.8164      0.0000      0.0000      0.0000     88.6984     61.3404      0.0000      0.0012     -0.0058      0.0031
     37.9612   -117.7570      6.0555      0.8409      0.8164      0.0000      0.0000      0.0000     88.7512     61.5172      0.0000      0.0006     -0.0065      0.0027
     37.9577   -117.7571      6.7737      0.8410      0.8165      0.0000      0.0000      0.0000     88.8086     61.6943      0.0000      0.0001     -0.0076      0.0025
     37.9542   -117.7572      7.4931      0.8412      0.8165      0.0000      0.0000      0.0000     88.8706     61.8715    -85.0000     -0.0004     -0.0096      0.0023
     37.9508   -117.7572      8.2137      0.8413      0.8165      0.0000      0.0001      0.0001     88.9373     62.0490    -85.0000     -0.0008     -0.0109      0.0021
     37.9473   -117.7573      8.9354      0.8414      0.8165      0.0000      0.0003      0.0003     89.0086     62.2268    -85.0000     -0.0012     -0.0101      0.0020
     37.9439   -117.7573      9.6584      0.8415      0.8165      0.0000      0.0005      0.0005     89.0848     62.4048    -85.0000     -0.0016     -0.0079      0.0018
     37.9405   -117.7574     10.3826      0.8416      0.8165      0.0001      0.0008      0.0008     89.1657     62.5831    -85.0000     -0.0020     -0.0057      0.0017
     37.9372   -117.7575     11.1079      0.8417      0.8165      0.0001      0.0011      0.0011     89.2513     62.7617    -85.0000     -0.0023     -0.0039      0.0017
     37.9338   -117.7575     11.8344      0.8418      0.8165      0.0001      0.0013      0.0013     89.3418     62.9406    -85.0000     -0.0026     -0.0026      0.0016
     37.9305   -117.7576     12.5621      0.8419      0.8165      0.0001      0.0015      0.0015     89.4372     63.1197    -85.0000     -0.0028     -0.0015      0.0015
     37.9272   -117.7577     13.2910      0.8420      0.8165      0.0001      0.0017      0.0017     89.5374     63.2992    -85.0000     -0.0029     -0.0003      0.0015
     37.9239   -117.7577     14.0210      0.8421      0.8165      0.0002      0.0018      0.0018     89.6425     63.4790    -85.0000     -0.0031      0.0010      0.0014
     37.9206   -117.7578     14.7521      0.8422      0.8165      0.0002      0.0019      0.0019     89.7526     63.6592    -85.0000     -0.0033      0.0025      0.0014
     37.9174   -117.7578     15.4844      0.8423      0.8165      0.0002      0.0019      0.0019     89.8676     63.8397    -85.0000     -0.0034      0.0041      0.0014
     37.9141   -117.7579     16.2179      0.8424      0.8165      0.0002      0.0019      0.0019     89.9876     64.0206    -85.0000     -0.0033      0.0070      0.0014
     37.9109   -117.7579     16.9524      0.8425      0.8165      0.0002      0.0018      0.0018     90.1126     64.2018    -85.0000     -0.0023      0.0223      0.0014
     37.9900   -117.7469      0.3542      0.8399      0.8168      0.0000      0.0000      0.0000     88.4561     60.1060      0.0000      0.0053     -0.0045      0.0078
     37.9864   -117.7470      1.0628      0.8401      0.8169      0.0000      0.0000      0.0000     88.4773     60.2760      0.0000      0.0049     -0.0040      0.0068
     37.9828   -117.7471      1.7728      0.8402      0.8169      0.0000      0.0000      0.0000     88.5030     60.4462      0.0000      0.0043     -0.0038      0.0058
     37.9791   -117.7471      2.4840      0.8403      0.8169      0.0000      0.0000      0.0000     88.5330     60.6166      0.0000      0.0037     -0.0038      0.0050
     37.9755   -117.7472      3.1964      0.8404      0.8169      0.0000      0.0000      0.0000     88.5675     60.7871      0.0000      0.0031     -0.0039      0.0043
     37.9720   -117.7473      3.9099      0.8406      0.8169      0.0000      0.0000      0.0000     88.6065     60.9579      0.0000      0.0024     -0.0041      0.0038
     37.9684   -117.7473      4.6247      0.8407      0.8169      0.0000      0.0000      0.0000     88.6500     61.1288      0.0000      0.0018     -0.0044      0.0033
     37.9649   -117.7474      5.3406      0.8408      0.8169      0.0000      0.0000      0.0000     88.6981     61.3000      0.0000      0.0012     -0.0048      0.0029
     37.9613   -117.7474      6.0577      0.8409      0.8169      0.0000      0.0000      0.0000     88.7507     61.4713      0.0000      0.0007     -0.0053      0.0026
     37.9578   -117.7475      6.7760      0.8410      0.8169      0.0000      0.0000      0.0000     88.8080     61.6429      0.0000      0.0002     -0.0060      0.0024
     37.9544   -117.7476      7.4954      0.8412      0.8169      0.0000      0.0000      0.0000     88.8698     61.8147      0.0000     -0.0002     -0.0072      0.0022
     37.9509   -117.7476      8.2161      0.8413      0.8170      0.0000      0.0000      0.0000     88.9363     61.9867    -86.8335     -0.0006     -0.0091      0.0020
     37.9475   -117.7477      8.9378      0.8414      0.8170      0.0000      0.0001      0.0001     89.0075     62.1590    -85.0000     -0.0009     -0.0091      0.0019
     37.9440   -117.7478      9.6608      0.8415      0.8170      0.0000      0.0003      0.0003     89.0835     62.3315    -85.0000     -0.0012     -0.0077      0.0018
     37.9406   -117.7478     10.3849      0.8416      0.8170      0.0001      0.0006      0.0006     89.1641     62.5042    -85.0000     -0.0015     -0.0058      0.0017
     37.9372   -117.7479     11.1101      0.8417      0.8170      0.0001      0.0008      0.0008     89.2496     62.6773    -85.0000     -0.0018     -0.0040      0.0016
     37.9339   -117.7479     11.8365      0.8418      0.8170      0.0001      0.0011      0.0011     89.3398     62.8506    -85.0000     -0.0021     -0.0025      0.0015
     37.9305   -117.7480     12.5640      0.8419      0.8170      0.0001      0.0013      0.0013     89.4348     63.0241    -85.0000     -0.0023     -0.0015      0.0015
     37.9272   -117.7481     13.2926      0.8420      0.8170      0.0001      0.0014      0.0014     89.5347     63.1980    -85.0000     -0.0025     -0.0004      0.0014
     37.9239   -117.7481     14.0224      0.8421      0.8170      0.0001      0.0016      0.0016     89.6395     63.3722    -85.0000     -0.0027      0.0008      0.0014
     37.9206   -117.7482     14.7533      0.8422      0.8170      0.0001      0.0017      0.0017     89.7491     63.5467    -85.0000     -0.0028      0.0024      0.0013
     37.9174   -117.7482     15.4853      0.8423      0.8170      0.0002      0.0017      0.0017     89.8637     63.7216    -85.0000     -0.0028      0.0044      0.0013
     37.9141   -117.7483     16.2184      0.8424      0.8170      0.0002      0.0017      0.0017     89.9833     63.8968    -85.0000     -0.0027      0.0076      0.0013
     37.9109   -117.7483     16.9526      0.8425      0.8170      0.0001      0.0016      0.0016     90.1078     64.0724    -85.0000     -0.0020      0.0211      0.0013
     37.9902   -117.7373      0.3544      0.8399      0.8173      0.0000      0.0000      0.0000     88.4561     60.1031      0.0000      0.0046     -0.0039      0.0069
     37.9866   -117.7374      1.0634      0.8401      0.8173      0.0000      0.0000      0.0000     88.4773     60.2678      0.0000      0.0043     -0.0036      0.0060
     37.9830   -117.7375      1.7737      0.8402      0.8174      0.0000      0.0000      0.0000     88.5029     60.4327      0.0000      0.0039     -0.0034      0.0053
     37.9793   -117.7375      2.4852      0.8403      0.8174      0.0000      0.0000      0.0000     88.5329     60.5977      0.0000      0.0033     -0.0033      0.0046
     37.9757   -117.7376      3.1979      0.8404      0.8174      0.0000      0.0000      0.0000     88.5674     60.7629      0.0000      0.0028     -0.0034      0.0040
     37.9721   -117.7377      3.9117      0.8406      0.8174      0.0000      0.0000      0.0000     88.6063     60.9283      0.0000      0.0023     -0.0035      0.0035
     37.9686   -117.7377      4.6266      0.8407      0.8174      0.0000      0.0000      0.0000     88.6497     61.0939      0.0000      0.0017     -0.0037      0.0031
     37.9650   -117.7378      5.3427      0.8408      0.8174      0.0000      0.0000      0.0000     88.6977     61.2596      0.0000      0.0012     -0.0040      0.0028
     37.9615   -117.7379      6.0599      0.8409      0.8174      0.0000      0.0000      0.0000     88.7502     61.4256      0.0000      0.0007     -0.0044      0.0025
     37.9580   -117.7379      6.7783      0.8410      0.8174      0.0000      0.0000      0.0000     88.8073     61.5917      0.0000      0.0003     -0.0049      0.0023
     37.9545   -117.7380      7.4978      0.8412      0.8174      0.0000      0.0000      0.0000     88.8690     61.7581      0.0000     -0.0000     -0.0057      0.0021
     37.9510   -117.7380      8.2185      0.8413      0.8174      0.0000      0.0000      0.0000     88.9354     61.9246    -85.0000     -0.0004     -0.0071      0.0020
     37.9476   -117.7381      8.9403      0.8414      0.8174      0.0000      0.0001      0.0001     89.0064     62.0914    -85.0000     -0.0007     -0.0080      0.0018
     37.9442   -117.7382      9.6631      0.8415      0.8174      0.0000      0.0002      0.0002     89.0821     62.2584    -85.0000     -0.0009     -0.0074      0.0017
     37.9407   -117.7382     10.3872      0.8416      0.8175      0.0000      0.0004      0.0004     89.1625     62.4257    -85.0000     -0.0012     -0.0059      0.0016
     37.9373   -117.7383     11.1123      0.8417      0.8175      0.0001      0.0006      0.0006     89.2477     62.5932    -85.0000     -0.0015     -0.0042      0.0015
     37.9340   -117.7383     11.8385      0.8418      0.8175      0.0001      0.0008      0.0008     89.3376     62.7609    -85.0000     -0.0017     -0.0028      0.0015
     37.9306   -117.7384     12.5659      0.8419      0.8175      0.0001      0.0010      0.0010     89.4324     62.9290    -85.0000     -0.0020     -0.0016      0.0014
     37.9273   -117.7385     13.2943      0.8420      0.8175      0.0001      0.0012      0.0012     89.5319     63.0973    -85.0000     -0.0022     -0.0005      0.0013
     37.9240   -117.7385     14.0238      0.8421      0.8175      0.0001      0.0013      0.0013     89.6363     63.2659    -85.0000     -0.0023      0.0008      0.0013
     37.9207   -117.7386     14.7544      0.8422      0.8175      0.0001      0.0015      0.0015     89.7456     63.4348    -85.0000     -0.0023      0.0024      0.0013
     37.9174   -117.7386     15.4862      0.8423      0.8175      0.0001      0.0015      0.0015     89.8598     63.6040    -85.0000     -0.0023      0.0045      0.0012
     37.9141   -117.7387     16.2189      0.8424      0.8175      0.0001      0.0015      0.0015     89.9789     63.7736    -85.0000     -0.0023      0.0074      0.0012
     37.9109   -117.7387     16.9528      0.8425      0.8175      0.0001      0.0014      0.0014     90.1030     63.9435    -85.0000     -0.0019      0.0185      0.0012
     37.9905   -117.7278      0.3546      0.8399      0.8178      0.0000      0.0000      0.0000     88.4562     60.1002      0.0000      0.0040     -0.0035      0.0061
     37.9868   -117.7278      1.0640      0.8400      0.8178      0.0000      0.0000      0.0000     88.4777     60.2596      0.0000      0.0038     -0.0032      0.0054
     37.9832   -117.7279      1.7747      0.8402      0.8178      0.0000      0.0000      0.0000     88.5036     60.4191      0.0000      0.0034     -0.0030      0.0048
     37.9795   -117.7280      2.4865      0.8403      0.8179      0.0000      0.0000      0.0000     88.5339     60.5788      0.0000      0.0030     -0.0029      0.0042
     37.9759   -117.7280      3.1994      0.8404      0.8179      0.0000      0.0000      0.0000     88.5688     60.7386      0.0000      0.0026     -0.0029      0.0037
     37.9723   -117.7281      3.9134      0.8406      0.8179      0.0000      0.0000      0.0000     88.6082     60.8986      0.0000      0.0021     -0.0030      0.0033
     37.9688   -117.7281      4.6286      0.8407      0.8179      0.0000      0.0000      0.0000     88.6521     61.0588      0.0000      0.0016     -0.0032      0.0030
     37.9652   -117.7282      5.3448      0.8408      0.8179      0.0000      0.0000      0.0000     88.7006     61.2192      0.0000      0.0012     -0.0034      0.0027
     37.9617   -117.7283      6.0622      0.8409      0.8179      0.0000      0.0000      0.0000     88.7537     61.3797      0.0000      0.0008     -0.0037      0.0024
     37.9582   -117.7283      6.7807      0.8410      0.8179      0.0000      0.0000      0.0000     88.8114     61.5404      0.0000      0.0004     -0.0041      0.0022
     37.9547   -117.7284      7.5002      0.8411      0.8179      0.0000      0.0000      0.0000     88.8737     61.7012      0.0000      0.0001     -0.0046      0.0020
     37.9512   -117.7284      8.2209      0.8413      0.8179      0.0000      0.0000      0.0000     88.9408     61.8623      0.0000     -0.0002     -0.0054      0.0019
     37.9477   -117.7285      8.9427      0.8414      0.8179      0.0000      0.0000      0.0000     89.0125     62.0236    -85.9976     -0.0005     -0.0067      0.0018
     37.9443   -117.7286      9.6655      0.8415      0.8179      0.0000      0.0001      0.0001     89.0890     62.1851    -85.0000     -0.0007     -0.0068      0.0017
     37.9409   -117.7286     10.3895      0.8416      0.8179      0.0000      0.0002      0.0002     89.1702     62.3468    -85.0000     -0.0009     -0.0058      0.0016
     37.9374   -117.7287     11.1145      0.8417      0.8179      0.0000      0.0004      0.0004     89.2562     62.5088    -85.0000     -0.0012     -0.0044      0.0015
     37.9341   -117.7287     11.8406      0.8418      0.8179      0.0001      0.0006      0.0006     89.3471     62.6710    -85.0000     -0.0014     -0.0031      0.0014
     37.9307   -117.7288     12.5677      0.8419      0.8180      0.0001      0.0008      0.0008     89.4427     62.8334    -85.0000     -0.0016     -0.0019      0.0013
     37.9273   -117.7289     13.2960      0.8420      0.8180      0.0001      0.0010      0.0010     89.5432     62.9962    -85.0000     -0.0018     -0.0007      0.0013
     37.9240   -117.7289     14.0253      0.8421      0.8180      0.0001      0.0011      0.0011     89.6486     63.1592    -85.0000     -0.0019      0.0007      0.0012
     37.9207   -117.7290     14.7556      0.8422      0.8180      0.0001      0.0013      0.0013     89.7589     63.3225    -85.0000     -0.0020      0.0025      0.0012
     37.9174   -117.7290     15.4870      0.8423      0.8180      0.0001      0.0013      0.0013     89.8742     63.4861    -85.0000     -0.0020      0.0044      0.0012
     37.9141   -117.7291     16.2195      0.8424      0.8180      0.0001      0.0013      0.0013     89.9944     63.6500    -85.0000     -0.0020      0.0065      0.0011
     37.9109   -117.7291     16.9530      0.8425      0.8180      0.0001      0.0012      0.0012     90.1196     63.8142    -85.0000     -0.0019      0.0146      0.0011
     37.9907   -117.7182      0.3548      0.8399      0.8183      0.0000      0.0000      0.0000     88.4562     60.0972      0.0000      0.0036     -0.0031      0.0054
     37.9870   -117.7182      1.0646      0.8400      0.8183      0.0000      0.0000      0.0000     88.4775     60.2513      0.0000      0.0034     -0.0028      0.0049
     37.9833   -117.7183      1.7756      0.8402      0.8183      0.0000      0.0000      0.0000     88.5032     60.4055      0.0000      0.0031     -0.0027      0.0044
     37.9797   -117.7184      2.4877      0.8403      0.8183      0.0000      0.0000      0.0000     88.5333     60.5599      0.0000      0.0027     -0.0026      0.0039
     37.9761   -117.7184      3.2009      0.8404      0.8183      0.0000      0.0000      0.0000     88.5679     60.7144      0.0000      0.0023     -0.0026      0.0035
     37.9725   -117.7185      3.9152      0.8406      0.8184      0.0000      0.0000      0.0000     88.6069     60.8690      0.0000      0.0019     -0.0026      0.0031
     37.9689   -117.7186      4.6305      0.8407      0.8184      0.0000      0.0000      0.0000     88.6505     61.0238      0.0000      0.0015     -0.0028      0.0028
     37.9654   -117.7186      5.3469      0.8408      0.8184      0.0000      0.0000      0.0000     88.6986     61.1788      0.0000      0.0012     -0.0029      0.0025
     37.9618   -117.7187      6.0644      0.8409      0.8184      0.0000      0.0000      0.0000     88.7512     61.3339      0.0000      0.0008     -0.0031      0.0023
     37.9583   -117.7187      6.7830      0.8410      0.8184      0.0000      0.0000      0.0000     88.8084     61.4891      0.0000      0.0005     -0.0034      0.0021
     37.9548   -117.7188      7.5027      0.8411      0.8184      0.0000      0.0000      0.0000     88.8702     61.6446      0.0000      0.0002     -0.0038      0.0020
     37.9513   -117.7189      8.2234      0.8413      0.8184      0.0000      0.0000      0.0000     88.9366     61.8002      0.0000     -0.0001     -0.0043      0.0018
     37.9478   -117.7189      8.9451      0.8414      0.8184      0.0000      0.0000      0.0000     89.0077     61.9560    -85.0000     -0.0003     -0.0053      0.0017
     37.9444   -117.7190      9.6679      0.8415      0.8184      0.0000      0.0000      0.0000     89.0835     62.1120    -85.0000     -0.0005     -0.0060      0.0016
     37.9410   -117.7190     10.3918      0.8416      0.8184      0.0000      0.0001      0.0001     89.1640     62.2682    -85.0000     -0.0007     -0.0056      0.0015
     37.9375   -117.7191     11.1167      0.8417      0.8184      0.0000      0.0003      0.0003     89.2491     62.4246    -85.0000     -0.0010     -0.0046      0.0014
     37.9341   -117.7191     11.8427      0.8418      0.8184      0.0000      0.0005      0.0005     89.3391     62.5813    -85.0000     -0.0012     -0.0034      0.0013
     37.9308   -117.7192     12.5696      0.8419      0.8184      0.0001      0.0006      0.0006     89.4338     62.7382    -85.0000     -0.0014     -0.0021      0.0013
     37.9274   -117.7193     13.2977      0.8420      0.8184      0.0001      0.0008      0.0008     89.5333     62.8953    -85.0000     -0.0015     -0.0009      0.0012
     37.9241   -117.7193     14.0267      0.8421      0.8184      0.0001      0.0010      0.0010     89.6377     63.0528    -85.0000     -0.0016      0.0007      0.0012
     37.9207   -117.7194     14.7568      0.8422      0.8185      0.0001      0.0011      0.0011     89.7469     63.2104    -85.0000     -0.0017      0.0025      0.0011
     37.9174   -117.7194     15.4879      0.8423      0.8185      0.0001      0.0012      0.0012     89.8610     63.3684    -85.0000     -0.0017      0.0044      0.0011
     37.9141   -117.7195     16.2200      0.8424      0.8185      0.0001      0.0011      0.0011     89.9799     63.5267    -85.0000     -0.0018      0.0055      0.0011
     37.9109   -117.7195     16.9532      0.8425      0.8185      0.0001      0.0009      0.0009     90.1038     63.6853    -85.0000     -0.0020      0.0096      0.0011
     37.9908   -117.7091      0.3549      0.7559      0.8188      0.0000      0.0000      0.0000     88.4565     60.0945      0.0000      0.0032     -0.0028      0.0049
     37.9872   -117.7091      1.0652      0.7560      0.8188      0.0000      0.0000      0.0000     88.4780     60.2435      0.0000      0.0030     -0.0026      0.0044
     37.9835   -117.7092      1.7765      0.7562      0.8188      0.0000      0.0000      0.0000     88.5038     60.3927      0.0000      0.0027     -0.0024      0.0040
     37.9799   -117.7093      2.4889      0.7563      0.8188      0.0000      0.0000      0.0000     88.5342     60.5420      0.0000      0.0025     -0.0023      0.0036
     37.9763   -117.7093      3.2023      0.7564      0.8188      0.0000      0.0000      0.0000     88.5689     60.6914      0.0000      0.0021     -0.0023      0.0032
     37.9727   -117.7094      3.9168      0.7565      0.8188      0.0000      0.0000      0.0000     88.6082     60.8410      0.0000      0.0018     -0.0023      0.0029
     37.9691   -117.7094      4.6324      0.7566      0.8188      0.0000      0.0000      0.0000     88.6520     60.9907      0.0000      0.0014     -0.0024      0.0026
     37.9655   -117.7095      5.3490      0.7567      0.8188      0.0000      0.0000      0.0000     88.7004     61.1405      0.0000      0.0011     -0.0025      0.0024
     37.9620   -117.7096      6.0666      0.7568      0.8188      0.0000      0.0000      0.0000     88.7533     61.2904      0.0000      0.0008     -0.0027      0.0022
     37.9585   -117.7096      6.7853      0.7569      0.8189      0.0000      0.0000      0.0000     88.8108     61.4406      0.0000      0.0005     -0.0029      0.0020
     37.9549   -117.7097      7.5050      0.7570      0.8189      0.0000      0.0000      0.0000     88.8729     61.5908      0.0000      0.0002     -0.0032      0.0019
     37.9515   -117.7097      8.2257      0.7571      0.8189      0.0000      0.0000      0.0000     88.9397     61.7413      0.0000     -0.0000     -0.0035      0.0017
     37.9480   -117.7098      8.9474      0.7572      0.8189      0.0000      0.0000      0.0000     89.0112     61.8919      0.0000     -0.0002     -0.0042      0.0016
     37.9445   -117.7099      9.6702      0.7573      0.8189      0.0000      0.0000      0.0000     89.0873     62.0427    -85.0596     -0.0004     -0.0051      0.0015
     37.9411   -117.7099     10.3940      0.7574      0.8189      0.0000      0.0001      0.0001     89.1682     62.1937    -85.0000     -0.0006     -0.0052      0.0014
     37.9376   -117.7100     11.1188      0.7575      0.8189      0.0000      0.0002      0.0002     89.2537     62.3449    -85.0000     -0.0008     -0.0046      0.0014
     37.9342   -117.7100     11.8446      0.7576      0.8189      0.0000      0.0003      0.0003     89.3441     62.4963    -85.0000     -0.0010     -0.0036      0.0013
     37.9308   -117.7101     12.5715      0.7577      0.8189      0.0000      0.0005      0.0005     89.4393     62.6479    -85.0000     -0.0011     -0.0024      0.0012
     37.9275   -117.7101     13.2993      0.7578      0.8189      0.0001      0.0006      0.0006     89.5392     62.7998    -85.0000     -0.0013     -0.0011      0.0012
     37.9241   -117.7102     14.0281      0.7579      0.8189      0.0001      0.0008      0.0008     89.6440     62.9519    -85.0000     -0.0014      0.0004      0.0011
     37.9208   -117.7102     14.7579      0.7580      0.8189      0.0001      0.0009      0.0009     89.7537     63.1043    -85.0000     -0.0014      0.0022      0.0011
     37.9174   -117.7103     15.4888      0.7581      0.8189      0.0001      0.0010      0.0010     89.8682     63.2570    -85.0000     -0.0015      0.0040      0.0011
     37.9141   -117.7104     16.2206      0.7582      0.8189      0.0001      0.0010      0.0010     89.9876     63.4100    -85.0000     -0.0017      0.0054      0.0010
     37.9108   -117.7104     16.9534      0.7583      0.8189      0.0001      0.0007      0.0007     90.1120     63.5632    -85.0000     -0.0022      0.0042      0.0010
     37.9910   -117.7000      0.3551      0.8399      0.8192      0.0000      0.0000      0.0000     88.4563     60.0917      0.0000      0.0028     -0.0025      0.0044
     37.9874   -117.7000      1.0657      0.8400      0.8192      0.0000      0.0000      0.0000     88.4778     60.2357      0.0000      0.0027     -0.0023      0.0040
     37.9837   -117.7001      1.7774      0.8402      0.8193      0.0000      0.0000      0.0000     88.5038     60.3798      0.0000      0.0025     -0.0022      0.0037
     37.9801   -117.7002      2.4901      0.8403      0.8193      0.0000      0.0000      0.0000     88.5342     60.5241      0.0000      0.0022     -0.0021      0.0033
     37.9765   -117.7002      3.2038      0.8404      0.8193      0.0000      0.0000      0.0000     88.5691     60.6684      0.0000      0.0019     -0.0021      0.0030
     37.9729   -117.7003      3.9185      0.8406      0.8193      0.0000      0.0000      0.0000     88.6085     60.8128      0.0000      0.0017     -0.0021      0.0027
     37.9693   -117.7003      4.6342      0.8407      0.8193      0.0000      0.0000      0.0000     88.6524     60.9574      0.0000      0.0014     -0.0021      0.0025
     37.9657   -117.7004      5.3510      0.8408      0.8193      0.0000      0.0000      0.0000     88.7009     61.1021      0.0000      0.0011     -0.0022      0.0023
     37.9622   -117.7005      6.0688      0.8409      0.8193      0.0000      0.0000      0.0000     88.7539     61.2469      0.0000      0.0008     -0.0023      0.0021
     37.9586   -117.7005      6.7875      0.8410      0.8193      0.0000      0.0000      0.0000     88.8116     61.3919      0.0000      0.0005     -0.0025      0.0019
     37.9551   -117.7006      7.5073      0.8411      0.8193      0.0000      0.0000      0.0000     88.8739     61.5370      0.0000      0.0003     -0.0027      0.0018
     37.9516   -117.7006      8.2280      0.8412      0.8193      0.0000      0.0000      0.0000     88.9408     61.6822      0.0000      0.0001     -0.0030      0.0017
     37.9481   -117.7007      8.9498      0.8413      0.8193      0.0000      0.0000      0.0000     89.0124     61.8276      0.0000     -0.0001     -0.0034      0.0016
     37.9446   -117.7007      9.6725      0.8415      0.8193      0.0000      0.0000      0.0000     89.0887     61.9732    -85.0000     -0.0003     -0.0041      0.0015
     37.9412   -117.7008     10.3962      0.8416      0.8194      0.0000      0.0000      0.0000     89.1697     62.1190    -85.0000     -0.0005     -0.0048      0.0014
     37.9377   -117.7008     11.1209      0.8417      0.8194      0.0000      0.0001      0.0001     89.2554     62.2650    -85.0000     -0.0007     -0.0046      0.0013
     37.9343   -117.7009     11.8466      0.8418      0.8194      0.0000      0.0002      0.0002     89.3460     62.4111    -85.0000     -0.0008     -0.0038      0.0012
     37.9309   -117.7010     12.5733      0.8419      0.8194      0.0000      0.0004      0.0004     89.4412     62.5575    -85.0000     -0.0010     -0.0027      0.0012
     37.9275   -117.7010     13.3009      0.8420      0.8194      0.0000      0.0005      0.0005     89.5414     62.7041    -85.0000     -0.0011     -0.0014      0.0011
     37.9241   -117.7011     14.0295      0.8421      0.8194      0.0001      0.0007      0.0007     89.6463     62.8509    -85.0000     -0.0012      0.0001      0.0011
     37.9208   -117.7011     14.7591      0.8422      0.8194      0.0001      0.0008      0.0008     89.7561     62.9980    -85.0000     -0.0013      0.0016      0.0010
     37.9175   -117.7012     15.4896      0.8423      0.8194      0.0001      0.0008      0.0008     89.8708     63.1454    -85.0000     -0.0015      0.0028      0.0010
     37.9141   -117.7012     16.2211      0.8424      0.8194      0.0001      0.0008      0.0008     89.9903     63.2930    -85.0000     -0.0018      0.0031      0.0010
     37.9108   -117.7013     16.9535      0.8425      0.8194      0.0001      0.0007      0.0007     90.1148     63.4409    -85.0000     -0.0016      0.0070      0.0010
     37.9912   -117.6904      0.3553      0.8399      0.8197      0.0000      0.0000      0.0000     88.4562     60.0888      0.0000      0.0025     -0.0023      0.0040
     37.9876   -117.6905      1.0663      0.8400      0.8197      0.0000      0.0000      0.0000     88.4776     60.2276      0.0000      0.0024     -0.0021      0.0037
     37.9839   -117.6905      1.7783      0.8402      0.8197      0.0000      0.0000      0.0000     88.5033     60.3664      0.0000      0.0022     -0.0020      0.0033
     37.9803   -117.6906      2.4913      0.8403      0.8198      0.0000      0.0000      0.0000     88.5335     60.5053      0.0000      0.0020     -0.0019      0.0030
     37.9767   -117.6906      3.2053      0.8404      0.8198      0.0000      0.0000      0.0000     88.5681     60.6443      0.0000      0.0018     -0.0019      0.0028
     37.9730   -117.6907      3.9203      0.8405      0.8198      0.0000      0.0000      0.0000     88.6072     60.7834      0.0000      0.0015     -0.0019      0.0025
     37.9695   -117.6907      4.6362      0.8407      0.8198      0.0000      0.0000      0.0000     88.6508     60.9226      0.0000      0.0013     -0.0019      0.0023
     37.9659   -117.6908      5.3531      0.8408      0.8198      0.0000      0.0000      0.0000     88.6988     61.0619      0.0000      0.0010     -0.0019      0.0021
     37.9623   -117.6909      6.0710      0.8409      0.8198      0.0000      0.0000      0.0000     88.7514     61.2014      0.0000      0.0008     -0.0020      0.0020
     37.9588   -117.6909      6.7899      0.8410      0.8198      0.0000      0.0000      0.0000     88.8085     61.3409      0.0000      0.0005     -0.0022      0.0018
     37.9552   -117.6910      7.5097      0.8411      0.8198      0.0000      0.0000      0.0000     88.8702     61.4806      0.0000      0.0003     -0.0023      0.0017
     37.9517   -117.6910      8.2305      0.8412      0.8198      0.0000      0.0000      0.0000     88.9366     61.6205      0.0000      0.0001     -0.0025      0.0016
     37.9482   -117.6911      8.9522      0.8413      0.8198      0.0000      0.0000      0.0000     89.0075     61.7604      0.0000     -0.0001     -0.0028      0.0015
     37.9447   -117.6911      9.6749      0.8415      0.8198      0.0000      0.0000      0.0000     89.0830     61.9006      0.0000     -0.0002     -0.0032      0.0014
     37.9413   -117.6912     10.3986      0.8416      0.8198      0.0000      0.0000      0.0000     89.1633     62.0409    -85.0000     -0.0004     -0.0041      0.0013
     37.9378   -117.6913     11.1232      0.8417      0.8198      0.0000      0.0000      0.0000     89.2482     62.1813    -85.0000     -0.0005     -0.0042      0.0013
     37.9344   -117.6913     11.8487      0.8418      0.8199      0.0000      0.0001      0.0001     89.3378     62.3220    -85.0000     -0.0007     -0.0037      0.0012
     37.9310   -117.6914     12.5752      0.8419      0.8199      0.0000      0.0003      0.0003     89.4321     62.4629    -85.0000     -0.0008     -0.0028      0.0011
     37.9276   -117.6914     13.3026      0.8420      0.8199      0.0000      0.0004      0.0004     89.5312     62.6040    -85.0000     -0.0009     -0.0015      0.0011
     37.9242   -117.6915     14.0310      0.8421      0.8199      0.0000      0.0005      0.0005     89.6351     62.7453    -85.0000     -0.0010     -0.0002      0.0010
     37.9208   -117.6915     14.7603      0.8422      0.8199      0.0001      0.0006      0.0006     89.7438     62.8868    -85.0000     -0.0012      0.0011      0.0010
     37.9175   -117.6916     15.4905      0.8423      0.8199      0.0001      0.0007      0.0007     89.8572     63.0286    -85.0000     -0.0013      0.0020      0.0010
     37.9141   -117.6916     16.2217      0.8424      0.8199      0.0001      0.0007      0.0007     89.9756     63.1706    -85.0000     -0.0015      0.0028      0.0009
     37.9108   -117.6917     16.9537      0.8425      0.8199      0.0001      0.0007      0.0007     90.0987     63.3130    -85.0000     -0.0012      0.0080      0.0009
     37.9914   -117.6808      0.3555      0.8399      0.8202      0.0000      0.0000      0.0000     88.4564     60.0859      0.0000      0.0022     -0.0021      0.0036
     37.9878   -117.6809      1.0669      0.8400      0.8202      0.0000      0.0000      0.0000     88.4781     60.2194      0.0000      0.0021     -0.0019      0.0033
     37.9841   -117.6809      1.7793      0.8402      0.8202      0.0000      0.0000      0.0000     88.5044     60.3528      0.0000      0.0020     -0.0018      0.0031
     37.9805   -117.6810      2.4926      0.8403      0.8203      0.0000      0.0000      0.0000     88.5351     60.4864      0.0000      0.0018     -0.0017      0.0028
     37.9768   -117.6810      3.2068      0.8404      0.8203      0.0000      0.0000      0.0000     88.5704     60.6201      0.0000      0.0016     -0.0017      0.0026
     37.9732   -117.6811      3.9221      0.8405      0.8203      0.0000      0.0000      0.0000     88.6101     60.7538      0.0000      0.0014     -0.0017      0.0024
     37.9696   -117.6812      4.6382      0.8407      0.8203      0.0000      0.0000      0.0000     88.6545     60.8876      0.0000      0.0012     -0.0017      0.0022
     37.9660   -117.6812      5.3553      0.8408      0.8203      0.0000      0.0000      0.0000     88.7034     61.0216      0.0000      0.0010     -0.0017      0.0020
     37.9625   -117.6813      6.0733      0.8409      0.8203      0.0000      0.0000      0.0000     88.7569     61.1556      0.0000      0.0008     -0.0018      0.0019
     37.9589   -117.6813      6.7923      0.8410      0.8203      0.0000      0.0000      0.0000     88.8150     61.2897      0.0000      0.0005     -0.0019      0.0017
     37.9554   -117.6814      7.5122      0.8411      0.8203      0.0000      0.0000      0.0000     88.8778     61.4240      0.0000      0.0004     -0.0020      0.0016
     37.9519   -117.6814      8.2330      0.8412      0.8203      0.0000      0.0000      0.0000     88.9452     61.5584      0.0000      0.0002     -0.0021      0.0015
     37.9484   -117.6815      8.9547      0.8413      0.8203      0.0000      0.0000      0.0000     89.0173     61.6929      0.0000      0.0000     -0.0023      0.0014
     37.9449   -117.6815      9.6774      0.8414      0.8203      0.0000      0.0000      0.0000     89.0942     61.8276      0.0000     -0.0001     -0.0026      0.0013
     37.9414   -117.6816     10.4009      0.8416      0.8203      0.0000      0.0000      0.0000     89.1758     61.9624    -85.0000     -0.0003     -0.0032      0.0013
     37.9379   -117.6817     11.1254      0.8417      0.8203      0.0000      0.0000      0.0000     89.2621     62.0973    -85.0000     -0.0004     -0.0037      0.0012
     37.9345   -117.6817     11.8508      0.8418      0.8203      0.0000      0.0001      0.0001     89.3532     62.2325    -85.0000     -0.0005     -0.0036      0.0011
     37.9311   -117.6818     12.5771      0.8419      0.8204      0.0000      0.0002      0.0002     89.4491     62.3678    -85.0000     -0.0007     -0.0028      0.0011
     37.9276   -117.6818     13.3044      0.8420      0.8204      0.0000      0.0003      0.0003     89.5498     62.5034    -85.0000     -0.0008     -0.0017      0.0010
     37.9242   -117.6819     14.0325      0.8421      0.8204      0.0000      0.0004      0.0004     89.6554     62.6391    -85.0000     -0.0009     -0.0005      0.0010
     37.9209   -117.6819     14.7615      0.8422      0.8204      0.0000      0.0005      0.0005     89.7658     62.7751    -85.0000     -0.0010      0.0007      0.0009
     37.9175   -117.6820     15.4914      0.8423      0.8204      0.0001      0.0006      0.0006     89.8811     62.9113    -85.0000     -0.0011      0.0018      0.0009
     37.9141   -117.6820     16.2222      0.8424      0.8204      0.0001      0.0006      0.0006     90.0013     63.0478    -85.0000     -0.0012      0.0031      0.0009
     37.9108   -117.6821     16.9539      0.8425      0.8204      0.0001      0.0006      0.0006     90.1264     63.1846    -85.0000     -0.0010      0.0080      0.0009
     37.9917   -117.6712      0.3558      0.8399      0.8207      0.0000      0.0000      0.0000     88.4563     60.0830      0.0000      0.0020     -0.0019      0.0033
     37.9880   -117.6713      1.0675      0.8400      0.8207      0.0000      0.0000      0.0000     88.4779     60.2111      0.0000      0.0019     -0.0017      0.0030
     37.9843   -117.6714      1.7802      0.8402      0.8207      0.0000      0.0000      0.0000     88.5039     60.3393      0.0000      0.0018     -0.0016      0.0028
     37.9807   -117.6714      2.4939      0.8403      0.8208      0.0000      0.0000      0.0000     88.5344     60.4675      0.0000      0.0016     -0.0016      0.0026
     37.9770   -117.6715      3.2084      0.8404      0.8208      0.0000      0.0000      0.0000     88.5694     60.5958      0.0000      0.0015     -0.0015      0.0024
     37.9734   -117.6715      3.9239      0.8405      0.8208      0.0000      0.0000      0.0000     88.6088     60.7242      0.0000      0.0013     -0.0015      0.0022
     37.9698   -117.6716      4.6402      0.8407      0.8208      0.0000      0.0000      0.0000     88.6528     60.8527      0.0000      0.0011     -0.0015      0.0020
     37.9662   -117.6716      5.3575      0.8408      0.8208      0.0000      0.0000      0.0000     88.7013     60.9812      0.0000      0.0009     -0.0015      0.0019
     37.9626   -117.6717      6.0756      0.8409      0.8208      0.0000      0.0000      0.0000     88.7543     61.1098      0.0000      0.0007     -0.0016      0.0018
     37.9591   -117.6717      6.7947      0.8410      0.8208      0.0000      0.0000      0.0000     88.8119     61.2385      0.0000      0.0005     -0.0016      0.0016
     37.9555   -117.6718      7.5146      0.8411      0.8208      0.0000      0.0000      0.0000     88.8741     61.3674      0.0000      0.0004     -0.0017      0.0015
     37.9520   -117.6718      8.2355      0.8412      0.8208      0.0000      0.0000      0.0000     88.9409     61.4963      0.0000      0.0002     -0.0018      0.0014
     37.9485   -117.6719      8.9572      0.8413      0.8208      0.0000      0.0000      0.0000     89.0124     61.6254      0.0000      0.0001     -0.0020      0.0014
     37.9450   -117.6720      9.6798      0.8414      0.8208      0.0000      0.0000      0.0000     89.0885     61.7546      0.0000     -0.0001     -0.0022      0.0013
     37.9415   -117.6720     10.4033      0.8416      0.8208      0.0000      0.0000      0.0000     89.1693     61.8839      0.0000     -0.0002     -0.0025      0.0012
     37.9380   -117.6721     11.1277      0.8417      0.8208      0.0000      0.0000      0.0000     89.2548     62.0134    -85.0000     -0.0003     -0.0032      0.0012
     37.9346   -117.6721     11.8530      0.8418      0.8208      0.0000      0.0000      0.0000     89.3450     62.1430    -85.0000     -0.0004     -0.0033      0.0011
     37.9311   -117.6722     12.5791      0.8419      0.8208      0.0000      0.0001      0.0001     89.4399     62.2728    -85.0000     -0.0006     -0.0029      0.0010
     37.9277   -117.6722     13.3061      0.8420      0.8208      0.0000      0.0002      0.0002     89.5396     62.4028    -85.0000     -0.0007     -0.0019      0.0010
     37.9243   -117.6723     14.0340      0.8421      0.8209      0.0000      0.0003      0.0003     89.6441     62.5330    -85.0000     -0.0008     -0.0008      0.0009
     37.9209   -117.6723     14.7627      0.8422      0.8209      0.0000      0.0004      0.0004     89.7534     62.6634    -85.0000     -0.0009      0.0005      0.0009
     37.9175   -117.6724     15.4923      0.8423      0.8209      0.0000      0.0005      0.0005     89.8675     62.7941    -85.0000     -0.0009      0.0018      0.0009
     37.9141   -117.6724     16.2228      0.8424      0.8209      0.0000      0.0006      0.0006     89.9864     62.9250    -85.0000     -0.0010      0.0031      0.0008
     37.9108   -117.6725     16.9541      0.8425      0.8209      0.0000      0.0005      0.0005     90.1102     63.0561    -85.0000     -0.0009      0.0073      0.0008
     37.9919   -117.6617      0.3560      0.8399      0.8212      0.0000      0.0000      0.0000     88.4562     60.0802      0.0000      0.0018     -0.0017      0.0030
     37.9882   -117.6617      1.0681      0.8400      0.8212      0.0000      0.0000      0.0000     88.4777     60.2030      0.0000      0.0017     -0.0016      0.0028
     37.9845   -117.6618      1.7812      0.8402      0.8212      0.0000      0.0000      0.0000     88.5035     60.3259      0.0000      0.0016     -0.0015      0.0026
     37.9809   -117.6618      2.4951      0.8403      0.8212      0.0000      0.0000      0.0000     88.5337     60.4488      0.0000      0.0015     -0.0014      0.0024
     37.9772   -117.6619      3.2099      0.8404      0.8213      0.0000      0.0000      0.0000     88.5684     60.5718      0.0000      0.0013     -0.0014      0.0022
     37.9736   -117.6619      3.9256      0.8405      0.8213      0.0000      0.0000      0.0000     88.6075     60.6949      0.0000      0.0012     -0.0013      0.0021
     37.9700   -117.6620      4.6422      0.8407      0.8213      0.0000      0.0000      0.0000     88.6511     60.8180      0.0000      0.0010     -0.0013      0.0019
     37.9664   -117.6620      5.3596      0.8408      0.8213      0.0000      0.0000      0.0000     88.6991     60.9412      0.0000      0.0009     -0.0014      0.0018
     37.9628   -117.6621      6.0779      0.8409      0.8213      0.0000      0.0000      0.0000     88.7517     61.0645      0.0000      0.0007     -0.0014      0.0017
     37.9592   -117.6621      6.7971      0.8410      0.8213      0.0000      0.0000      0.0000     88.8087     61.1879      0.0000      0.0005     -0.0014      0.0016
     37.9557   -117.6622      7.5171      0.8411      0.8213      0.0000      0.0000      0.0000     88.8704     61.3114      0.0000      0.0004     -0.0015      0.0015
     37.9521   -117.6623      8.2380      0.8412      0.8213      0.0000      0.0000      0.0000     88.9365     61.4349      0.0000      0.0002     -0.0016      0.0014
     37.9486   -117.6623      8.9597      0.8413      0.8213      0.0000      0.0000      0.0000     89.0073     61.5586      0.0000      0.0001     -0.0017      0.0013
     37.9451   -117.6624      9.6823      0.8414      0.8213      0.0000      0.0000      0.0000     89.0827     61.6824      0.0000     -0.0000     -0.0018      0.0012
     37.9416   -117.6624     10.4057      0.8416      0.8213      0.0000      0.0000      0.0000     89.1627     61.8063      0.0000     -0.0002     -0.0020      0.0012
     37.9381   -117.6625     11.1300      0.8417      0.8213      0.0000      0.0000      0.0000     89.2473     61.9303      0.0000     -0.0003     -0.0025      0.0011
     37.9347   -117.6625     11.8551      0.8418      0.8213      0.0000      0.0000      0.0000     89.3366     62.0545    -85.0000     -0.0004     -0.0030      0.0010
     37.9312   -117.6626     12.5810      0.8419      0.8213      0.0000      0.0001      0.0001     89.4306     62.1789    -85.0000     -0.0005     -0.0028      0.0010
     37.9278   -117.6626     13.3078      0.8420      0.8213      0.0000      0.0001      0.0001     89.5292     62.3034    -85.0000     -0.0006     -0.0021      0.0009
     37.9243   -117.6627     14.0355      0.8421      0.8213      0.0000      0.0002      0.0002     89.6326     62.4281    -85.0000     -0.0006     -0.0010      0.0009
     37.9209   -117.6627     14.7639      0.8422      0.8213      0.0000      0.0004      0.0004     89.7407     62.5530    -85.0000     -0.0007      0.0004      0.0009
     37.9175   -117.6628     15.4932      0.8423      0.8213      0.0000      0.0004      0.0004     89.8536     62.6782    -85.0000     -0.0007      0.0017      0.0008
     37.9141   -117.6628     16.2234      0.8424      0.8214      0.0000      0.0005      0.0005     89.9713     62.8035    -85.0000     -0.0008      0.0028      0.0008
     37.9108   -117.6629     16.9543      0.8425      0.8214      0.0000      0.0004      0.0004     90.0938     62.9291    -85.0000     -0.0008      0.0059      0.0008
     37.9921   -117.6521      0.3562      0.8399      0.8217      0.0000      0.0000      0.0000     88.4564     60.0773      0.0000      0.0016     -0.0016      0.0027
     37.9884   -117.6521      1.0687      0.8400      0.8217      0.0000      0.0000      0.0000     88.4782     60.1948      0.0000      0.0016     -0.0014      0.0025
     37.9847   -117.6522      1.7821      0.8402      0.8217      0.0000      0.0000      0.0000     88.5046     60.3124      0.0000      0.0015     -0.0014      0.0024
     37.9811   -117.6522      2.4964      0.8403      0.8217      0.0000      0.0000      0.0000     88.5354     60.4301      0.0000      0.0014     -0.0013      0.0022
     37.9774   -117.6523      3.2115      0.8404      0.8217      0.0000      0.0000      0.0000     88.5706     60.5478      0.0000      0.0012     -0.0012      0.0021
     37.9738   -117.6523      3.9274      0.8405      0.8218      0.0000      0.0000      0.0000     88.6105     60.6655      0.0000      0.0011     -0.0012      0.0019
     37.9702   -117.6524      4.6442      0.8406      0.8218      0.0000      0.0000      0.0000     88.6548     60.7833      0.0000      0.0010     -0.0012      0.0018
     37.9666   -117.6525      5.3618      0.8408      0.8218      0.0000      0.0000      0.0000     88.7037     60.9011      0.0000      0.0008     -0.0012      0.0017
     37.9630   -117.6525      6.0802      0.8409      0.8218      0.0000      0.0000      0.0000     88.7572     61.0190      0.0000      0.0007     -0.0012      0.0016
     37.9594   -117.6526      6.7995      0.8410      0.8218      0.0000      0.0000      0.0000     88.8153     61.1370      0.0000      0.0005     -0.0013      0.0015
     37.9558   -117.6526      7.5196      0.8411      0.8218      0.0000      0.0000      0.0000     88.8780     61.2551      0.0000      0.0004     -0.0013      0.0014
     37.9523   -117.6527      8.2405      0.8412      0.8218      0.0000      0.0000      0.0000     88.9453     61.3732      0.0000      0.0002     -0.0014      0.0013
     37.9487   -117.6527      8.9622      0.8413      0.8218      0.0000      0.0000      0.0000     89.0173     61.4915      0.0000      0.0001     -0.0015      0.0012
     37.9452   -117.6528      9.6847      0.8414      0.8218      0.0000      0.0000      0.0000     89.0939     61.6098      0.0000      0.0000     -0.0016      0.0012
     37.9417   -117.6528     10.4081      0.8415      0.8218      0.0000      0.0000      0.0000     89.1752     61.7283      0.0000     -0.0001     -0.0017      0.0011
     37.9382   -117.6529     11.1322      0.8416      0.8218      0.0000      0.0000      0.0000     89.2613     61.8469      0.0000     -0.0002     -0.0020      0.0011
     37.9347   -117.6529     11.8572      0.8418      0.8218      0.0000      0.0000      0.0000     89.3521     61.9656    -85.0000     -0.0003     -0.0025      0.0010
     37.9313   -117.6530     12.5830      0.8419      0.8218      0.0000      0.0000      0.0000     89.4476     62.0845    -85.0000     -0.0004     -0.0026      0.0010
     37.9278   -117.6530     13.3096      0.8420      0.8218      0.0000      0.0001      0.0001     89.5479     62.2035    -85.0000     -0.0005     -0.0021      0.0009
     37.9244   -117.6531     14.0370      0.8421      0.8218      0.0000      0.0002      0.0002     89.6530     62.3228    -85.0000     -0.0005     -0.0011      0.0009
     37.9210   -117.6531     14.7652      0.8422      0.8218      0.0000      0.0003      0.0003     89.7629     62.4422    -85.0000     -0.0006      0.0002      0.0008
     37.9175   -117.6532     15.4941      0.8423      0.8218      0.0000      0.0004      0.0004     89.8776     62.5618    -85.0000     -0.0006      0.0015      0.0008
     37.9141   -117.6532     16.2239      0.8424      0.8218      0.0000      0.0004      0.0004     89.9971     62.6816    -85.0000     -0.0007      0.0024      0.0008
     37.9108   -117.6533     16.9545      0.8425      0.8218      0.0000      0.0003      0.0003     90.1216     62.8017    -85.0000     -0.0009      0.0039      0.0007
     37.9923   -117.6430      0.3564      0.7559      0.8222      0.0000      0.0000      0.0000     88.4566     60.0745      0.0000      0.0015     -0.0014      0.0025
     37.9886   -117.6430      1.0692      0.7560      0.8222      0.0000      0.0000      0.0000     88.4782     60.1871      0.0000      0.0014     -0.0013      0.0024
     37.9849   -117.6431      1.7830      0.7561      0.8222      0.0000      0.0000      0.0000     88.5043     60.2996      0.0000      0.0013     -0.0013      0.0022
     37.9812   -117.6431      2.4976      0.7563      0.8222      0.0000      0.0000      0.0000     88.5348     60.4122      0.0000      0.0012     -0.0012      0.0021
     37.9776   -117.6432      3.2130      0.7564      0.8222      0.0000      0.0000      0.0000     88.5697     60.5249      0.0000      0.0011     -0.0011      0.0019
     37.9740   -117.6432      3.9291      0.7565      0.8222      0.0000      0.0000      0.0000     88.6091     60.6375      0.0000      0.0010     -0.0011      0.0018
     37.9703   -117.6433      4.6461      0.7566      0.8222      0.0000      0.0000      0.0000     88.6530     60.7502      0.0000      0.0009     -0.0011      0.0017
     37.9667   -117.6433      5.3639      0.7567      0.8222      0.0000      0.0000      0.0000     88.7014     60.8630      0.0000      0.0008     -0.0011      0.0016
     37.9631   -117.6434      6.0824      0.7568      0.8223      0.0000      0.0000      0.0000     88.7543     60.9758      0.0000      0.0006     -0.0011      0.0015
     37.9595   -117.6434      6.8018      0.7569      0.8223      0.0000      0.0000      0.0000     88.8117     61.0887      0.0000      0.0005     -0.0011      0.0014
     37.9560   -117.6435      7.5219      0.7570      0.8223      0.0000      0.0000      0.0000     88.8737     61.2016      0.0000      0.0004     -0.0012      0.0013
     37.9524   -117.6435      8.2429      0.7571      0.8223      0.0000      0.0000      0.0000     88.9403     61.3146      0.0000      0.0003     -0.0012      0.0012
     37.9489   -117.6436      8.9646      0.7572      0.8223      0.0000      0.0000      0.0000     89.0115     61.4278      0.0000      0.0001     -0.0013      0.0012
     37.9453   -117.6436      9.6871      0.7573      0.8223      0.0000      0.0000      0.0000     89.0873     61.5410      0.0000      0.0000     -0.0014      0.0011
     37.9418   -117.6437     10.4103      0.7574      0.8223      0.0000      0.0000      0.0000     89.1677     61.6543      0.0000     -0.0001     -0.0015      0.0011
     37.9383   -117.6438     11.1344      0.7575      0.8223      0.0000      0.0000      0.0000     89.2527     61.7677      0.0000     -0.0002     -0.0016      0.0010
     37.9348   -117.6438     11.8592      0.7576      0.8223      0.0000      0.0000      0.0000     89.3424     61.8812      0.0000     -0.0002     -0.0020      0.0010
     37.9313   -117.6439     12.5849      0.7577      0.8223      0.0000      0.0000      0.0000     89.4368     61.9949    -85.0000     -0.0003     -0.0024      0.0009
     37.9279   -117.6439     13.3112      0.7578      0.8223      0.0000      0.0001      0.0001     89.5359     62.1088    -85.0000     -0.0004     -0.0021      0.0009
     37.9244   -117.6439     14.0384      0.7579      0.8223      0.0000      0.0001      0.0001     89.6397     62.2228    -85.0000     -0.0004     -0.0012      0.0008
     37.9210   -117.6440     14.7663      0.7580      0.8223      0.0000      0.0002      0.0002     89.7483     62.3369    -85.0000     -0.0005     -0.0001      0.0008
     37.9176   -117.6440     15.4950      0.7581      0.8223      0.0000      0.0003      0.0003     89.8616     62.4513    -85.0000     -0.0005      0.0012      0.0008
     37.9141   -117.6441     16.2245      0.7582      0.8223      0.0000      0.0003      0.0003     89.9797     62.5659    -85.0000     -0.0007      0.0021      0.0007
     37.9107   -117.6441     16.9547      0.7583      0.8223      0.0000      0.0002      0.0002     90.1025     62.6807    -85.0000     -0.0009      0.0017      0.0007
     37.9924   -117.6339      0.3565      0.8399      0.8227      0.0000      0.0000      0.0000     88.4564     60.0718      0.0000      0.0013     -0.0013      0.0023
     37.9888   -117.6339      1.0698      0.8400      0.8227      0.0000      0.0000      0.0000     88.4782     60.1793      0.0000      0.0013     -0.0012      0.0022
     37.9851   -117.6340      1.7839      0.8401      0.8227      0.0000      0.0000      0.0000     88.5044     60.2869      0.0000      0.0012     -0.0012      0.0020
     37.9814   -117.6340      2.4988      0.8403      0.8227      0.0000      0.0000      0.0000     88.5351     60.3945      0.0000      0.0011     -0.0011      0.0019
     37.9778   -117.6341      3.2144      0.8404      0.8227      0.0000      0.0000      0.0000     88.5702     60.5020      0.0000      0.0010     -0.0011      0.0018
     37.9741   -117.6341      3.9309      0.8405      0.8227      0.0000      0.0000      0.0000     88.6098     60.6097      0.0000      0.0009     -0.0010      0.0017
     37.9705   -117.6342      4.6480      0.8406      0.8227      0.0000      0.0000      0.0000     88.6540     60.7173      0.0000      0.0008     -0.0010      0.0016
     37.9669   -117.6342      5.3660      0.8408      0.8227      0.0000      0.0000      0.0000     88.7026     60.8250      0.0000      0.0007     -0.0010      0.0015
     37.9633   -117.6343      6.0846      0.8409      0.8227      0.0000      0.0000      0.0000     88.7558     60.9327      0.0000      0.0006     -0.0010      0.0014
     37.9597   -117.6343      6.8041      0.8410      0.8227      0.0000      0.0000      0.0000     88.8136     61.0405      0.0000      0.0005     -0.0010      0.0013
     37.9561   -117.6344      7.5243      0.8411      0.8227      0.0000      0.0000      0.0000     88.8759     61.1484      0.0000      0.0004     -0.0011      0.0013
     37.9525   -117.6344      8.2453      0.8412      0.8228      0.0000      0.0000      0.0000     88.9428     61.2563      0.0000      0.0003     -0.0011      0.0012
     37.9490   -117.6345      8.9670      0.8413      0.8228      0.0000      0.0000      0.0000     89.0143     61.3642      0.0000      0.0002     -0.0011      0.0011
     37.9455   -117.6345      9.6894      0.8414      0.8228      0.0000      0.0000      0.0000     89.0905     61.4723      0.0000      0.0001     -0.0012      0.0011
     37.9419   -117.6346     10.4126      0.8415      0.8228      0.0000      0.0000      0.0000     89.1712     61.5805      0.0000     -0.0000     -0.0013      0.0010
     37.9384   -117.6346     11.1366      0.8416      0.8228      0.0000      0.0000      0.0000     89.2567     61.6887      0.0000     -0.0001     -0.0014      0.0010
     37.9349   -117.6347     11.8613      0.8417      0.8228      0.0000      0.0000      0.0000     89.3468     61.7971      0.0000     -0.0002     -0.0016      0.0009
     37.9314   -117.6347     12.5867      0.8419      0.8228      0.0000      0.0000      0.0000     89.4416     61.9056    -85.0000     -0.0003     -0.0021      0.0009
     37.9279   -117.6348     13.3129      0.8420      0.8228      0.0000      0.0000      0.0000     89.5412     62.0143    -85.0000     -0.0003     -0.0020      0.0008
     37.9245   -117.6348     14.0398      0.8421      0.8228      0.0000      0.0001      0.0001     89.6454     62.1231    -85.0000     -0.0004     -0.0014      0.0008
     37.9210   -117.6349     14.7675      0.8422      0.8228      0.0000      0.0002      0.0002     89.7544     62.2321    -85.0000     -0.0004     -0.0004      0.0008
     37.9176   -117.6349     15.4959      0.8423      0.8228      0.0000      0.0002      0.0002     89.8682     62.3413    -85.0000     -0.0005      0.0005      0.0007
     37.9141   -117.6350     16.2250      0.8424      0.8228      0.0000      0.0002      0.0002     89.9867     62.4506    -85.0000     -0.0007      0.0010      0.0007
     37.9107   -117.6350     16.9549      0.8425      0.8228      0.0000      0.0002      0.0002     90.1100     62.5602    -85.0000     -0.0007      0.0020      0.0007
     37.9926   -117.6243      0.3568      0.8399      0.8232      0.0000      0.0000      0.0000     88.4564     60.0689      0.0000      0.0012     -0.0012      0.0021
     37.9890   -117.6243      1.0704      0.8400      0.8232      0.0000      0.0000      0.0000     88.4783     60.1712      0.0000      0.0012     -0.0011      0.0020
     37.9853   -117.6244      1.7849      0.8401      0.8232      0.0000      0.0000      0.0000     88.5047     60.2734      0.0000      0.0011     -0.0011      0.0019
     37.9816   -117.6244      2.5001      0.8403      0.8232      0.0000      0.0000      0.0000     88.5355     60.3757      0.0000      0.0010     -0.0010      0.0018
     37.9780   -117.6245      3.2160      0.8404      0.8232      0.0000      0.0000      0.0000     88.5708     60.4780      0.0000      0.0010     -0.0010      0.0017
     37.9743   -117.6245      3.9327      0.8405      0.8232      0.0000      0.0000      0.0000     88.6107     60.5802      0.0000      0.0009     -0.0009      0.0016
     37.9707   -117.6246      4.6500      0.8406      0.8232      0.0000      0.0000      0.0000     88.6550     60.6826      0.0000      0.0008     -0.0009      0.0015
     37.9671   -117.6246      5.3682      0.8408      0.8232      0.0000      0.0000      0.0000     88.7038     60.7849      0.0000      0.0007     -0.0009      0.0014
     37.9634   -117.6247      6.0870      0.8409      0.8232      0.0000      0.0000      0.0000     88.7573     60.8873      0.0000      0.0006     -0.0009      0.0013
     37.9598   -117.6247      6.8065      0.8410      0.8232      0.0000      0.0000      0.0000     88.8152     60.9897      0.0000      0.0005     -0.0009      0.0013
     37.9563   -117.6248      7.5268      0.8411      0.8232      0.0000      0.0000      0.0000     88.8778     61.0921      0.0000      0.0004     -0.0009      0.0012
     37.9527   -117.6248      8.2478      0.8412      0.8233      0.0000      0.0000      0.0000     88.9450     61.1946      0.0000      0.0003     -0.0010      0.0011
     37.9491   -117.6249      8.9695      0.8413      0.8233      0.0000      0.0000      0.0000     89.0168     61.2972      0.0000      0.0002     -0.0010      0.0011
     37.9456   -117.6249      9.6919      0.8414      0.8233      0.0000      0.0000      0.0000     89.0932     61.3999      0.0000      0.0001     -0.0010      0.0010
     37.9420   -117.6250     10.4151      0.8415      0.8233      0.0000      0.0000      0.0000     89.1742     61.5026      0.0000      0.0000     -0.0011      0.0010
     37.9385   -117.6250     11.1389      0.8416      0.8233      0.0000      0.0000      0.0000     89.2600     61.6054      0.0000     -0.0001     -0.0012      0.0009
     37.9350   -117.6251     11.8635      0.8417      0.8233      0.0000      0.0000      0.0000     89.3504     61.7084      0.0000     -0.0001     -0.0013      0.0009
     37.9315   -117.6251     12.5887      0.8419      0.8233      0.0000      0.0000      0.0000     89.4455     61.8114      0.0000     -0.0002     -0.0017      0.0008
     37.9280   -117.6252     13.3147      0.8420      0.8233      0.0000      0.0000      0.0000     89.5453     61.9146    -85.0000     -0.0003     -0.0018      0.0008
     37.9245   -117.6252     14.0414      0.8421      0.8233      0.0000      0.0001      0.0001     89.6498     62.0180    -85.0000     -0.0003     -0.0014      0.0008
     37.9210   -117.6253     14.7687      0.8422      0.8233      0.0000      0.0001      0.0001     89.7591     62.1215    -85.0000     -0.0004     -0.0007      0.0007
     37.9176   -117.6253     15.4968      0.8423      0.8233      0.0000      0.0002      0.0002     89.8732     62.2251    -85.0000     -0.0005      0.0001      0.0007
     37.9141   -117.6254     16.2256      0.8424      0.8233      0.0000      0.0002      0.0002     89.9920     62.3290    -85.0000     -0.0006      0.0007      0.0007
     37.9107   -117.6254     16.9551      0.8425      0.8233      0.0000      0.0002      0.0002     90.1157     62.4331    -85.0000     -0.0006      0.0021      0.0006
     37.9928   -117.6147      0.3570      0.8399      0.8237      0.0000      0.0000      0.0000     88.4565     60.0661      0.0000      0.0011     -0.0011      0.0020
     37.9892   -117.6148      1.0710      0.8400      0.8237      0.0000      0.0000      0.0000     88.4785     60.1630      0.0000      0.0011     -0.0010      0.0019
     37.9855   -117.6148      1.7859      0.8401      0.8237      0.0000      0.0000      0.0000     88.5050     60.2599      0.0000      0.0010     -0.0010      0.0018
     37.9818   -117.6149      2.5014      0.8403      0.8237      0.0000      0.0000      0.0000     88.5360     60.3569      0.0000      0.0009     -0.0009      0.0017
     37.9781   -117.6149      3.2176      0.8404      0.8237      0.0000      0.0000      0.0000     88.5715     60.4538      0.0000      0.0009     -0.0009      0.0016
     37.9745   -117.6150      3.9345      0.8405      0.8237      0.0000      0.0000      0.0000     88.6115     60.5507      0.0000      0.0008     -0.0009      0.0015
     37.9709   -117.6150      4.6521      0.8406      0.8237      0.0000      0.0000      0.0000     88.6560     60.6477      0.0000      0.0007     -0.0009      0.0014
     37.9672   -117.6151      5.3704      0.8408      0.8237      0.0000      0.0000      0.0000     88.7051     60.7447      0.0000      0.0006     -0.0008      0.0013
     37.9636   -117.6151      6.0893      0.8409      0.8237      0.0000      0.0000      0.0000     88.7587     60.8417      0.0000      0.0005     -0.0008      0.0013
     37.9600   -117.6152      6.8090      0.8410      0.8237      0.0000      0.0000      0.0000     88.8169     60.9387      0.0000      0.0004     -0.0008      0.0012
     37.9564   -117.6152      7.5293      0.8411      0.8238      0.0000      0.0000      0.0000     88.8797     61.0358      0.0000      0.0004     -0.0009      0.0011
     37.9528   -117.6152      8.2504      0.8412      0.8238      0.0000      0.0000      0.0000     88.9472     61.1329      0.0000      0.0003     -0.0009      0.0011
     37.9493   -117.6153      8.9721      0.8413      0.8238      0.0000      0.0000      0.0000     89.0192     61.2300      0.0000      0.0002     -0.0009      0.0010
     37.9457   -117.6153      9.6944      0.8414      0.8238      0.0000      0.0000      0.0000     89.0959     61.3273      0.0000      0.0001     -0.0009      0.0010
     37.9421   -117.6154     10.4175      0.8415      0.8238      0.0000      0.0000      0.0000     89.1772     61.4246      0.0000      0.0000     -0.0010      0.0009
     37.9386   -117.6154     11.1412      0.8416      0.8238      0.0000      0.0000      0.0000     89.2632     61.5220      0.0000     -0.0000     -0.0010      0.0009
     37.9351   -117.6155     11.8656      0.8417      0.8238      0.0000      0.0000      0.0000     89.3539     61.6194      0.0000     -0.0001     -0.0011      0.0008
     37.9316   -117.6155     12.5907      0.8418      0.8238      0.0000      0.0000      0.0000     89.4493     61.7170      0.0000     -0.0002     -0.0013      0.0008
     37.9281   -117.6156     13.3165      0.8420      0.8238      0.0000      0.0000      0.0000     89.5495     61.8148    -85.0000     -0.0002     -0.0016      0.0008
     37.9246   -117.6156     14.0429      0.8421      0.8238      0.0000      0.0000      0.0000     89.6543     61.9126    -85.0000     -0.0003     -0.0014      0.0007
     37.9211   -117.6157     14.7700      0.8422      0.8238      0.0000      0.0001      0.0001     89.7639     62.0106    -85.0000     -0.0004     -0.0009      0.0007
     37.9176   -117.6157     15.4978      0.8423      0.8238      0.0000      0.0001      0.0001     89.8783     62.1088    -85.0000     -0.0004     -0.0002      0.0007
     37.9141   -117.6158     16.2262      0.8424      0.8238      0.0000      0.0002      0.0002     89.9974     62.2072    -85.0000     -0.0005      0.0006      0.0006
     37.9107   -117.6158     16.9553      0.8425      0.8238      0.0000      0.0002      0.0002     90.1213     62.3057    -85.0000     -0.0005      0.0019      0.0006
     37.9931   -117.6051      0.3572      0.8399      0.8242      0.0000      0.0000      0.0000     88.4564     60.0632      0.0000      0.0010     -0.0010      0.0018
     37.9894   -117.6052      1.0716      0.8400      0.8242      0.0000      0.0000      0.0000     88.4782     60.1549      0.0000      0.0010     -0.0010      0.0017
     37.9857   -117.6052      1.7868      0.8401      0.8242      0.0000      0.0000      0.0000     88.5045     60.2465      0.0000      0.0009     -0.0009      0.0016
     37.9820   -117.6053      2.5027      0.8403      0.8242      0.0000      0.0000      0.0000     88.5353     60.3381      0.0000      0.0009     -0.0009      0.0016
     37.9783   -117.6053      3.2192      0.8404      0.8242      0.0000      0.0000      0.0000     88.5704     60.4298      0.0000      0.0008     -0.0008      0.0015
     37.9747   -117.6054      3.9363      0.8405      0.8242      0.0000      0.0000      0.0000     88.6101     60.5214      0.0000      0.0007     -0.0008      0.0014
     37.9710   -117.6054      4.6541      0.8406      0.8242      0.0000      0.0000      0.0000     88.6542     60.6130      0.0000      0.0007     -0.0008      0.0013
     37.9674   -117.6055      5.3726      0.8407      0.8242      0.0000      0.0000      0.0000     88.7028     60.7047      0.0000      0.0006     -0.0008      0.0013
     37.9638   -117.6055      6.0917      0.8409      0.8242      0.0000      0.0000      0.0000     88.7560     60.7963      0.0000      0.0005     -0.0008      0.0012
     37.9602   -117.6056      6.8115      0.8410      0.8242      0.0000      0.0000      0.0000     88.8136     60.8880      0.0000      0.0004     -0.0008      0.0011
     37.9566   -117.6056      7.5319      0.8411      0.8243      0.0000      0.0000      0.0000     88.8758     60.9797      0.0000      0.0003     -0.0008      0.0011
     37.9530   -117.6057      8.2529      0.8412      0.8243      0.0000      0.0000      0.0000     88.9426     61.0714      0.0000      0.0003     -0.0008      0.0010
     37.9494   -117.6057      8.9746      0.8413      0.8243      0.0000      0.0000      0.0000     89.0139     61.1632      0.0000      0.0002     -0.0008      0.0010
     37.9458   -117.6058      9.6970      0.8414      0.8243      0.0000      0.0000      0.0000     89.0898     61.2551      0.0000      0.0001     -0.0008      0.0009
     37.9423   -117.6058     10.4199      0.8415      0.8243      0.0000      0.0000      0.0000     89.1704     61.3470      0.0000      0.0000     -0.0009      0.0009
     37.9387   -117.6058     11.1436      0.8416      0.8243      0.0000      0.0000      0.0000     89.2555     61.4390      0.0000     -0.0000     -0.0009      0.0008
     37.9352   -117.6059     11.8678      0.8417      0.8243      0.0000      0.0000      0.0000     89.3452     61.5310      0.0000     -0.0001     -0.0010      0.0008
     37.9316   -117.6059     12.5927      0.8418      0.8243      0.0000      0.0000      0.0000     89.4396     61.6232      0.0000     -0.0001     -0.0011      0.0008
     37.9281   -117.6060     13.3183      0.8420      0.8243      0.0000      0.0000      0.0000     89.5387     61.7155      0.0000     -0.0002     -0.0013      0.0007
     37.9246   -117.6060     14.0445      0.8421      0.8243      0.0000      0.0000      0.0000     89.6424     61.8079    -85.0000     -0.0003     -0.0013      0.0007
     37.9211   -117.6061     14.7713      0.8422      0.8243      0.0000      0.0000      0.0000     89.7509     61.9004    -85.0000     -0.0003     -0.0010      0.0007
     37.9176   -117.6061     15.4987      0.8423      0.8243      0.0000      0.0001      0.0001     89.8640     61.9931    -85.0000     -0.0004     -0.0003      0.0006
     37.9141   -117.6062     16.2268      0.8424      0.8243      0.0000      0.0001      0.0001     89.9818     62.0860    -85.0000     -0.0004      0.0004      0.0006
     37.9107   -117.6062     16.9555      0.8425      0.8243      0.0000      0.0001      0.0001     90.1044     62.1791    -85.0000     -0.0004      0.0017      0.0006
     37.9933   -117.5956      0.3574      0.8399      0.8247      0.0000      0.0000      0.0000     88.4564     60.0603      0.0000      0.0009     -0.0010      0.0017
     37.9896   -117.5956      1.0722      0.8400      0.8247      0.0000      0.0000      0.0000     88.4784     60.1467      0.0000      0.0009     -0.0009      0.0016
     37.9859   -117.5956      1.7878      0.8401      0.8247      0.0000      0.0000      0.0000     88.5048     60.2331      0.0000      0.0008     -0.0008      0.0015
     37.9822   -117.5957      2.5040      0.8403      0.8247      0.0000      0.0000      0.0000     88.5357     60.3195      0.0000      0.0008     -0.0008      0.0014
     37.9785   -117.5957      3.2207      0.8404      0.8247      0.0000      0.0000      0.0000     88.5711     60.4058      0.0000      0.0007     -0.0008      0.0014
     37.9749   -117.5958      3.9381      0.8405      0.8247      0.0000      0.0000      0.0000     88.6109     60.4921      0.0000      0.0007     -0.0007      0.0013
     37.9712   -117.5958      4.6562      0.8406      0.8247      0.0000      0.0000      0.0000     88.6552     60.5785      0.0000      0.0006     -0.0007      0.0012
     37.9676   -117.5959      5.3748      0.8407      0.8247      0.0000      0.0000      0.0000     88.7040     60.6648      0.0000      0.0005     -0.0007      0.0012
     37.9639   -117.5959      6.0941      0.8409      0.8247      0.0000      0.0000      0.0000     88.7574     60.7511      0.0000      0.0005     -0.0007      0.0011
     37.9603   -117.5960      6.8139      0.8410      0.8248      0.0000      0.0000      0.0000     88.8153     60.8375      0.0000      0.0004     -0.0007      0.0011
     37.9567   -117.5960      7.5344      0.8411      0.8248      0.0000      0.0000      0.0000     88.8777     60.9238      0.0000      0.0003     -0.0007      0.0010
     37.9531   -117.5961      8.2555      0.8412      0.8248      0.0000      0.0000      0.0000     88.9447     61.0102      0.0000      0.0003     -0.0007      0.0010
     37.9495   -117.5961      8.9772      0.8413      0.8248      0.0000      0.0000      0.0000     89.0163     61.0967      0.0000      0.0002     -0.0007      0.0009
     37.9459   -117.5962      9.6995      0.8414      0.8248      0.0000      0.0000      0.0000     89.0925     61.1831      0.0000      0.0001     -0.0007      0.0009
     37.9424   -117.5962     10.4224      0.8415      0.8248      0.0000      0.0000      0.0000     89.1733     61.2697      0.0000      0.0001     -0.0008      0.0008
     37.9388   -117.5962     11.1459      0.8416      0.8248      0.0000      0.0000      0.0000     89.2587     61.3562      0.0000      0.0000     -0.0008      0.0008
     37.9352   -117.5963     11.8700      0.8417      0.8248      0.0000      0.0000      0.0000     89.3487     61.4429      0.0000     -0.0001     -0.0008      0.0008
     37.9317   -117.5963     12.5947      0.8418      0.8248      0.0000      0.0000      0.0000     89.4434     61.5297      0.0000     -0.0001     -0.0009      0.0007
     37.9282   -117.5964     13.3201      0.8420      0.8248      0.0000      0.0000      0.0000     89.5428     61.6166      0.0000     -0.0002     -0.0011      0.0007
     37.9247   -117.5964     14.0460      0.8421      0.8248      0.0000      0.0000      0.0000     89.6468     61.7036    -85.0000     -0.0002     -0.0012      0.0007
     37.9211   -117.5965     14.7725      0.8422      0.8248      0.0000      0.0000      0.0000     89.7555     61.7907    -85.0000     -0.0003     -0.0010      0.0006
     37.9176   -117.5965     15.4996      0.8423      0.8248      0.0000      0.0001      0.0001     89.8689     61.8779    -85.0000     -0.0003     -0.0004      0.0006
     37.9141   -117.5966     16.2274      0.8424      0.8248      0.0000      0.0001      0.0001     89.9870     61.9654    -85.0000     -0.0003      0.0003      0.0006
     37.9107   -117.5966     16.9557      0.8425      0.8248      0.0000      0.0001      0.0001     90.1099     62.0530    -85.0000     -0.0004      0.0013      0.0006
     37.9935   -117.5860      0.3576      0.8399      0.8252      0.0000      0.0000      0.0000     88.4565     60.0575      0.0000      0.0008     -0.0009      0.0015
     37.9898   -117.5860      1.0728      0.8400      0.8252      0.0000      0.0000      0.0000     88.4786     60.1386      0.0000      0.0008     -0.0008      0.0015
     37.9861   -117.5861      1.7888      0.8401      0.8252      0.0000      0.0000      0.0000     88.5051     60.2197      0.0000      0.0008     -0.0008      0.0014
     37.9824   -117.5861      2.5053      0.8403      0.8252      0.0000      0.0000      0.0000     88.5362     60.3008      0.0000      0.0007     -0.0008      0.0014
     37.9787   -117.5862      3.2223      0.8404      0.8252      0.0000      0.0000      0.0000     88.5717     60.3818      0.0000      0.0007     -0.0007      0.0013
     37.9750   -117.5862      3.9400      0.8405      0.8252      0.0000      0.0000      0.0000     88.6117     60.4628      0.0000      0.0006     -0.0007      0.0012
     37.9714   -117.5862      4.6582      0.8406      0.8252      0.0000      0.0000      0.0000     88.6562     60.5438      0.0000      0.0006     -0.0007      0.0012
     37.9677   -117.5863      5.3770      0.8407      0.8252      0.0000      0.0000      0.0000     88.7052     60.6248      0.0000      0.0005     -0.0007      0.0011
     37.9641   -117.5863      6.0964      0.8409      0.8253      0.0000      0.0000      0.0000     88.7588     60.7058      0.0000      0.0004     -0.0006      0.0011
     37.9605   -117.5864      6.8164      0.8410      0.8253      0.0000      0.0000      0.0000     88.8169     60.7868      0.0000      0.0004     -0.0006      0.0010
     37.9569   -117.5864      7.5369      0.8411      0.8253      0.0000      0.0000      0.0000     88.8796     60.8678      0.0000      0.0003     -0.0006      0.0010
     37.9532   -117.5865      8.2581      0.8412      0.8253      0.0000      0.0000      0.0000     88.9469     60.9489      0.0000      0.0003     -0.0006      0.0009
     37.9496   -117.5865      8.9798      0.8413      0.8253      0.0000      0.0000      0.0000     89.0187     61.0299      0.0000      0.0002     -0.0007      0.0009
     37.9461   -117.5866      9.7020      0.8414      0.8253      0.0000      0.0000      0.0000     89.0952     61.1110      0.0000      0.0001     -0.0007      0.0008
     37.9425   -117.5866     10.4248      0.8415      0.8253      0.0000      0.0000      0.0000     89.1762     61.1922      0.0000      0.0001     -0.0007      0.0008
     37.9389   -117.5867     11.1483      0.8416      0.8253      0.0000      0.0000      0.0000     89.2619     61.2734      0.0000      0.0000     -0.0007      0.0008
     37.9353   -117.5867     11.8722      0.8417      0.8253      0.0000      0.0000      0.0000     89.3523     61.3546      0.0000     -0.0000     -0.0007      0.0007
     37.9318   -117.5867     12.5968      0.8418      0.8253      0.0000      0.0000      0.0000     89.4472     61.4360      0.0000     -0.0001     -0.0008      0.0007
     37.9282   -117.5868     13.3219      0.8419      0.8253      0.0000      0.0000      0.0000     89.5469     61.5175      0.0000     -0.0001     -0.0009      0.0007
     37.9247   -117.5868     14.0476      0.8421      0.8253      0.0000      0.0000      0.0000     89.6512     61.5990    -85.0000     -0.0002     -0.0011      0.0006
     37.9212   -117.5869     14.7738      0.8422      0.8253      0.0000      0.0000      0.0000     89.7602     61.6807    -85.0000     -0.0002     -0.0009      0.0006
     37.9177   -117.5869     15.5006      0.8423      0.8253      0.0000      0.0000      0.0000     89.8739     61.7625    -85.0000     -0.0003     -0.0005      0.0006
     37.9142   -117.5870     16.2280      0.8424      0.8253      0.0000      0.0001      0.0001     89.9923     61.8445    -85.0000     -0.0003      0.0001      0.0006
     37.9107   -117.5870     16.9559      0.8425      0.8253      0.0000      0.0001      0.0001     90.1154     61.9267    -85.0000     -0.0003      0.0010      0.0005
     37.9937   -117.5764      0.3578      0.8399      0.8257      0.0000      0.0000      0.0000     88.4565     60.0546      0.0000      0.0007     -0.0008      0.0014
     37.9900   -117.5764      1.0735      0.8400      0.8257      0.0000      0.0000      0.0000     88.4788     60.1304      0.0000      0.0007     -0.0008      0.0014
     37.9863   -117.5765      1.7897      0.8401      0.8257      0.0000      0.0000      0.0000     88.5055     60.2062      0.0000      0.0007     -0.0007      0.0013
     37.9826   -117.5765      2.5066      0.8403      0.8257      0.0000      0.0000      0.0000     88.5366     60.2820      0.0000      0.0007     -0.0007      0.0013
     37.9789   -117.5766      3.2239      0.8404      0.8257      0.0000      0.0000      0.0000     88.5723     60.3577      0.0000      0.0006     -0.0007      0.0012
     37.9752   -117.5766      3.9418      0.8405      0.8257      0.0000      0.0000      0.0000     88.6125     60.4334      0.0000      0.0006     -0.0006      0.0012
     37.9716   -117.5767      4.6603      0.8406      0.8257      0.0000      0.0000      0.0000     88.6572     60.5091      0.0000      0.0005     -0.0006      0.0011
     37.9679   -117.5767      5.3793      0.8407      0.8258      0.0000      0.0000      0.0000     88.7065     60.5848      0.0000      0.0005     -0.0006      0.0011
     37.9643   -117.5767      6.0988      0.8408      0.8258      0.0000      0.0000      0.0000     88.7603     60.6604      0.0000      0.0004     -0.0006      0.0010
     37.9606   -117.5768      6.8189      0.8410      0.8258      0.0000      0.0000      0.0000     88.8186     60.7361      0.0000      0.0004     -0.0006      0.0010
     37.9570   -117.5768      7.5395      0.8411      0.8258      0.0000      0.0000      0.0000     88.8815     60.8117      0.0000      0.0003     -0.0006      0.0009
     37.9534   -117.5769      8.2607      0.8412      0.8258      0.0000      0.0000      0.0000     88.9491     60.8874      0.0000      0.0003     -0.0006      0.0009
     37.9498   -117.5769      8.9823      0.8413      0.8258      0.0000      0.0000      0.0000     89.0212     60.9630      0.0000      0.0002     -0.0006      0.0008
     37.9462   -117.5770      9.7046      0.8414      0.8258      0.0000      0.0000      0.0000     89.0979     61.0388      0.0000      0.0001     -0.0006      0.0008
     37.9426   -117.5770     10.4273      0.8415      0.8258      0.0000      0.0000      0.0000     89.1792     61.1145      0.0000      0.0001     -0.0006      0.0008
     37.9390   -117.5771     11.1506      0.8416      0.8258      0.0000      0.0000      0.0000     89.2652     61.1903      0.0000      0.0000     -0.0006      0.0007
     37.9354   -117.5771     11.8745      0.8417      0.8258      0.0000      0.0000      0.0000     89.3558     61.2662      0.0000     -0.0000     -0.0006      0.0007
     37.9319   -117.5771     12.5988      0.8418      0.8258      0.0000      0.0000      0.0000     89.4510     61.3421      0.0000     -0.0001     -0.0007      0.0007
     37.9283   -117.5772     13.3237      0.8419      0.8258      0.0000      0.0000      0.0000     89.5510     61.4182      0.0000     -0.0001     -0.0007      0.0006
     37.9247   -117.5772     14.0491      0.8421      0.8258      0.0000      0.0000      0.0000     89.6556     61.4943      0.0000     -0.0001     -0.0009      0.0006
     37.9212   -117.5773     14.7751      0.8422      0.8258      0.0000      0.0000      0.0000     89.7649     61.5705    -85.0000     -0.0002     -0.0009      0.0006
     37.9177   -117.5773     15.5016      0.8423      0.8258      0.0000      0.0000      0.0000     89.8789     61.6469    -85.0000     -0.0002     -0.0005      0.0006
     37.9142   -117.5774     16.2286      0.8424      0.8258      0.0000      0.0001      0.0001     89.9976     61.7235    -85.0000     -0.0003     -0.0000      0.0005
     37.9106   -117.5774     16.9561      0.8425      0.8258      0.0000      0.0001      0.0001     90.1210     61.8002    -85.0000     -0.0003      0.0007      0.0005
     37.9939   -117.5673      0.3580      0.7559      0.8262      0.0000      0.0000      0.0000     88.4566     60.0519      0.0000      0.0007     -0.0008      0.0013
     37.9901   -117.5673      1.0740      0.7560      0.8262      0.0000      0.0000      0.0000     88.4781     60.1228      0.0000      0.0007     -0.0007      0.0013
     37.9864   -117.5674      1.7907      0.7561      0.8262      0.0000      0.0000      0.0000     88.5041     60.1936      0.0000      0.0006     -0.0007      0.0012
     37.9828   -117.5674      2.5078      0.7562      0.8262      0.0000      0.0000      0.0000     88.5344     60.2644      0.0000      0.0006     -0.0007      0.0012
     37.9791   -117.5675      3.2254      0.7563      0.8262      0.0000      0.0000      0.0000     88.5690     60.3352      0.0000      0.0006     -0.0006      0.0011
     37.9754   -117.5675      3.9436      0.7564      0.8262      0.0000      0.0000      0.0000     88.6080     60.4059      0.0000      0.0005     -0.0006      0.0011
     37.9717   -117.5676      4.6622      0.7566      0.8262      0.0000      0.0000      0.0000     88.6514     60.4766      0.0000      0.0005     -0.0006      0.0010
     37.9681   -117.5676      5.3814      0.7567      0.8262      0.0000      0.0000      0.0000     88.6992     60.5473      0.0000      0.0004     -0.0006      0.0010
     37.9644   -117.5676      6.1011      0.7568      0.8262      0.0000      0.0000      0.0000     88.7514     60.6180      0.0000      0.0004     -0.0006      0.0010
     37.9608   -117.5677      6.8212      0.7569      0.8262      0.0000      0.0000      0.0000     88.8080     60.6886      0.0000      0.0003     -0.0006      0.0009
     37.9571   -117.5677      7.5419      0.7570      0.8263      0.0000      0.0000      0.0000     88.8691     60.7593      0.0000      0.0003     -0.0005      0.0009
     37.9535   -117.5678      8.2631      0.7571      0.8263      0.0000      0.0000      0.0000     88.9346     60.8299      0.0000      0.0002     -0.0005      0.0008
     37.9499   -117.5678      8.9848      0.7572      0.8263      0.0000      0.0000      0.0000     89.0045     60.9006      0.0000      0.0002     -0.0005      0.0008
     37.9463   -117.5679      9.7070      0.7573      0.8263      0.0000      0.0000      0.0000     89.0789     60.9713      0.0000      0.0001     -0.0006      0.0008
     37.9427   -117.5679     10.4297      0.7574      0.8263      0.0000      0.0000      0.0000     89.1578     61.0420      0.0000      0.0001     -0.0006      0.0007
     37.9391   -117.5679     11.1529      0.7575      0.8263      0.0000      0.0000      0.0000     89.2411     61.1128      0.0000      0.0000     -0.0006      0.0007
     37.9355   -117.5680     11.8765      0.7576      0.8263      0.0000      0.0000      0.0000     89.3289     61.1836      0.0000     -0.0000     -0.0006      0.0007
     37.9319   -117.5680     12.6007      0.7577      0.8263      0.0000      0.0000      0.0000     89.4213     61.2545      0.0000     -0.0000     -0.0006      0.0006
     37.9284   -117.5681     13.3254      0.7578      0.8263      0.0000      0.0000      0.0000     89.5181     61.3254      0.0000     -0.0001     -0.0006      0.0006
     37.9248   -117.5681     14.0506      0.7579      0.8263      0.0000      0.0000      0.0000     89.6195     61.3965      0.0000     -0.0001     -0.0007      0.0006
     37.9212   -117.5682     14.7763      0.7580      0.8263      0.0000      0.0000      0.0000     89.7254     61.4676    -85.0000     -0.0002     -0.0008      0.0006
     37.9177   -117.5682     15.5025      0.7581      0.8263      0.0000      0.0000      0.0000     89.8358     61.5389    -85.0000     -0.0002     -0.0006      0.0005
     37.9142   -117.5682     16.2291      0.7582      0.8263      0.0000      0.0000      0.0000     89.9508     61.6103    -85.0000     -0.0002     -0.0001      0.0005
     37.9106   -117.5683     16.9563      0.7583      0.8263      0.0000      0.0000      0.0000     90.0704     61.6819    -85.0000     -0.0003      0.0001      0.0005
     37.9940   -117.5582      0.3582      0.8399      0.8267      0.0000      0.0000      0.0000     88.4566     60.0492      0.0000      0.0006     -0.0007      0.0013
     37.9903   -117.5582      1.0746      0.8400      0.8267      0.0000      0.0000      0.0000     88.4791     60.1151      0.0000      0.0006     -0.0007      0.0012
     37.9866   -117.5583      1.7916      0.8401      0.8267      0.0000      0.0000      0.0000     88.5060     60.1810      0.0000      0.0006     -0.0006      0.0012
     37.9829   -117.5583      2.5090      0.8402      0.8267      0.0000      0.0000      0.0000     88.5375     60.2468      0.0000      0.0006     -0.0006      0.0011
     37.9793   -117.5584      3.2269      0.8404      0.8267      0.0000      0.0000      0.0000     88.5735     60.3125      0.0000      0.0005     -0.0006      0.0011
     37.9756   -117.5584      3.9453      0.8405      0.8267      0.0000      0.0000      0.0000     88.6140     60.3783      0.0000      0.0005     -0.0006      0.0010
     37.9719   -117.5584      4.6642      0.8406      0.8267      0.0000      0.0000      0.0000     88.6591     60.4439      0.0000      0.0005     -0.0006      0.0010
     37.9682   -117.5585      5.3835      0.8407      0.8267      0.0000      0.0000      0.0000     88.7088     60.5096      0.0000      0.0004     -0.0005      0.0009
     37.9646   -117.5585      6.1033      0.8408      0.8267      0.0000      0.0000      0.0000     88.7630     60.5752      0.0000      0.0004     -0.0005      0.0009
     37.9609   -117.5586      6.8236      0.8410      0.8267      0.0000      0.0000      0.0000     88.8218     60.6408      0.0000      0.0003     -0.0005      0.0009
     37.9573   -117.5586      7.5444      0.8411      0.8267      0.0000      0.0000      0.0000     88.8852     60.7064      0.0000      0.0003     -0.0005      0.0008
     37.9536   -117.5587      8.2656      0.8412      0.8267      0.0000      0.0000      0.0000     88.9531     60.7720      0.0000      0.0002     -0.0005      0.0008
     37.9500   -117.5587      8.9873      0.8413      0.8267      0.0000      0.0000      0.0000     89.0257     60.8376      0.0000      0.0002     -0.0005      0.0008
     37.9464   -117.5587      9.7094      0.8414      0.8268      0.0000      0.0000      0.0000     89.1029     60.9032      0.0000      0.0001     -0.0005      0.0007
     37.9428   -117.5588     10.4320      0.8415      0.8268      0.0000      0.0000      0.0000     89.1848     60.9689      0.0000      0.0001     -0.0005      0.0007
     37.9392   -117.5588     11.1551      0.8416      0.8268      0.0000      0.0000      0.0000     89.2713     61.0345      0.0000      0.0001     -0.0005      0.0007
     37.9356   -117.5589     11.8787      0.8417      0.8268      0.0000      0.0000      0.0000     89.3624     61.1003      0.0000      0.0000     -0.0005      0.0006
     37.9320   -117.5589     12.6027      0.8418      0.8268      0.0000      0.0000      0.0000     89.4582     61.1661      0.0000     -0.0000     -0.0005      0.0006
     37.9284   -117.5589     13.3271      0.8419      0.8268      0.0000      0.0000      0.0000     89.5587     61.2320      0.0000     -0.0001     -0.0006      0.0006
     37.9248   -117.5590     14.0521      0.8421      0.8268      0.0000      0.0000      0.0000     89.6639     61.2979      0.0000     -0.0001     -0.0006      0.0006
     37.9213   -117.5590     14.7775      0.8422      0.8268      0.0000      0.0000      0.0000     89.7737     61.3640      0.0000     -0.0001     -0.0007      0.0005
     37.9177   -117.5591     15.5034      0.8423      0.8268      0.0000      0.0000      0.0000     89.8882     61.4302    -85.0000     -0.0002     -0.0006      0.0005
     37.9142   -117.5591     16.2297      0.8424      0.8268      0.0000      0.0000      0.0000     90.0075     61.4965    -85.0000     -0.0002     -0.0004      0.0005
     37.9106   -117.5592     16.9565      0.8425      0.8268      0.0000      0.0000      0.0000     90.1315     61.5630    -85.0000     -0.0003      0.0000      0.0005
     37.9943   -117.5486      0.3584      0.8399      0.8272      0.0000      0.0000      0.0000     88.4564     60.0464      0.0000      0.0006     -0.0007      0.0012
     37.9905   -117.5486      1.0752      0.8400      0.8272      0.0000      0.0000      0.0000     88.4784     60.1070      0.0000      0.0006     -0.0006      0.0011
     37.9868   -117.5487      1.7926      0.8401      0.8272      0.0000      0.0000      0.0000     88.5047     60.1676      0.0000      0.0005     -0.0006      0.0011
     37.9831   -117.5487      2.5103      0.8402      0.8272      0.0000      0.0000      0.0000     88.5355     60.2282      0.0000      0.0005     -0.0006      0.0011
     37.9794   -117.5488      3.2286      0.8404      0.8272      0.0000      0.0000      0.0000     88.5707     60.2887      0.0000      0.0005     -0.0006      0.0010
     37.9758   -117.5488      3.9472      0.8405      0.8272      0.0000      0.0000      0.0000     88.6103     60.3491      0.0000      0.0005     -0.0005      0.0010
     37.9721   -117.5489      4.6663      0.8406      0.8272      0.0000      0.0000      0.0000     88.6543     60.4095      0.0000      0.0004     -0.0005      0.0009
     37.9684   -117.5489      5.3858      0.8407      0.8272      0.0000      0.0000      0.0000     88.7028     60.4699      0.0000      0.0004     -0.0005      0.0009
     37.9647   -117.5489      6.1057      0.8408      0.8272      0.0000      0.0000      0.0000     88.7558     60.5302      0.0000      0.0004     -0.0005      0.0009
     37.9611   -117.5490      6.8261      0.8410      0.8272      0.0000      0.0000      0.0000     88.8132     60.5905      0.0000      0.0003     -0.0005      0.0008
     37.9574   -117.5490      7.5469      0.8411      0.8272      0.0000      0.0000      0.0000     88.8751     60.6508      0.0000      0.0003     -0.0005      0.0008
     37.9538   -117.5491      8.2682      0.8412      0.8273      0.0000      0.0000      0.0000     88.9414     60.7111      0.0000      0.0002     -0.0005      0.0008
     37.9501   -117.5491      8.9899      0.8413      0.8273      0.0000      0.0000      0.0000     89.0123     60.7714      0.0000      0.0002     -0.0005      0.0007
     37.9465   -117.5491      9.7120      0.8414      0.8273      0.0000      0.0000      0.0000     89.0876     60.8317      0.0000      0.0001     -0.0005      0.0007
     37.9429   -117.5492     10.4345      0.8415      0.8273      0.0000      0.0000      0.0000     89.1675     60.8920      0.0000      0.0001     -0.0005      0.0007
     37.9393   -117.5492     11.1575      0.8416      0.8273      0.0000      0.0000      0.0000     89.2519     60.9523      0.0000      0.0001     -0.0005      0.0006
     37.9357   -117.5493     11.8809      0.8417      0.8273      0.0000      0.0000      0.0000     89.3408     61.0127      0.0000      0.0000     -0.0005      0.0006
     37.9321   -117.5493     12.6047      0.8418      0.8273      0.0000      0.0000      0.0000     89.4343     61.0732      0.0000     -0.0000     -0.0005      0.0006
     37.9285   -117.5493     13.3290      0.8419      0.8273      0.0000      0.0000      0.0000     89.5323     61.1337      0.0000     -0.0001     -0.0005      0.0006
     37.9249   -117.5494     14.0537      0.8421      0.8273      0.0000      0.0000      0.0000     89.6348     61.1943      0.0000     -0.0001     -0.0005      0.0005
     37.9213   -117.5494     14.7788      0.8422      0.8273      0.0000      0.0000      0.0000     89.7419     61.2550      0.0000     -0.0001     -0.0006      0.0005
     37.9177   -117.5495     15.5043      0.8423      0.8273      0.0000      0.0000      0.0000     89.8536     61.3158    -85.0000     -0.0001     -0.0006      0.0005
     37.9142   -117.5495     16.2303      0.8424      0.8273      0.0000      0.0000      0.0000     89.9699     61.3767    -85.0000     -0.0002     -0.0005      0.0005
     37.9106   -117.5496     16.9567      0.8425      0.8273      0.0000      0.0000      0.0000     90.0908     61.4378    -85.0000     -0.0002     -0.0003      0.0005
     37.9945   -117.5390      0.3586      0.8399      0.8277      0.0000      0.0000      0.0000     88.4567     60.0436      0.0000      0.0005     -0.0006      0.0011
     37.9907   -117.5391      1.0759      0.8400      0.8277      0.0000      0.0000      0.0000     88.4794     60.0989      0.0000      0.0005     -0.0006      0.0011
     37.9870   -117.5391      1.7936      0.8401      0.8277      0.0000      0.0000      0.0000     88.5067     60.1542      0.0000      0.0005     -0.0006      0.0010
     37.9833   -117.5391      2.5117      0.8402      0.8277      0.0000      0.0000      0.0000     88.5384     60.2095      0.0000      0.0005     -0.0005      0.0010
     37.9796   -117.5392      3.2302      0.8404      0.8277      0.0000      0.0000      0.0000     88.5748     60.2646      0.0000      0.0005     -0.0005      0.0010
     37.9759   -117.5392      3.9491      0.8405      0.8277      0.0000      0.0000      0.0000     88.6157     60.3198      0.0000      0.0004     -0.0005      0.0009
     37.9723   -117.5393      4.6684      0.8406      0.8277      0.0000      0.0000      0.0000     88.6612     60.3749      0.0000      0.0004     -0.0005      0.0009
     37.9686   -117.5393      5.3881      0.8407      0.8277      0.0000      0.0000      0.0000     88.7112     60.4299      0.0000      0.0004     -0.0005      0.0008
     37.9649   -117.5393      6.1082      0.8408      0.8277      0.0000      0.0000      0.0000     88.7659     60.4849      0.0000      0.0003     -0.0005      0.0008
     37.9612   -117.5394      6.8286      0.8409      0.8278      0.0000      0.0000      0.0000     88.8251     60.5399      0.0000      0.0003     -0.0004      0.0008
     37.9576   -117.5394      7.5495      0.8411      0.8278      0.0000      0.0000      0.0000     88.8890     60.5948      0.0000      0.0003     -0.0004      0.0007
     37.9539   -117.5395      8.2708      0.8412      0.8278      0.0000      0.0000      0.0000     88.9575     60.6498      0.0000      0.0002     -0.0004      0.0007
     37.9503   -117.5395      8.9925      0.8413      0.8278      0.0000      0.0000      0.0000     89.0306     60.7047      0.0000      0.0002     -0.0004      0.0007
     37.9466   -117.5396      9.7146      0.8414      0.8278      0.0000      0.0000      0.0000     89.1083     60.7596      0.0000      0.0001     -0.0004      0.0007
     37.9430   -117.5396     10.4370      0.8415      0.8278      0.0000      0.0000      0.0000     89.1907     60.8146      0.0000      0.0001     -0.0004      0.0006
     37.9394   -117.5396     11.1599      0.8416      0.8278      0.0000      0.0000      0.0000     89.2778     60.8696      0.0000      0.0001     -0.0004      0.0006
     37.9358   -117.5397     11.8831      0.8417      0.8278      0.0000      0.0000      0.0000     89.3695     60.9246      0.0000      0.0000     -0.0004      0.0006
     37.9321   -117.5397     12.6068      0.8418      0.8278      0.0000      0.0000      0.0000     89.4659     60.9797      0.0000     -0.0000     -0.0004      0.0006
     37.9285   -117.5397     13.3308      0.8419      0.8278      0.0000      0.0000      0.0000     89.5669     61.0348      0.0000     -0.0000     -0.0005      0.0005
     37.9249   -117.5398     14.0553      0.8420      0.8278      0.0000      0.0000      0.0000     89.6727     61.0900      0.0000     -0.0001     -0.0005      0.0005
     37.9213   -117.5398     14.7801      0.8422      0.8278      0.0000      0.0000      0.0000     89.7831     61.1454      0.0000     -0.0001     -0.0005      0.0005
     37.9177   -117.5399     15.5053      0.8423      0.8278      0.0000      0.0000      0.0000     89.8982     61.2008      0.0000     -0.0001     -0.0005      0.0005
     37.9142   -117.5399     16.2309      0.8424      0.8278      0.0000      0.0000      0.0000     90.0181     61.2564    -85.0000     -0.0002     -0.0005      0.0005
     37.9106   -117.5399     16.9569      0.8425      0.8278      0.0000      0.0000      0.0000     90.1426     61.3121    -85.0000     -0.0002     -0.0004      0.0004
     37.9947   -117.5294      0.3588      0.8399      0.8282      0.0000      0.0000      0.0000     88.4565     60.0407      0.0000      0.0005     -0.0006      0.0010
     37.9909   -117.5295      1.0765      0.8400      0.8282      0.0000      0.0000      0.0000     88.4787     60.0908      0.0000      0.0005     -0.0006      0.0010
     37.9872   -117.5295      1.7946      0.8401      0.8282      0.0000      0.0000      0.0000     88.5053     60.1408      0.0000      0.0005     -0.0005      0.0010
     37.9835   -117.5296      2.5130      0.8402      0.8282      0.0000      0.0000      0.0000     88.5364     60.1907      0.0000      0.0004     -0.0005      0.0009
     37.9798   -117.5296      3.2318      0.8404      0.8282      0.0000      0.0000      0.0000     88.5719     60.2406      0.0000      0.0004     -0.0005      0.0009
     37.9761   -117.5296      3.9510      0.8405      0.8282      0.0000      0.0000      0.0000     88.6119     60.2905      0.0000      0.0004     -0.0005      0.0009
     37.9724   -117.5297      4.6705      0.8406      0.8283      0.0000      0.0000      0.0000     88.6563     60.3402      0.0000      0.0004     -0.0005      0.0008
     37.9687   -117.5297      5.3904      0.8407      0.8283      0.0000      0.0000      0.0000     88.7052     60.3900      0.0000      0.0003     -0.0004      0.0008
     37.9651   -117.5298      6.1106      0.8408      0.8283      0.0000      0.0000      0.0000     88.7586     60.4397      0.0000      0.0003     -0.0004      0.0008
     37.9614   -117.5298      6.8312      0.8409      0.8283      0.0000      0.0000      0.0000     88.8164     60.4893      0.0000      0.0003     -0.0004      0.0007
     37.9577   -117.5298      7.5522      0.8411      0.8283      0.0000      0.0000      0.0000     88.8788     60.5390      0.0000      0.0002     -0.0004      0.0007
     37.9541   -117.5299      8.2735      0.8412      0.8283      0.0000      0.0000      0.0000     88.9457     60.5886      0.0000      0.0002     -0.0004      0.0007
     37.9504   -117.5299      8.9951      0.8413      0.8283      0.0000      0.0000      0.0000     89.0170     60.6382      0.0000      0.0002     -0.0004      0.0007
     37.9468   -117.5300      9.7172      0.8414      0.8283      0.0000      0.0000      0.0000     89.0929     60.6878      0.0000      0.0001     -0.0004      0.0006
     37.9431   -117.5300     10.4396      0.8415      0.8283      0.0000      0.0000      0.0000     89.1733     60.7374      0.0000      0.0001     -0.0004      0.0006
     37.9395   -117.5300     11.1623      0.8416      0.8283      0.0000      0.0000      0.0000     89.2582     60.7870      0.0000      0.0001     -0.0004      0.0006
     37.9358   -117.5301     11.8854      0.8417      0.8283      0.0000      0.0000      0.0000     89.3477     60.8367      0.0000      0.0000     -0.0004      0.0006
     37.9322   -117.5301     12.6089      0.8418      0.8283      0.0000      0.0000      0.0000     89.4417     60.8864      0.0000      0.0000     -0.0004      0.0005
     37.9286   -117.5302     13.3327      0.8419      0.8283      0.0000      0.0000      0.0000     89.5403     60.9362      0.0000     -0.0000     -0.0004      0.0005
     37.9250   -117.5302     14.0569      0.8421      0.8283      0.0000      0.0000      0.0000     89.6434     60.9860      0.0000     -0.0001     -0.0004      0.0005
     37.9214   -117.5302     14.7814      0.8422      0.8283      0.0000      0.0000      0.0000     89.7511     61.0359      0.0000     -0.0001     -0.0004      0.0005
     37.9178   -117.5303     15.5063      0.8423      0.8283      0.0000      0.0000      0.0000     89.8633     61.0860      0.0000     -0.0001     -0.0004      0.0005
     37.9142   -117.5303     16.2315      0.8424      0.8283      0.0000      0.0000      0.0000     89.9802     61.1361      0.0000     -0.0001     -0.0004      0.0004
     37.9106   -117.5303     16.9571      0.8425      0.8283      0.0000      0.0000      0.0000     90.1016     61.1864    -85.0000     -0.0002     -0.0004      0.0004
     37.9949   -117.5199      0.3591      0.8399      0.8287      0.0000      0.0000      0.0000     88.4566     60.0379      0.0000      0.0004     -0.0006      0.0010
     37.9911   -117.5199      1.0771      0.8400      0.8287      0.0000      0.0000      0.0000     88.4789     60.0827      0.0000      0.0004     -0.0005      0.0009
     37.9874   -117.5199      1.7955      0.8401      0.8287      0.0000      0.0000      0.0000     88.5056     60.1275      0.0000      0.0004     -0.0005      0.0009
     37.9837   -117.5200      2.5143      0.8402      0.8287      0.0000      0.0000      0.0000     88.5368     60.1722      0.0000      0.0004     -0.0005      0.0009
     37.9800   -117.5200      3.2334      0.8404      0.8287      0.0000      0.0000      0.0000     88.5725     60.2169      0.0000      0.0004     -0.0005      0.0008
     37.9763   -117.5201      3.9528      0.8405      0.8288      0.0000      0.0000      0.0000     88.6127     60.2614      0.0000      0.0004     -0.0004      0.0008
     37.9726   -117.5201      4.6726      0.8406      0.8288      0.0000      0.0000      0.0000     88.6573     60.3060      0.0000      0.0003     -0.0004      0.0008
     37.9689   -117.5201      5.3926      0.8407      0.8288      0.0000      0.0000      0.0000     88.7064     60.3505      0.0000      0.0003     -0.0004      0.0008
     37.9652   -117.5202      6.1130      0.8408      0.8288      0.0000      0.0000      0.0000     88.7600     60.3949      0.0000      0.0003     -0.0004      0.0007
     37.9615   -117.5202      6.8337      0.8409      0.8288      0.0000      0.0000      0.0000     88.8181     60.4393      0.0000      0.0003     -0.0004      0.0007
     37.9579   -117.5202      7.5547      0.8411      0.8288      0.0000      0.0000      0.0000     88.8807     60.4836      0.0000      0.0002     -0.0004      0.0007
     37.9542   -117.5203      8.2761      0.8412      0.8288      0.0000      0.0000      0.0000     88.9478     60.5280      0.0000      0.0002     -0.0004      0.0006
     37.9505   -117.5203      8.9978      0.8413      0.8288      0.0000      0.0000      0.0000     89.0194     60.5723      0.0000      0.0002     -0.0004      0.0006
     37.9469   -117.5204      9.7198      0.8414      0.8288      0.0000      0.0000      0.0000     89.0955     60.6166      0.0000      0.0001     -0.0004      0.0006
     37.9432   -117.5204     10.4421      0.8415      0.8288      0.0000      0.0000      0.0000     89.1762     60.6609      0.0000      0.0001     -0.0004      0.0006
     37.9396   -117.5204     11.1647      0.8416      0.8288      0.0000      0.0000      0.0000     89.2614     60.7053      0.0000      0.0001     -0.0004      0.0006
     37.9359   -117.5205     11.8877      0.8417      0.8288      0.0000      0.0000      0.0000     89.3511     60.7496      0.0000      0.0000     -0.0004      0.0005
     37.9323   -117.5205     12.6110      0.8418      0.8288      0.0000      0.0000      0.0000     89.4454     60.7940      0.0000      0.0000     -0.0004      0.0005
     37.9286   -117.5206     13.3346      0.8419      0.8288      0.0000      0.0000      0.0000     89.5442     60.8385      0.0000     -0.0000     -0.0004      0.0005
     37.9250   -117.5206     14.0585      0.8420      0.8288      0.0000      0.0000      0.0000     89.6476     60.8830      0.0000     -0.0000     -0.0004      0.0005
     37.9214   -117.5206     14.7827      0.8422      0.8288      0.0000      0.0000      0.0000     89.7556     60.9276      0.0000     -0.0001     -0.0004      0.0005
     37.9178   -117.5207     15.5073      0.8423      0.8288      0.0000      0.0000      0.0000     89.8681     60.9724      0.0000     -0.0001     -0.0004      0.0004
     37.9142   -117.5207     16.2321      0.8424      0.8288      0.0000      0.0000      0.0000     89.9852     61.0172      0.0000     -0.0001     -0.0004      0.0004
     37.9105   -117.5207     16.9573      0.8425      0.8288      0.0000      0.0000      0.0000     90.1069     61.0621      0.0000     -0.0001     -0.0004      0.0004
     37.9951   -117.5103      0.3593      0.8399      0.8292      0.0000      0.0000      0.0000     88.4566     60.0351      0.0000      0.0004     -0.0005      0.0009
     37.9913   -117.5103      1.0777      0.8400      0.8292      0.0000      0.0000      0.0000     88.4790     60.0747      0.0000      0.0004     -0.0005      0.0009
     37.9876   -117.5104      1.7965      0.8401      0.8292      0.0000      0.0000      0.0000     88.5059     60.1142      0.0000      0.0004     -0.0005      0.0009
     37.9839   -117.5104      2.5156      0.8402      0.8293      0.0000      0.0000      0.0000     88.5373     60.1536      0.0000      0.0004     -0.0005      0.0008
     37.9802   -117.5104      3.2350      0.8404      0.8293      0.0000      0.0000      0.0000     88.5731     60.1930      0.0000      0.0004     -0.0004      0.0008
     37.9765   -117.5105      3.9547      0.8405      0.8293      0.0000      0.0000      0.0000     88.6135     60.2324      0.0000      0.0003     -0.0004      0.0008
     37.9728   -117.5105      4.6747      0.8406      0.8293      0.0000      0.0000      0.0000     88.6583     60.2716      0.0000      0.0003     -0.0004      0.0007
     37.9691   -117.5105      5.3949      0.8407      0.8293      0.0000      0.0000      0.0000     88.7076     60.3108      0.0000      0.0003     -0.0004      0.0007
     37.9654   -117.5106      6.1154      0.8408      0.8293      0.0000      0.0000      0.0000     88.7614     60.3500      0.0000      0.0003     -0.0004      0.0007
     37.9617   -117.5106      6.8363      0.8409      0.8293      0.0000      0.0000      0.0000     88.8197     60.3891      0.0000      0.0002     -0.0004      0.0007
     37.9580   -117.5107      7.5574      0.8410      0.8293      0.0000      0.0000      0.0000     88.8825     60.4282      0.0000      0.0002     -0.0004      0.0006
     37.9543   -117.5107      8.2788      0.8412      0.8293      0.0000      0.0000      0.0000     88.9499     60.4672      0.0000      0.0002     -0.0004      0.0006
     37.9507   -117.5107      9.0004      0.8413      0.8293      0.0000      0.0000      0.0000     89.0217     60.5063      0.0000      0.0002     -0.0004      0.0006
     37.9470   -117.5108      9.7224      0.8414      0.8293      0.0000      0.0000      0.0000     89.0981     60.5453      0.0000      0.0001     -0.0003      0.0006
     37.9433   -117.5108     10.4446      0.8415      0.8293      0.0000      0.0000      0.0000     89.1791     60.5843      0.0000      0.0001     -0.0003      0.0005
     37.9397   -117.5108     11.1671      0.8416      0.8293      0.0000      0.0000      0.0000     89.2645     60.6233      0.0000      0.0001     -0.0003      0.0005
     37.9360   -117.5109     11.8900      0.8417      0.8293      0.0000      0.0000      0.0000     89.3545     60.6624      0.0000      0.0001     -0.0003      0.0005
     37.9324   -117.5109     12.6130      0.8418      0.8293      0.0000      0.0000      0.0000     89.4491     60.7015      0.0000      0.0000     -0.0003      0.0005
     37.9287   -117.5110     13.3364      0.8419      0.8293      0.0000      0.0000      0.0000     89.5482     60.7407      0.0000     -0.0000     -0.0003      0.0005
     37.9251   -117.5110     14.0601      0.8420      0.8293      0.0000      0.0000      0.0000     89.6519     60.7799      0.0000     -0.0000     -0.0004      0.0004
     37.9214   -117.5110     14.7840      0.8422      0.8293      0.0000      0.0000      0.0000     89.7601     60.8192      0.0000     -0.0001     -0.0004      0.0004
     37.9178   -117.5111     15.5082      0.8423      0.8293      0.0000      0.0000      0.0000     89.8730     60.8586      0.0000     -0.0001     -0.0004      0.0004
     37.9142   -117.5111     16.2327      0.8424      0.8293      0.0000      0.0000      0.0000     89.9904     60.8981      0.0000     -0.0001     -0.0004      0.0004
     37.9105   -117.5111     16.9575      0.8425      0.8294      0.0000      0.0000      0.0000     90.1123     60.9377      0.0000     -0.0001     -0.0004      0.0004
     37.9953   -117.5012      0.3595      0.7559      0.8297      0.0000      0.0000      0.0000     88.4569     60.0324      0.0000      0.0004     -0.0005      0.0009
     37.9915   -117.5012      1.0783      0.7560      0.8297      0.0000      0.0000      0.0000     88.4793     60.0670      0.0000      0.0004     -0.0005      0.0008
     37.9878   -117.5013      1.7975      0.7561      0.8297      0.0000      0.0000      0.0000     88.5061     60.1015      0.0000      0.0004     -0.0004      0.0008
     37.9841   -117.5013      2.5169      0.7562      0.8298      0.0000      0.0000      0.0000     88.5374     60.1360      0.0000      0.0004     -0.0004      0.0008
     37.9804   -117.5013      3.2366      0.7563      0.8298      0.0000      0.0000      0.0000     88.5732     60.1704      0.0000      0.0003     -0.0004      0.0008
     37.9767   -117.5014      3.9565      0.7564      0.8298      0.0000      0.0000      0.0000     88.6135     60.2048      0.0000      0.0003     -0.0004      0.0007
     37.9729   -117.5014      4.6767      0.7565      0.8298      0.0000      0.0000      0.0000     88.6582     60.2390      0.0000      0.0003     -0.0004      0.0007
     37.9692   -117.5014      5.3971      0.7566      0.8298      0.0000      0.0000      0.0000     88.7074     60.2732      0.0000      0.0003     -0.0004      0.0007
     37.9655   -117.5015      6.1178      0.7567      0.8298      0.0000      0.0000      0.0000     88.7611     60.3074      0.0000      0.0003     -0.0004      0.0007
     37.9618   -117.5015      6.8387      0.7568      0.8298      0.0000      0.0000      0.0000     88.8192     60.3415      0.0000      0.0002     -0.0004      0.0006
     37.9582   -117.5015      7.5599      0.7569      0.8298      0.0000      0.0000      0.0000     88.8819     60.3756      0.0000      0.0002     -0.0003      0.0006
     37.9545   -117.5016      8.2813      0.7570      0.8298      0.0000      0.0000      0.0000     88.9490     60.4096      0.0000      0.0002     -0.0003      0.0006
     37.9508   -117.5016      9.0030      0.7571      0.8298      0.0000      0.0000      0.0000     89.0207     60.4436      0.0000      0.0002     -0.0003      0.0006
     37.9471   -117.5017      9.7249      0.7572      0.8298      0.0000      0.0000      0.0000     89.0968     60.4776      0.0000      0.0001     -0.0003      0.0005
     37.9434   -117.5017     10.4470      0.7573      0.8298      0.0000      0.0000      0.0000     89.1775     60.5116      0.0000      0.0001     -0.0003      0.0005
     37.9398   -117.5017     11.1695      0.7574      0.8298      0.0000      0.0000      0.0000     89.2627     60.5457      0.0000      0.0001     -0.0003      0.0005
     37.9361   -117.5018     11.8921      0.7575      0.8298      0.0000      0.0000      0.0000     89.3524     60.5797      0.0000      0.0001     -0.0003      0.0005
     37.9324   -117.5018     12.6150      0.7576      0.8298      0.0000      0.0000      0.0000     89.4466     60.6138      0.0000      0.0000     -0.0003      0.0005
     37.9288   -117.5018     13.3382      0.7577      0.8298      0.0000      0.0000      0.0000     89.5454     60.6479      0.0000      0.0000     -0.0003      0.0004
     37.9251   -117.5019     14.0616      0.7578      0.8298      0.0000      0.0000      0.0000     89.6487     60.6820      0.0000     -0.0000     -0.0003      0.0004
     37.9215   -117.5019     14.7853      0.7579      0.8298      0.0000      0.0000      0.0000     89.7565     60.7163      0.0000     -0.0000     -0.0003      0.0004
     37.9178   -117.5019     15.5092      0.7580      0.8298      0.0000      0.0000      0.0000     89.8689     60.7506      0.0000     -0.0001     -0.0003      0.0004
     37.9142   -117.5020     16.2333      0.7582      0.8298      0.0000      0.0000      0.0000     89.9858     60.7851      0.0000     -0.0001     -0.0003      0.0004
     37.9105   -117.5020     16.9577      0.7583      0.8298      0.0000      0.0000      0.0000     90.1072     60.8197      0.0000     -0.0001     -0.0003      0.0004
     37.9954   -117.4921      0.3597      0.8398      0.8302      0.0000      0.0000      0.0000     88.4567     60.0297      0.0000      0.0004     -0.0005      0.0008
     37.9917   -117.4921      1.0789      0.8400      0.8302      0.0000      0.0000      0.0000     88.4794     60.0593      0.0000      0.0004     -0.0004      0.0008
     37.9880   -117.4921      1.7984      0.8401      0.8302      0.0000      0.0000      0.0000     88.5065     60.0889      0.0000      0.0003     -0.0004      0.0008
     37.9843   -117.4922      2.5182      0.8402      0.8302      0.0000      0.0000      0.0000     88.5382     60.1183      0.0000      0.0003     -0.0004      0.0007
     37.9805   -117.4922      3.2381      0.8403      0.8303      0.0000      0.0000      0.0000     88.5743     60.1477      0.0000      0.0003     -0.0004      0.0007
     37.9768   -117.4923      3.9583      0.8405      0.8303      0.0000      0.0000      0.0000     88.6150     60.1771      0.0000      0.0003     -0.0004      0.0007
     37.9731   -117.4923      4.6787      0.8406      0.8303      0.0000      0.0000      0.0000     88.6602     60.2063      0.0000      0.0003     -0.0004      0.0007
     37.9694   -117.4923      5.3993      0.8407      0.8303      0.0000      0.0000      0.0000     88.7099     60.2355      0.0000      0.0003     -0.0004      0.0007
     37.9657   -117.4924      6.1201      0.8408      0.8303      0.0000      0.0000      0.0000     88.7641     60.2647      0.0000      0.0002     -0.0003      0.0006
     37.9620   -117.4924      6.8411      0.8409      0.8303      0.0000      0.0000      0.0000     88.8228     60.2937      0.0000      0.0002     -0.0003      0.0006
     37.9583   -117.4924      7.5624      0.8410      0.8303      0.0000      0.0000      0.0000     88.8861     60.3228      0.0000      0.0002     -0.0003      0.0006
     37.9546   -117.4925      8.2838      0.8411      0.8303      0.0000      0.0000      0.0000     88.9539     60.3518      0.0000      0.0002     -0.0003      0.0006
     37.9509   -117.4925      9.0055      0.8413      0.8303      0.0000      0.0000      0.0000     89.0263     60.3808      0.0000      0.0002     -0.0003      0.0005
     37.9472   -117.4925      9.7274      0.8414      0.8303      0.0000      0.0000      0.0000     89.1032     60.4098      0.0000      0.0001     -0.0003      0.0005
     37.9435   -117.4926     10.4495      0.8415      0.8303      0.0000      0.0000      0.0000     89.1846     60.4387      0.0000      0.0001     -0.0003      0.0005
     37.9398   -117.4926     11.1718      0.8416      0.8303      0.0000      0.0000      0.0000     89.2706     60.4677      0.0000      0.0001     -0.0003      0.0005
     37.9362   -117.4926     11.8943      0.8417      0.8303      0.0000      0.0000      0.0000     89.3611     60.4967      0.0000      0.0001     -0.0003      0.0005
     37.9325   -117.4927     12.6170      0.8418      0.8303      0.0000      0.0000      0.0000     89.4562     60.5257      0.0000      0.0000     -0.0003      0.0004
     37.9288   -117.4927     13.3400      0.8419      0.8303      0.0000      0.0000      0.0000     89.5558     60.5548      0.0000      0.0000     -0.0003      0.0004
     37.9252   -117.4927     14.0632      0.8420      0.8303      0.0000      0.0000      0.0000     89.6600     60.5839      0.0000     -0.0000     -0.0003      0.0004
     37.9215   -117.4928     14.7865      0.8422      0.8303      0.0000      0.0000      0.0000     89.7688     60.6132      0.0000     -0.0000     -0.0003      0.0004
     37.9178   -117.4928     15.5101      0.8423      0.8303      0.0000      0.0000      0.0000     89.8822     60.6425      0.0000     -0.0001     -0.0003      0.0004
     37.9142   -117.4929     16.2339      0.8424      0.8303      0.0000      0.0000      0.0000     90.0001     60.6719      0.0000     -0.0001     -0.0003      0.0004
     37.9105   -117.4929     16.9579      0.8425      0.8303      0.0000      0.0000      0.0000     90.1226     60.7014      0.0000     -0.0001     -0.0003      0.0004
     37.9957   -117.4825      0.3599      0.8398      0.8307      0.0000      0.0000      0.0000     88.4568     60.0269      0.0000      0.0003     -0.0004      0.0008
     37.9919   -117.4825      1.0795      0.8400      0.8308      0.0000      0.0000      0.0000     88.4795     60.0512      0.0000      0.0003     -0.0004      0.0007
     37.9882   -117.4826      1.7994      0.8401      0.8308      0.0000      0.0000      0.0000     88.5068     60.0755      0.0000      0.0003     -0.0004      0.0007
     37.9845   -117.4826      2.5195      0.8402      0.8308      0.0000      0.0000      0.0000     88.5386     60.0996      0.0000      0.0003     -0.0004      0.0007
     37.9807   -117.4826      3.2398      0.8403      0.8308      0.0000      0.0000      0.0000     88.5749     60.1237      0.0000      0.0003     -0.0004      0.0007
     37.9770   -117.4827      3.9602      0.8405      0.8308      0.0000      0.0000      0.0000     88.6158     60.1478      0.0000      0.0003     -0.0004      0.0007
     37.9733   -117.4827      4.6808      0.8406      0.8308      0.0000      0.0000      0.0000     88.6612     60.1717      0.0000      0.0003     -0.0003      0.0006
     37.9696   -117.4827      5.4016      0.8407      0.8308      0.0000      0.0000      0.0000     88.7111     60.1956      0.0000      0.0003     -0.0003      0.0006
     37.9659   -117.4828      6.1226      0.8408      0.8308      0.0000      0.0000      0.0000     88.7655     60.2195      0.0000      0.0002     -0.0003      0.0006
     37.9622   -117.4828      6.8437      0.8409      0.8308      0.0000      0.0000      0.0000     88.8245     60.2432      0.0000      0.0002     -0.0003      0.0006
     37.9584   -117.4828      7.5650      0.8410      0.8308      0.0000      0.0000      0.0000     88.8880     60.2670      0.0000      0.0002     -0.0003      0.0006
     37.9547   -117.4829      8.2865      0.8411      0.8308      0.0000      0.0000      0.0000     88.9561     60.2907      0.0000      0.0002     -0.0003      0.0005
     37.9510   -117.4829      9.0082      0.8413      0.8308      0.0000      0.0000      0.0000     89.0287     60.3144      0.0000      0.0001     -0.0003      0.0005
     37.9473   -117.4829      9.7300      0.8414      0.8308      0.0000      0.0000      0.0000     89.1058     60.3380      0.0000      0.0001     -0.0003      0.0005
     37.9436   -117.4830     10.4521      0.8415      0.8308      0.0000      0.0000      0.0000     89.1875     60.3617      0.0000      0.0001     -0.0003      0.0005
     37.9399   -117.4830     11.1743      0.8416      0.8308      0.0000      0.0000      0.0000     89.2738     60.3853      0.0000      0.0001     -0.0003      0.0005
     37.9363   -117.4830     11.8966      0.8417      0.8308      0.0000      0.0000      0.0000     89.3646     60.4090      0.0000      0.0001     -0.0003      0.0004
     37.9326   -117.4831     12.6192      0.8418      0.8309      0.0000      0.0000      0.0000     89.4599     60.4327      0.0000      0.0000     -0.0003      0.0004
     37.9289   -117.4831     13.3419      0.8419      0.8309      0.0000      0.0000      0.0000     89.5599     60.4564      0.0000      0.0000     -0.0003      0.0004
     37.9252   -117.4831     14.0648      0.8420      0.8309      0.0000      0.0000      0.0000     89.6644     60.4802      0.0000     -0.0000     -0.0003      0.0004
     37.9215   -117.4832     14.7879      0.8422      0.8309      0.0000      0.0000      0.0000     89.7734     60.5041      0.0000     -0.0000     -0.0003      0.0004
     37.9178   -117.4832     15.5111      0.8423      0.8309      0.0000      0.0000      0.0000     89.8871     60.5281      0.0000     -0.0000     -0.0003      0.0004
     37.9142   -117.4833     16.2346      0.8424      0.8309      0.0000      0.0000      0.0000     90.0052     60.5522      0.0000     -0.0001     -0.0003      0.0004
     37.9105   -117.4833     16.9582      0.8425      0.8309      0.0000      0.0000      0.0000     90.1280     60.5764      0.0000     -0.0001     -0.0003      0.0003
     37.9959   -117.4729      0.3601      0.8398      0.8313      0.0000      0.0000      0.0000     88.4562     60.0241      0.0000      0.0003     -0.0004      0.0007
     37.9921   -117.4729      1.0802      0.8400      0.8313      0.0000      0.0000      0.0000     88.4778     60.0433      0.0000      0.0003     -0.0004      0.0007
     37.9884   -117.4730      1.8004      0.8401      0.8313      0.0000      0.0000      0.0000     88.5037     60.0624      0.0000      0.0003     -0.0004      0.0007
     37.9847   -117.4730      2.5208      0.8402      0.8313      0.0000      0.0000      0.0000     88.5339     60.0815      0.0000      0.0003     -0.0004      0.0007
     37.9809   -117.4731      3.2414      0.8403      0.8313      0.0000      0.0000      0.0000     88.5683     60.1004      0.0000      0.0003     -0.0004      0.0006
     37.9772   -117.4731      3.9621      0.8405      0.8313      0.0000      0.0000      0.0000     88.6070     60.1193      0.0000      0.0003     -0.0003      0.0006
     37.9735   -117.4731      4.6829      0.8406      0.8313      0.0000      0.0000      0.0000     88.6500     60.1381      0.0000      0.0003     -0.0003      0.0006
     37.9697   -117.4732      5.4039      0.8407      0.8313      0.0000      0.0000      0.0000     88.6973     60.1569      0.0000      0.0002     -0.0003      0.0006
     37.9660   -117.4732      6.1250      0.8408      0.8313      0.0000      0.0000      0.0000     88.7489     60.1756      0.0000      0.0002     -0.0003      0.0006
     37.9623   -117.4732      6.8463      0.8409      0.8313      0.0000      0.0000      0.0000     88.8047     60.1943      0.0000      0.0002     -0.0003      0.0005
     37.9586   -117.4733      7.5676      0.8410      0.8313      0.0000      0.0000      0.0000     88.8649     60.2129      0.0000      0.0002     -0.0003      0.0005
     37.9549   -117.4733      8.2892      0.8411      0.8313      0.0000      0.0000      0.0000     88.9293     60.2314      0.0000      0.0002     -0.0003      0.0005
     37.9512   -117.4733      9.0108      0.8413      0.8313      0.0000      0.0000      0.0000     88.9980     60.2500      0.0000      0.0001     -0.0003      0.0005
     37.9475   -117.4734      9.7326      0.8414      0.8313      0.0000      0.0000      0.0000     89.0711     60.2685      0.0000      0.0001     -0.0003      0.0005
     37.9437   -117.4734     10.4546      0.8415      0.8314      0.0000      0.0000      0.0000     89.1484     60.2870      0.0000      0.0001     -0.0003      0.0005
     37.9400   -117.4734     11.1767      0.8416      0.8314      0.0000      0.0000      0.0000     89.2300     60.3055      0.0000      0.0001     -0.0003      0.0004
     37.9363   -117.4735     11.8989      0.8417      0.8314      0.0000      0.0000      0.0000     89.3159     60.3240      0.0000      0.0001     -0.0003      0.0004
     37.9326   -117.4735     12.6213      0.8418      0.8314      0.0000      0.0000      0.0000     89.4061     60.3426      0.0000      0.0000     -0.0003      0.0004
     37.9289   -117.4735     13.3438      0.8419      0.8314      0.0000      0.0000      0.0000     89.5007     60.3611      0.0000      0.0000     -0.0003      0.0004
     37.9252   -117.4736     14.0664      0.8420      0.8314      0.0000      0.0000      0.0000     89.5995     60.3797      0.0000      0.0000     -0.0003      0.0004
     37.9215   -117.4736     14.7892      0.8422      0.8314      0.0000      0.0000      0.0000     89.7026     60.3984      0.0000     -0.0000     -0.0003      0.0004
     37.9179   -117.4736     15.5121      0.8423      0.8314      0.0000      0.0000      0.0000     89.8101     60.4172      0.0000     -0.0000     -0.0003      0.0004
     37.9142   -117.4736     16.2352      0.8424      0.8314      0.0000      0.0000      0.0000     89.9218     60.4360      0.0000     -0.0000     -0.0003      0.0003
     37.9105   -117.4737     16.9584      0.8425      0.8314      0.0000      0.0000      0.0000     90.0379     60.4550      0.0000     -0.0001     -0.0003      0.0003
     37.9961   -117.4633      0.3603      0.8398      0.8318      0.0000      0.0000      0.0000     88.4563     60.0214      0.0000      0.0003     -0.0004      0.0007
     37.9923   -117.4634      1.0808      0.8400      0.8318      0.0000      0.0000      0.0000     88.4780     60.0356      0.0000      0.0003     -0.0004      0.0007
     37.9886   -117.4634      1.8014      0.8401      0.8318      0.0000      0.0000      0.0000     88.5040     60.0497      0.0000      0.0003     -0.0004      0.0007
     37.9848   -117.4634      2.5221      0.8402      0.8318      0.0000      0.0000      0.0000     88.5343     60.0637      0.0000      0.0003     -0.0003      0.0006
     37.9811   -117.4635      3.2430      0.8403      0.8318      0.0000      0.0000      0.0000     88.5689     60.0777      0.0000      0.0003     -0.0003      0.0006
     37.9774   -117.4635      3.9639      0.8405      0.8318      0.0000      0.0000      0.0000     88.6077     60.0915      0.0000      0.0002     -0.0003      0.0006
     37.9736   -117.4635      4.6850      0.8406      0.8318      0.0000      0.0000      0.0000     88.6509     60.1054      0.0000      0.0002     -0.0003      0.0006
     37.9699   -117.4636      5.4061      0.8407      0.8318      0.0000      0.0000      0.0000     88.6984     60.1191      0.0000      0.0002     -0.0003      0.0006
     37.9662   -117.4636      6.1274      0.8408      0.8318      0.0000      0.0000      0.0000     88.7501     60.1328      0.0000      0.0002     -0.0003      0.0005
     37.9625   -117.4636      6.8487      0.8409      0.8318      0.0000      0.0000      0.0000     88.8062     60.1464      0.0000      0.0002     -0.0003      0.0005
     37.9587   -117.4637      7.5702      0.8410      0.8318      0.0000      0.0000      0.0000     88.8665     60.1600      0.0000      0.0002     -0.0003      0.0005
     37.9550   -117.4637      8.2918      0.8411      0.8318      0.0000      0.0000      0.0000     88.9312     60.1735      0.0000      0.0002     -0.0003      0.0005
     37.9513   -117.4637      9.0134      0.8413      0.8318      0.0000      0.0000      0.0000     89.0001     60.1870      0.0000      0.0001     -0.0003      0.0005
     37.9476   -117.4638      9.7352      0.8414      0.8318      0.0000      0.0000      0.0000     89.0734     60.2005      0.0000      0.0001     -0.0003      0.0005
     37.9439   -117.4638     10.4571      0.8415      0.8319      0.0000      0.0000      0.0000     89.1510     60.2140      0.0000      0.0001     -0.0003      0.0004
     37.9401   -117.4638     11.1790      0.8416      0.8319      0.0000      0.0000      0.0000     89.2328     60.2275      0.0000      0.0001     -0.0003      0.0004
     37.9364   -117.4639     11.9011      0.8417      0.8319      0.0000      0.0000      0.0000     89.3190     60.2410      0.0000      0.0001     -0.0003      0.0004
     37.9327   -117.4639     12.6233      0.8418      0.8319      0.0000      0.0000      0.0000     89.4094     60.2545      0.0000      0.0000     -0.0003      0.0004
     37.9290   -117.4639     13.3456      0.8419      0.8319      0.0000      0.0000      0.0000     89.5042     60.2680      0.0000      0.0000     -0.0003      0.0004
     37.9253   -117.4640     14.0680      0.8420      0.8319      0.0000      0.0000      0.0000     89.6033     60.2816      0.0000      0.0000     -0.0003      0.0004
     37.9216   -117.4640     14.7905      0.8422      0.8319      0.0000      0.0000      0.0000     89.7067     60.2952      0.0000     -0.0000     -0.0003      0.0004
     37.9179   -117.4640     15.5131      0.8423      0.8319      0.0000      0.0000      0.0000     89.8143     60.3089      0.0000     -0.0000     -0.0003      0.0003
     37.9142   -117.4640     16.2358      0.8424      0.8319      0.0000      0.0000      0.0000     89.9263     60.3228      0.0000     -0.0000     -0.0003      0.0003
     37.9105   -117.4641     16.9586      0.8425      0.8319      0.0000      0.0000      0.0000     90.0426     60.3367      0.0000     -0.0001     -0.0003      0.0003
     37.9963   -117.4538      0.3605      0.8398      0.8323      0.0000      0.0000      0.0000     88.4587     60.0184      0.0000      0.0003     -0.0004      0.0006
     37.9925   -117.4538      1.0814      0.8400      0.8323      0.0000      0.0000      0.0000     88.4857     60.0269      0.0000      0.0003     -0.0004      0.0006
     37.9888   -117.4538      1.8025      0.8401      0.8323      0.0000      0.0000      0.0000     88.5181     60.0353      0.0000      0.0003     -0.0003      0.0006
     37.9850   -117.4538      2.5236      0.8402      0.8324      0.0000      0.0000      0.0000     88.5558     60.0437      0.0000      0.0002     -0.0003      0.0006
     37.9813   -117.4539      3.2448      0.8403      0.8324      0.0000      0.0000      0.0000     88.5988     60.0519      0.0000      0.0002     -0.0003      0.0006
     37.9776   -117.4539      3.9660      0.8404      0.8324      0.0000      0.0000      0.0000     88.6472     60.0601      0.0000      0.0002     -0.0003      0.0006
     37.9738   -117.4539      4.6873      0.8405      0.8324      0.0000      0.0000      0.0000     88.7010     60.0681      0.0000      0.0002     -0.0003      0.0005
     37.9701   -117.4540      5.4086      0.8407      0.8324      0.0000      0.0000      0.0000     88.7601     60.0761      0.0000      0.0002     -0.0003      0.0005
     37.9664   -117.4540      6.1300      0.8408      0.8324      0.0000      0.0000      0.0000     88.8245     60.0840      0.0000      0.0002     -0.0003      0.0005
     37.9626   -117.4540      6.8515      0.8409      0.8324      0.0000      0.0000      0.0000     88.8943     60.0919      0.0000      0.0002     -0.0003      0.0005
     37.9589   -117.4541      7.5731      0.8410      0.8324      0.0000      0.0000      0.0000     88.9695     60.0997      0.0000      0.0002     -0.0003      0.0005
     37.9552   -117.4541      8.2947      0.8411      0.8324      0.0000      0.0000      0.0000     89.0500     60.1075      0.0000      0.0001     -0.0003      0.0005
     37.9514   -117.4541      9.0163      0.8412      0.8324      0.0000      0.0000      0.0000     89.1358     60.1152      0.0000      0.0001     -0.0003      0.0005
     37.9477   -117.4542      9.7381      0.8413      0.8324      0.0000      0.0000      0.0000     89.2270     60.1230      0.0000      0.0001     -0.0002      0.0004
     37.9440   -117.4542     10.4599      0.8414      0.8324      0.0000      0.0000      0.0000     89.3235     60.1307      0.0000      0.0001     -0.0002      0.0004
     37.9402   -117.4542     11.1817      0.8415      0.8324      0.0000      0.0000      0.0000     89.4254     60.1384      0.0000      0.0001     -0.0002      0.0004
     37.9365   -117.4543     11.9036      0.8416      0.8324      0.0000      0.0000      0.0000     89.5326     60.1462      0.0000      0.0001     -0.0002      0.0004
     37.9328   -117.4543     12.6256      0.8418      0.8324      0.0000      0.0000      0.0000     89.6452     60.1541      0.0000      0.0000     -0.0002      0.0004
     37.9291   -117.4543     13.3477      0.8419      0.8324      0.0000      0.0000      0.0000     89.7631     60.1620      0.0000      0.0000     -0.0002      0.0004
     37.9253   -117.4544     14.0698      0.8420      0.8324      0.0000      0.0000      0.0000     89.8864     60.1700      0.0000      0.0000     -0.0002      0.0003
     37.9216   -117.4544     14.7919      0.8421      0.8324      0.0000      0.0000      0.0000     90.0150     60.1781      0.0000      0.0000     -0.0002      0.0003
     37.9179   -117.4544     15.5142      0.8422      0.8324      0.0000      0.0000      0.0000     90.1489     60.1864      0.0000     -0.0000     -0.0002      0.0003
     37.9142   -117.4544     16.2365      0.8424      0.8324      0.0000      0.0000      0.0000     90.2882     60.1949      0.0000     -0.0000     -0.0002      0.0003
     37.9104   -117.4545     16.9588      0.8425      0.8324      0.0000      0.0000      0.0000     90.4328     60.2035      0.0000     -0.0000     -0.0002      0.0003
     37.9965   -117.4442      0.3608      0.8398      0.8328      0.0000      0.0000      0.0000     88.4540     60.0157      0.0000      0.0002     -0.0004      0.0006
     37.9927   -117.4442      1.0821      0.8400      0.8328      0.0000      0.0000      0.0000     88.4707     60.0192      0.0000      0.0002     -0.0003      0.0006
     37.9890   -117.4442      1.8035      0.8401      0.8328      0.0000      0.0000      0.0000     88.4907     60.0227      0.0000      0.0002     -0.0003      0.0006
     37.9852   -117.4443      2.5249      0.8402      0.8329      0.0000      0.0000      0.0000     88.5140     60.0261      0.0000      0.0002     -0.0003      0.0006
     37.9815   -117.4443      3.2464      0.8403      0.8329      0.0000      0.0000      0.0000     88.5406     60.0295      0.0000      0.0002     -0.0003      0.0006
     37.9777   -117.4443      3.9678      0.8405      0.8329      0.0000      0.0000      0.0000     88.5704     60.0328      0.0000      0.0002     -0.0003      0.0005
     37.9740   -117.4444      4.6893      0.8406      0.8329      0.0000      0.0000      0.0000     88.6035     60.0360      0.0000      0.0002     -0.0003      0.0005
     37.9703   -117.4444      5.4109      0.8407      0.8329      0.0000      0.0000      0.0000     88.6399     60.0392      0.0000      0.0002     -0.0003      0.0005
     37.9665   -117.4444      6.1324      0.8408      0.8329      0.0000      0.0000      0.0000     88.6796     60.0423      0.0000      0.0002     -0.0003      0.0005
     37.9628   -117.4444      6.8540      0.8409      0.8329      0.0000      0.0000      0.0000     88.7225     60.0454      0.0000      0.0002     -0.0003      0.0005
     37.9590   -117.4445      7.5756      0.8411      0.8329      0.0000      0.0000      0.0000     88.7687     60.0485      0.0000      0.0002     -0.0003      0.0005
     37.9553   -117.4445      8.2973      0.8412      0.8329      0.0000      0.0000      0.0000     88.8182     60.0515      0.0000      0.0001     -0.0002      0.0004
     37.9516   -117.4445      9.0190      0.8413      0.8329      0.0000      0.0000      0.0000     88.8709     60.0545      0.0000      0.0001     -0.0002      0.0004
     37.9478   -117.4446      9.7406      0.8414      0.8329      0.0000      0.0000      0.0000     88.9269     60.0574      0.0000      0.0001     -0.0002      0.0004
     37.9441   -117.4446     10.4624      0.8415      0.8329      0.0000      0.0000      0.0000     88.9862     60.0603      0.0000      0.0001     -0.0002      0.0004
     37.9403   -117.4446     11.1841      0.8416      0.8329      0.0000      0.0000      0.0000     89.0488     60.0633      0.0000      0.0001     -0.0002      0.0004
     37.9366   -117.4447     11.9059      0.8418      0.8329      0.0000      0.0000      0.0000     89.1146     60.0662      0.0000      0.0001     -0.0002      0.0004
     37.9329   -117.4447     12.6277      0.8419      0.8329      0.0000      0.0000      0.0000     89.1837     60.0690      0.0000      0.0000     -0.0002      0.0004
     37.9291   -117.4447     13.3495      0.8420      0.8329      0.0000      0.0000      0.0000     89.2561     60.0719      0.0000      0.0000     -0.0002      0.0003
     37.9254   -117.4448     14.0714      0.8421      0.8329      0.0000      0.0000      0.0000     89.3317     60.0749      0.0000      0.0000     -0.0002      0.0003
     37.9216   -117.4448     14.7932      0.8422      0.8329      0.0000      0.0000      0.0000     89.4106     60.0778      0.0000      0.0000     -0.0002      0.0003
     37.9179   -117.4448     15.5151      0.8423      0.8329      0.0000      0.0000      0.0000     89.4928     60.0807      0.0000     -0.0000     -0.0002      0.0003
     37.9142   -117.4448     16.2371      0.8425      0.8329      0.0000      0.0000      0.0000     89.5782     60.0837      0.0000     -0.0000     -0.0002      0.0003
     37.9104   -117.4449     16.9590      0.8426      0.8329      0.0000      0.0000      0.0000     89.6669     60.0868      0.0000     -0.0000     -0.0002      0.0003
     37.9967   -117.4351      0.3610      0.7558      0.8333      0.0000      0.0000      0.0000     88.4599     60.0130      0.0000      0.0002     -0.0003      0.0006
     37.9929   -117.4351      1.0827      0.7560      0.8333      0.0000      0.0000      0.0000     88.4889     60.0116      0.0000      0.0002     -0.0003      0.0006
     37.9892   -117.4351      1.8044      0.7561      0.8334      0.0000      0.0000      0.0000     88.5236     60.0101      0.0000      0.0002     -0.0003      0.0006
     37.9854   -117.4352      2.5262      0.7562      0.8334      0.0000      0.0000      0.0000     88.5641     60.0084      0.0000      0.0002     -0.0003      0.0005
     37.9817   -117.4352      3.2479      0.7563      0.8334      0.0000      0.0000      0.0000     88.6103     60.0067      0.0000      0.0002     -0.0003      0.0005
     37.9779   -117.4352      3.9697      0.7564      0.8334      0.0000      0.0000      0.0000     88.6622     60.0049      0.0000      0.0002     -0.0003      0.0005
     37.9742   -117.4352      4.6914      0.7565      0.8334      0.0000      0.0000      0.0000     88.7198     60.0029      0.0000      0.0002     -0.0003      0.0005
     37.9704   -117.4353      5.4131      0.7566      0.8334      0.0000      0.0000      0.0000     88.7832     60.0009      0.0000      0.0002     -0.0003      0.0005
     37.9667   -117.4353      6.1348      0.7567      0.8334      0.0000      0.0000      0.0000     88.8523     59.9989      0.0000      0.0002     -0.0003      0.0005
     37.9629   -117.4353      6.8565      0.7568      0.8334      0.0000      0.0000      0.0000     88.9271     59.9967      0.0000      0.0002     -0.0002      0.0005
     37.9592   -117.4354      7.5782      0.7569      0.8334      0.0000      0.0000      0.0000     89.0076     59.9945      0.0000      0.0001     -0.0002      0.0004
     37.9554   -117.4354      8.2999      0.7570      0.8334      0.0000      0.0000      0.0000     89.0938     59.9923      0.0000      0.0001     -0.0002      0.0004
     37.9517   -117.4354      9.0215      0.7571      0.8334      0.0000      0.0000      0.0000     89.1857     59.9901      0.0000      0.0001     -0.0002      0.0004
     37.9479   -117.4355      9.7432      0.7572      0.8334      0.0000      0.0000      0.0000     89.2833     59.9878      0.0000      0.0001     -0.0002      0.0004
     37.9442   -117.4355     10.4648      0.7573      0.8334      0.0000      0.0000      0.0000     89.3867     59.9856      0.0000      0.0001     -0.0002      0.0004
     37.9404   -117.4355     11.1865      0.7574      0.8334      0.0000      0.0000      0.0000     89.4957     59.9833      0.0000      0.0001     -0.0002      0.0004
     37.9367   -117.4355     11.9081      0.7575      0.8334      0.0000      0.0000      0.0000     89.6104     59.9812      0.0000      0.0001     -0.0002      0.0004
     37.9329   -117.4356     12.6297      0.7576      0.8334      0.0000      0.0000      0.0000     89.7308     59.9791      0.0000      0.0001     -0.0002      0.0003
     37.9292   -117.4356     13.3513      0.7577      0.8334      0.0000      0.0000      0.0000     89.8570     59.9771      0.0000      0.0000     -0.0002      0.0003
     37.9254   -117.4356     14.0729      0.7578      0.8334      0.0000      0.0000      0.0000     89.9888     59.9752      0.0000      0.0000     -0.0002      0.0003
     37.9217   -117.4357     14.7945      0.7579      0.8334      0.0000      0.0000      0.0000     90.1262     59.9735      0.0000      0.0000     -0.0002      0.0003
     37.9179   -117.4357     15.5161      0.7580      0.8334      0.0000      0.0000      0.0000     90.2694     59.9719      0.0000     -0.0000     -0.0002      0.0003
     37.9142   -117.4357     16.2377      0.7581      0.8334      0.0000      0.0000      0.0000     90.4182     59.9705      0.0000     -0.0000     -0.0002      0.0003
     37.9104   -117.4357     16.9592      0.7583      0.8334      0.0000      0.0000      0.0000     90.5727     59.9694      0.0000     -0.0000     -0.0002      0.0003
